Using launch settings from Properties\launchSettings.json...
Building...
C:\Users\ADMIN\Downloads\cinema\cinema\CinemaBooking.API.csproj : warning NU1903: Package 'AutoMapper' 13.0.1 has a known high severity vulnerability, https://github.com/advisories/GHSA-rvv3-g6hj-g44x
C:\Users\ADMIN\Downloads\cinema\cinema\CinemaBooking.API.csproj : warning NU1903: Package 'AutoMapper' 13.0.1 has a known high severity vulnerability, https://github.com/advisories/GHSA-rvv3-g6hj-g44x
warn: Microsoft.EntityFrameworkCore.Model.Validation[10622]
      Entity 'Seat' has a global query filter defined and is the required end of a relationship with the entity 'BookingSeat'. This may lead to unexpected results when the required entity is filtered out. Either configure the navigation as optional, or define matching query filters for both entities in the navigation. See https://go.microsoft.com/fwlink/?linkid=2131316 for more information.
warn: Microsoft.EntityFrameworkCore.Model.Validation[10622]
      Entity 'Movie' has a global query filter defined and is the required end of a relationship with the entity 'MovieActor'. This may lead to unexpected results when the required entity is filtered out. Either configure the navigation as optional, or define matching query filters for both entities in the navigation. See https://go.microsoft.com/fwlink/?linkid=2131316 for more information.
warn: Microsoft.EntityFrameworkCore.Model.Validation[10622]
      Entity 'Review' has a global query filter defined and is the required end of a relationship with the entity 'ReviewDislike'. This may lead to unexpected results when the required entity is filtered out. Either configure the navigation as optional, or define matching query filters for both entities in the navigation. See https://go.microsoft.com/fwlink/?linkid=2131316 for more information.
warn: Microsoft.EntityFrameworkCore.Model.Validation[10622]
      Entity 'Review' has a global query filter defined and is the required end of a relationship with the entity 'ReviewLike'. This may lead to unexpected results when the required entity is filtered out. Either configure the navigation as optional, or define matching query filters for both entities in the navigation. See https://go.microsoft.com/fwlink/?linkid=2131316 for more information.
warn: Microsoft.EntityFrameworkCore.Model.Validation[10622]
      Entity 'Promotion' has a global query filter defined and is the required end of a relationship with the entity 'UserPromotion'. This may lead to unexpected results when the required entity is filtered out. Either configure the navigation as optional, or define matching query filters for both entities in the navigation. See https://go.microsoft.com/fwlink/?linkid=2131316 for more information.
warn: Microsoft.EntityFrameworkCore.Model.Validation[10622]
      Entity 'Hall' has a global query filter defined and is the required end of a relationship with the entity 'Showtime'. This may lead to unexpected results when the required entity is filtered out. Either configure the navigation as optional, or define matching query filters for both entities in the navigation. See https://go.microsoft.com/fwlink/?linkid=2131316 for more information.
info: Microsoft.EntityFrameworkCore.Database.Command[20101]
      Executed DbCommand (10ms) [Parameters=[], CommandType='Text', CommandTimeout='30']
      SELECT 1
info: Microsoft.EntityFrameworkCore.Database.Command[20101]
      Executed DbCommand (7ms) [Parameters=[], CommandType='Text', CommandTimeout='30']
      SELECT OBJECT_ID(N'[__EFMigrationsHistory]');
info: Microsoft.EntityFrameworkCore.Database.Command[20101]
      Executed DbCommand (2ms) [Parameters=[], CommandType='Text', CommandTimeout='30']
      SELECT [MigrationId], [ProductVersion]
      FROM [__EFMigrationsHistory]
      ORDER BY [MigrationId];
info: Microsoft.EntityFrameworkCore.Database.Command[20101]
      Executed DbCommand (2ms) [Parameters=[], CommandType='Text', CommandTimeout='30']
      SELECT [r].[ReviewId], [r].[Comment], [r].[CreatedAt], [r].[DeletedAt], [r].[DislikesCount], [r].[IsApproved], [r].[IsDeleted], [r].[IsVerifiedViewer], [r].[LikesCount], [r].[MovieId], [r].[Rating], [r].[Status], [r].[UpdatedAt], [r].[UserId]
      FROM [Reviews] AS [r]
      WHERE [r].[Status] = N''
info: Microsoft.EntityFrameworkCore.Database.Command[20101]
      Executed DbCommand (14ms) [Parameters=[@__typeName_0='?' (Size = 50)], CommandType='Text', CommandTimeout='30']
      SELECT CASE
          WHEN EXISTS (
              SELECT 1
              FROM [HallTypes] AS [h]
              WHERE [h].[TypeName] = @__typeName_0) THEN CAST(1 AS bit)
          ELSE CAST(0 AS bit)
      END
info: Microsoft.EntityFrameworkCore.Database.Command[20101]
      Executed DbCommand (0ms) [Parameters=[@__typeName_0='?' (Size = 50)], CommandType='Text', CommandTimeout='30']
      SELECT CASE
          WHEN EXISTS (
              SELECT 1
              FROM [HallTypes] AS [h]
              WHERE [h].[TypeName] = @__typeName_0) THEN CAST(1 AS bit)
          ELSE CAST(0 AS bit)
      END
info: Microsoft.EntityFrameworkCore.Database.Command[20101]
      Executed DbCommand (0ms) [Parameters=[@__typeName_0='?' (Size = 50)], CommandType='Text', CommandTimeout='30']
      SELECT CASE
          WHEN EXISTS (
              SELECT 1
              FROM [HallTypes] AS [h]
              WHERE [h].[TypeName] = @__typeName_0) THEN CAST(1 AS bit)
          ELSE CAST(0 AS bit)
      END
info: Microsoft.EntityFrameworkCore.Database.Command[20101]
      Executed DbCommand (0ms) [Parameters=[@__typeName_0='?' (Size = 50)], CommandType='Text', CommandTimeout='30']
      SELECT CASE
          WHEN EXISTS (
              SELECT 1
              FROM [HallTypes] AS [h]
              WHERE [h].[TypeName] = @__typeName_0) THEN CAST(1 AS bit)
          ELSE CAST(0 AS bit)
      END
info: Microsoft.EntityFrameworkCore.Database.Command[20101]
      Executed DbCommand (1ms) [Parameters=[@__fmt_FormatName_0='?' (Size = 4000)], CommandType='Text', CommandTimeout='30']
      SELECT CASE
          WHEN EXISTS (
              SELECT 1
              FROM [MovieFormats] AS [m]
              WHERE [m].[FormatName] = @__fmt_FormatName_0) THEN CAST(1 AS bit)
          ELSE CAST(0 AS bit)
      END
info: Microsoft.EntityFrameworkCore.Database.Command[20101]
      Executed DbCommand (0ms) [Parameters=[@__fmt_FormatName_0='?' (Size = 4000)], CommandType='Text', CommandTimeout='30']
      SELECT CASE
          WHEN EXISTS (
              SELECT 1
              FROM [MovieFormats] AS [m]
              WHERE [m].[FormatName] = @__fmt_FormatName_0) THEN CAST(1 AS bit)
          ELSE CAST(0 AS bit)
      END
info: Microsoft.EntityFrameworkCore.Database.Command[20101]
      Executed DbCommand (0ms) [Parameters=[@__fmt_FormatName_0='?' (Size = 4000)], CommandType='Text', CommandTimeout='30']
      SELECT CASE
          WHEN EXISTS (
              SELECT 1
              FROM [MovieFormats] AS [m]
              WHERE [m].[FormatName] = @__fmt_FormatName_0) THEN CAST(1 AS bit)
          ELSE CAST(0 AS bit)
      END
info: Microsoft.EntityFrameworkCore.Database.Command[20101]
      Executed DbCommand (2ms) [Parameters=[@__lng_LanguageName_0='?' (Size = 4000)], CommandType='Text', CommandTimeout='30']
      SELECT CASE
          WHEN EXISTS (
              SELECT 1
              FROM [Languages] AS [l]
              WHERE [l].[LanguageName] = @__lng_LanguageName_0) THEN CAST(1 AS bit)
          ELSE CAST(0 AS bit)
      END
info: Microsoft.EntityFrameworkCore.Database.Command[20101]
      Executed DbCommand (0ms) [Parameters=[@__lng_LanguageName_0='?' (Size = 4000)], CommandType='Text', CommandTimeout='30']
      SELECT CASE
          WHEN EXISTS (
              SELECT 1
              FROM [Languages] AS [l]
              WHERE [l].[LanguageName] = @__lng_LanguageName_0) THEN CAST(1 AS bit)
          ELSE CAST(0 AS bit)
      END
info: Microsoft.EntityFrameworkCore.Database.Command[20101]
      Executed DbCommand (0ms) [Parameters=[@__lng_LanguageName_0='?' (Size = 4000)], CommandType='Text', CommandTimeout='30']
      SELECT CASE
          WHEN EXISTS (
              SELECT 1
              FROM [Languages] AS [l]
              WHERE [l].[LanguageName] = @__lng_LanguageName_0) THEN CAST(1 AS bit)
          ELSE CAST(0 AS bit)
      END
info: Microsoft.EntityFrameworkCore.Database.Command[20101]
      Executed DbCommand (0ms) [Parameters=[@__lng_LanguageName_0='?' (Size = 4000)], CommandType='Text', CommandTimeout='30']
      SELECT CASE
          WHEN EXISTS (
              SELECT 1
              FROM [Languages] AS [l]
              WHERE [l].[LanguageName] = @__lng_LanguageName_0) THEN CAST(1 AS bit)
          ELSE CAST(0 AS bit)
      END
info: Microsoft.EntityFrameworkCore.Database.Command[20101]
      Executed DbCommand (0ms) [Parameters=[@__lng_LanguageName_0='?' (Size = 4000)], CommandType='Text', CommandTimeout='30']
      SELECT CASE
          WHEN EXISTS (
              SELECT 1
              FROM [Languages] AS [l]
              WHERE [l].[LanguageName] = @__lng_LanguageName_0) THEN CAST(1 AS bit)
          ELSE CAST(0 AS bit)
      END
info: Microsoft.EntityFrameworkCore.Database.Command[20101]
      Executed DbCommand (2ms) [Parameters=[@__sb_SubtitleTypeName_0='?' (Size = 4000)], CommandType='Text', CommandTimeout='30']
      SELECT CASE
          WHEN EXISTS (
              SELECT 1
              FROM [SubtitleTypes] AS [s]
              WHERE [s].[SubtitleTypeName] = @__sb_SubtitleTypeName_0) THEN CAST(1 AS bit)
          ELSE CAST(0 AS bit)
      END
info: Microsoft.EntityFrameworkCore.Database.Command[20101]
      Executed DbCommand (0ms) [Parameters=[@__sb_SubtitleTypeName_0='?' (Size = 4000)], CommandType='Text', CommandTimeout='30']
      SELECT CASE
          WHEN EXISTS (
              SELECT 1
              FROM [SubtitleTypes] AS [s]
              WHERE [s].[SubtitleTypeName] = @__sb_SubtitleTypeName_0) THEN CAST(1 AS bit)
          ELSE CAST(0 AS bit)
      END
info: Microsoft.EntityFrameworkCore.Database.Command[20101]
      Executed DbCommand (0ms) [Parameters=[@__sb_SubtitleTypeName_0='?' (Size = 4000)], CommandType='Text', CommandTimeout='30']
      SELECT CASE
          WHEN EXISTS (
              SELECT 1
              FROM [SubtitleTypes] AS [s]
              WHERE [s].[SubtitleTypeName] = @__sb_SubtitleTypeName_0) THEN CAST(1 AS bit)
          ELSE CAST(0 AS bit)
      END
info: Microsoft.EntityFrameworkCore.Database.Command[20101]
      Executed DbCommand (0ms) [Parameters=[@__sb_SubtitleTypeName_0='?' (Size = 4000)], CommandType='Text', CommandTimeout='30']
      SELECT CASE
          WHEN EXISTS (
              SELECT 1
              FROM [SubtitleTypes] AS [s]
              WHERE [s].[SubtitleTypeName] = @__sb_SubtitleTypeName_0) THEN CAST(1 AS bit)
          ELSE CAST(0 AS bit)
      END
info: Microsoft.EntityFrameworkCore.Database.Command[20101]
      Executed DbCommand (1ms) [Parameters=[@__rt_RatingCode_0='?' (Size = 4000)], CommandType='Text', CommandTimeout='30']
      SELECT CASE
          WHEN EXISTS (
              SELECT 1
              FROM [AgeRatings] AS [a]
              WHERE [a].[RatingCode] = @__rt_RatingCode_0) THEN CAST(1 AS bit)
          ELSE CAST(0 AS bit)
      END
info: Microsoft.EntityFrameworkCore.Database.Command[20101]
      Executed DbCommand (0ms) [Parameters=[@__rt_RatingCode_0='?' (Size = 4000)], CommandType='Text', CommandTimeout='30']
      SELECT CASE
          WHEN EXISTS (
              SELECT 1
              FROM [AgeRatings] AS [a]
              WHERE [a].[RatingCode] = @__rt_RatingCode_0) THEN CAST(1 AS bit)
          ELSE CAST(0 AS bit)
      END
info: Microsoft.EntityFrameworkCore.Database.Command[20101]
      Executed DbCommand (0ms) [Parameters=[@__rt_RatingCode_0='?' (Size = 4000)], CommandType='Text', CommandTimeout='30']
      SELECT CASE
          WHEN EXISTS (
              SELECT 1
              FROM [AgeRatings] AS [a]
              WHERE [a].[RatingCode] = @__rt_RatingCode_0) THEN CAST(1 AS bit)
          ELSE CAST(0 AS bit)
      END
info: Microsoft.EntityFrameworkCore.Database.Command[20101]
      Executed DbCommand (0ms) [Parameters=[@__rt_RatingCode_0='?' (Size = 4000)], CommandType='Text', CommandTimeout='30']
      SELECT CASE
          WHEN EXISTS (
              SELECT 1
              FROM [AgeRatings] AS [a]
              WHERE [a].[RatingCode] = @__rt_RatingCode_0) THEN CAST(1 AS bit)
          ELSE CAST(0 AS bit)
      END
info: Microsoft.EntityFrameworkCore.Database.Command[20101]
      Executed DbCommand (0ms) [Parameters=[@__rt_RatingCode_0='?' (Size = 4000)], CommandType='Text', CommandTimeout='30']
      SELECT CASE
          WHEN EXISTS (
              SELECT 1
              FROM [AgeRatings] AS [a]
              WHERE [a].[RatingCode] = @__rt_RatingCode_0) THEN CAST(1 AS bit)
          ELSE CAST(0 AS bit)
      END
info: Microsoft.EntityFrameworkCore.Database.Command[20101]
      Executed DbCommand (0ms) [Parameters=[@__rt_RatingCode_0='?' (Size = 4000)], CommandType='Text', CommandTimeout='30']
      SELECT CASE
          WHEN EXISTS (
              SELECT 1
              FROM [AgeRatings] AS [a]
              WHERE [a].[RatingCode] = @__rt_RatingCode_0) THEN CAST(1 AS bit)
          ELSE CAST(0 AS bit)
      END
info: Microsoft.EntityFrameworkCore.Database.Command[20101]
      Executed DbCommand (1ms) [Parameters=[], CommandType='Text', CommandTimeout='30']
      SELECT TOP(1) [h].[HallTypeId], [h].[CreatedAt], [h].[CreatedBy], [h].[DeletedAt], [h].[DeletedBy], [h].[Description], [h].[IsDeleted], [h].[LastModifiedAt], [h].[LastModifiedBy], [h].[TypeName]
      FROM [HallTypes] AS [h]
      WHERE [h].[TypeName] = N'Phòng chiếu 2D'
info: Microsoft.EntityFrameworkCore.Database.Command[20101]
      Executed DbCommand (1ms) [Parameters=[], CommandType='Text', CommandTimeout='30']
      SELECT TOP(1) [h].[HallTypeId], [h].[CreatedAt], [h].[CreatedBy], [h].[DeletedAt], [h].[DeletedBy], [h].[Description], [h].[IsDeleted], [h].[LastModifiedAt], [h].[LastModifiedBy], [h].[TypeName]
      FROM [HallTypes] AS [h]
      WHERE [h].[TypeName] = N'VIP'
info: Microsoft.EntityFrameworkCore.Database.Command[20101]
      Executed DbCommand (1ms) [Parameters=[], CommandType='Text', CommandTimeout='30']
      SELECT TOP(1) [h].[HallTypeId], [h].[CreatedAt], [h].[CreatedBy], [h].[DeletedAt], [h].[DeletedBy], [h].[Description], [h].[IsDeleted], [h].[LastModifiedAt], [h].[LastModifiedBy], [h].[TypeName]
      FROM [HallTypes] AS [h]
      WHERE [h].[TypeName] = N'IMAX'
info: Microsoft.EntityFrameworkCore.Database.Command[20101]
      Executed DbCommand (1ms) [Parameters=[], CommandType='Text', CommandTimeout='30']
      SELECT TOP(1) [h].[HallTypeId], [h].[CreatedAt], [h].[CreatedBy], [h].[DeletedAt], [h].[DeletedBy], [h].[Description], [h].[IsDeleted], [h].[LastModifiedAt], [h].[LastModifiedBy], [h].[TypeName]
      FROM [HallTypes] AS [h]
      WHERE [h].[TypeName] = N'Phòng chiếu 3D'
info: Microsoft.EntityFrameworkCore.Database.Command[20101]
      Executed DbCommand (1ms) [Parameters=[@__seatType_Item1_0='?' (Size = 50)], CommandType='Text', CommandTimeout='30']
      SELECT CASE
          WHEN EXISTS (
              SELECT 1
              FROM [SeatTypes] AS [s]
              WHERE [s].[TypeName] = @__seatType_Item1_0) THEN CAST(1 AS bit)
          ELSE CAST(0 AS bit)
      END
info: Microsoft.EntityFrameworkCore.Database.Command[20101]
      Executed DbCommand (0ms) [Parameters=[@__seatType_Item1_0='?' (Size = 50)], CommandType='Text', CommandTimeout='30']
      SELECT CASE
          WHEN EXISTS (
              SELECT 1
              FROM [SeatTypes] AS [s]
              WHERE [s].[TypeName] = @__seatType_Item1_0) THEN CAST(1 AS bit)
          ELSE CAST(0 AS bit)
      END
info: Microsoft.EntityFrameworkCore.Database.Command[20101]
      Executed DbCommand (0ms) [Parameters=[@__seatType_Item1_0='?' (Size = 50)], CommandType='Text', CommandTimeout='30']
      SELECT CASE
          WHEN EXISTS (
              SELECT 1
              FROM [SeatTypes] AS [s]
              WHERE [s].[TypeName] = @__seatType_Item1_0) THEN CAST(1 AS bit)
          ELSE CAST(0 AS bit)
      END
info: Microsoft.EntityFrameworkCore.Database.Command[20101]
      Executed DbCommand (1ms) [Parameters=[], CommandType='Text', CommandTimeout='30']
      SELECT TOP(1) [s].[SeatTypeId], [s].[CreatedAt], [s].[CreatedBy], [s].[DeletedAt], [s].[DeletedBy], [s].[Description], [s].[IsDeleted], [s].[LastModifiedAt], [s].[LastModifiedBy], [s].[PriceMultiplier], [s].[TypeName]
      FROM [SeatTypes] AS [s]
      WHERE [s].[TypeName] = N'Standard'
info: Microsoft.EntityFrameworkCore.Database.Command[20101]
      Executed DbCommand (1ms) [Parameters=[], CommandType='Text', CommandTimeout='30']
      SELECT TOP(1) [s].[SeatTypeId], [s].[CreatedAt], [s].[CreatedBy], [s].[DeletedAt], [s].[DeletedBy], [s].[Description], [s].[IsDeleted], [s].[LastModifiedAt], [s].[LastModifiedBy], [s].[PriceMultiplier], [s].[TypeName]
      FROM [SeatTypes] AS [s]
      WHERE [s].[TypeName] = N'VIP'
info: Microsoft.EntityFrameworkCore.Database.Command[20101]
      Executed DbCommand (1ms) [Parameters=[], CommandType='Text', CommandTimeout='30']
      SELECT TOP(1) [s].[SeatTypeId], [s].[CreatedAt], [s].[CreatedBy], [s].[DeletedAt], [s].[DeletedBy], [s].[Description], [s].[IsDeleted], [s].[LastModifiedAt], [s].[LastModifiedBy], [s].[PriceMultiplier], [s].[TypeName]
      FROM [SeatTypes] AS [s]
      WHERE [s].[TypeName] = N'Sweetbox'
info: Microsoft.EntityFrameworkCore.Database.Command[20101]
      Executed DbCommand (1ms) [Parameters=[], CommandType='Text', CommandTimeout='30']
      SELECT CASE
          WHEN EXISTS (
              SELECT 1
              FROM [Seats] AS [s]) THEN CAST(1 AS bit)
          ELSE CAST(0 AS bit)
      END
info: Microsoft.EntityFrameworkCore.Database.Command[20101]
      Executed DbCommand (1ms) [Parameters=[@__price_Item2_0='?' (Size = 4000)], CommandType='Text', CommandTimeout='30']
      SELECT CASE
          WHEN EXISTS (
              SELECT 1
              FROM [Prices] AS [p]
              WHERE [p].[TicketType] = @__price_Item2_0) THEN CAST(1 AS bit)
          ELSE CAST(0 AS bit)
      END
info: Microsoft.EntityFrameworkCore.Database.Command[20101]
      Executed DbCommand (0ms) [Parameters=[@__price_Item2_0='?' (Size = 4000)], CommandType='Text', CommandTimeout='30']
      SELECT CASE
          WHEN EXISTS (
              SELECT 1
              FROM [Prices] AS [p]
              WHERE [p].[TicketType] = @__price_Item2_0) THEN CAST(1 AS bit)
          ELSE CAST(0 AS bit)
      END
info: Microsoft.EntityFrameworkCore.Database.Command[20101]
      Executed DbCommand (0ms) [Parameters=[@__price_Item2_0='?' (Size = 4000)], CommandType='Text', CommandTimeout='30']
      SELECT CASE
          WHEN EXISTS (
              SELECT 1
              FROM [Prices] AS [p]
              WHERE [p].[TicketType] = @__price_Item2_0) THEN CAST(1 AS bit)
          ELSE CAST(0 AS bit)
      END
info: Microsoft.EntityFrameworkCore.Database.Command[20101]
      Executed DbCommand (0ms) [Parameters=[@__price_Item2_0='?' (Size = 4000)], CommandType='Text', CommandTimeout='30']
      SELECT CASE
          WHEN EXISTS (
              SELECT 1
              FROM [Prices] AS [p]
              WHERE [p].[TicketType] = @__price_Item2_0) THEN CAST(1 AS bit)
          ELSE CAST(0 AS bit)
      END
info: Microsoft.EntityFrameworkCore.Database.Command[20101]
      Executed DbCommand (0ms) [Parameters=[@__price_Item2_0='?' (Size = 4000)], CommandType='Text', CommandTimeout='30']
      SELECT CASE
          WHEN EXISTS (
              SELECT 1
              FROM [Prices] AS [p]
              WHERE [p].[TicketType] = @__price_Item2_0) THEN CAST(1 AS bit)
          ELSE CAST(0 AS bit)
      END
info: Microsoft.EntityFrameworkCore.Database.Command[20101]
      Executed DbCommand (0ms) [Parameters=[@__price_Item2_0='?' (Size = 4000)], CommandType='Text', CommandTimeout='30']
      SELECT CASE
          WHEN EXISTS (
              SELECT 1
              FROM [Prices] AS [p]
              WHERE [p].[TicketType] = @__price_Item2_0) THEN CAST(1 AS bit)
          ELSE CAST(0 AS bit)
      END
info: Microsoft.EntityFrameworkCore.Database.Command[20101]
      Executed DbCommand (0ms) [Parameters=[@__price_Item2_0='?' (Size = 4000)], CommandType='Text', CommandTimeout='30']
      SELECT CASE
          WHEN EXISTS (
              SELECT 1
              FROM [Prices] AS [p]
              WHERE [p].[TicketType] = @__price_Item2_0) THEN CAST(1 AS bit)
          ELSE CAST(0 AS bit)
      END
info: Microsoft.EntityFrameworkCore.Database.Command[20101]
      Executed DbCommand (1ms) [Parameters=[], CommandType='Text', CommandTimeout='30']
      SELECT CASE
          WHEN EXISTS (
              SELECT 1
              FROM [PricingRules] AS [p]) THEN CAST(1 AS bit)
          ELSE CAST(0 AS bit)
      END
info: Microsoft.EntityFrameworkCore.Database.Command[20101]
      Executed DbCommand (1ms) [Parameters=[], CommandType='Text', CommandTimeout='30']
      SELECT TOP(1) [p].[PriceId], [p].[TicketType], [p].[Value]
      FROM [Prices] AS [p]
      WHERE [p].[TicketType] = N'Standard Weekday'
info: Microsoft.EntityFrameworkCore.Database.Command[20101]
      Executed DbCommand (1ms) [Parameters=[], CommandType='Text', CommandTimeout='30']
      SELECT TOP(1) [m].[MovieFormatId], [m].[CreatedAt], [m].[CreatedBy], [m].[DeletedAt], [m].[DeletedBy], [m].[Description], [m].[FormatName], [m].[IsDeleted], [m].[LastModifiedAt], [m].[LastModifiedBy]
      FROM [MovieFormats] AS [m]
      WHERE [m].[FormatName] = N'2D'
info: Microsoft.EntityFrameworkCore.Database.Command[20101]
      Executed DbCommand (1ms) [Parameters=[], CommandType='Text', CommandTimeout='30']
      SELECT TOP(1) [m].[MovieFormatId], [m].[CreatedAt], [m].[CreatedBy], [m].[DeletedAt], [m].[DeletedBy], [m].[Description], [m].[FormatName], [m].[IsDeleted], [m].[LastModifiedAt], [m].[LastModifiedBy]
      FROM [MovieFormats] AS [m]
      WHERE [m].[FormatName] = N'3D'
info: Microsoft.EntityFrameworkCore.Database.Command[20101]
      Executed DbCommand (1ms) [Parameters=[], CommandType='Text', CommandTimeout='30']
      SELECT TOP(1) [m].[MovieFormatId], [m].[CreatedAt], [m].[CreatedBy], [m].[DeletedAt], [m].[DeletedBy], [m].[Description], [m].[FormatName], [m].[IsDeleted], [m].[LastModifiedAt], [m].[LastModifiedBy]
      FROM [MovieFormats] AS [m]
      WHERE [m].[FormatName] = N'IMAX'
info: Microsoft.EntityFrameworkCore.Database.Command[20101]
      Executed DbCommand (1ms) [Parameters=[], CommandType='Text', CommandTimeout='30']
      SELECT CASE
          WHEN EXISTS (
              SELECT 1
              FROM [Movies] AS [m]) THEN CAST(1 AS bit)
          ELSE CAST(0 AS bit)
      END
info: Microsoft.EntityFrameworkCore.Database.Command[20101]
      Executed DbCommand (1ms) [Parameters=[], CommandType='Text', CommandTimeout='30']
      SELECT TOP(1) [m].[MovieId], [m].[AgeRatingId], [m].[BannerUrl], [m].[CreatedAt], [m].[CreatedBy], [m].[DeletedAt], [m].[DeletedBy], [m].[Description], [m].[DirectorId], [m].[Duration], [m].[EndDate], [m].[GenreId], [m].[IsDeleted], [m].[IsFeatured], [m].[Language], [m].[LastModifiedAt], [m].[LastModifiedBy], [m].[PosterUrl], [m].[Rating], [m].[ReleaseDate], [m].[Slug], [m].[Status], [m].[Title], [m].[TrailerUrl]
      FROM [Movies] AS [m]
      WHERE [m].[Slug] = N'doctor-strange-multiverse-madness'
info: Microsoft.EntityFrameworkCore.Database.Command[20101]
      Executed DbCommand (1ms) [Parameters=[], CommandType='Text', CommandTimeout='30']
      SELECT TOP(1) [m].[MovieId], [m].[AgeRatingId], [m].[BannerUrl], [m].[CreatedAt], [m].[CreatedBy], [m].[DeletedAt], [m].[DeletedBy], [m].[Description], [m].[DirectorId], [m].[Duration], [m].[EndDate], [m].[GenreId], [m].[IsDeleted], [m].[IsFeatured], [m].[Language], [m].[LastModifiedAt], [m].[LastModifiedBy], [m].[PosterUrl], [m].[Rating], [m].[ReleaseDate], [m].[Slug], [m].[Status], [m].[Title], [m].[TrailerUrl]
      FROM [Movies] AS [m]
      WHERE [m].[Slug] = N'top-gun-maverick'
info: Microsoft.EntityFrameworkCore.Database.Command[20101]
      Executed DbCommand (1ms) [Parameters=[], CommandType='Text', CommandTimeout='30']
      SELECT CASE
          WHEN EXISTS (
              SELECT 1
              FROM [Showtimes] AS [s]) THEN CAST(1 AS bit)
          ELSE CAST(0 AS bit)
      END
info: Microsoft.EntityFrameworkCore.Database.Command[20101]
      Executed DbCommand (1ms) [Parameters=[], CommandType='Text', CommandTimeout='30']
      SELECT CASE
          WHEN EXISTS (
              SELECT 1
              FROM [Users] AS [u]) THEN CAST(1 AS bit)
          ELSE CAST(0 AS bit)
      END
info: Microsoft.EntityFrameworkCore.Database.Command[20101]
      Executed DbCommand (1ms) [Parameters=[], CommandType='Text', CommandTimeout='30']
      SELECT CASE
          WHEN EXISTS (
              SELECT 1
              FROM [Promotions] AS [p]) THEN CAST(1 AS bit)
          ELSE CAST(0 AS bit)
      END
info: CinemaBooking.API.BackgroundServices.BookingExpirationService[0]
      Booking Expiration Background Service is starting.
info: CinemaBooking.API.Services.Implementations.BookingService[0]
      Scanning for expired pending bookings created before 06/15/2026 07:17:57
info: Microsoft.EntityFrameworkCore.Database.Command[20101]
      Executed DbCommand (8ms) [Parameters=[@__threshold_0='?' (DbType = DateTime2)], CommandType='Text', CommandTimeout='30']
      SELECT [b].[BookingId], [b].[BookingCode], [b].[BookingStatus], [b].[CreatedAt], [b].[DiscountAmount], [b].[QRCodeUrl], [b].[RowVersion], [b].[ServiceFee], [b].[ShowtimeId], [b].[TotalAmount], [b].[UserId], [b0].[BookingSeatId], [b0].[BookingId], [b0].[SeatId], [b0].[UnitPrice]
      FROM [Bookings] AS [b]
      LEFT JOIN [BookingSeats] AS [b0] ON [b].[BookingId] = [b0].[BookingId]
      WHERE [b].[BookingStatus] = N'Pending' AND [b].[CreatedAt] < @__threshold_0
      ORDER BY [b].[BookingId]
info: CinemaBooking.API.Infrastructure.Outbox.OutboxProcessor[0]
      Outbox Processor background worker started.
info: Microsoft.EntityFrameworkCore.Database.Command[20101]
      Executed DbCommand (2ms) [Parameters=[@__p_0='?' (DbType = Int32)], CommandType='Text', CommandTimeout='30']
      SELECT TOP(@__p_0) [o].[Id], [o].[Error], [o].[EventName], [o].[OccurredOn], [o].[Payload], [o].[ProcessedOn]
      FROM [OutboxEvents] AS [o]
      WHERE [o].[ProcessedOn] IS NULL
      ORDER BY [o].[OccurredOn]
info: Microsoft.Hosting.Lifetime[14]
      Now listening on: http://localhost:5156
info: Microsoft.Hosting.Lifetime[0]
      Application started. Press Ctrl+C to shut down.
info: Microsoft.Hosting.Lifetime[0]
      Hosting environment: Development
info: Microsoft.Hosting.Lifetime[0]
      Content root path: C:\Users\ADMIN\Downloads\cinema\cinema
info: CinemaBooking.API.Middleware.RequestLoggingMiddleware[0]
      HTTP Request Started. Method: OPTIONS, Path: /api/bookings/7, QueryString: , CorrelationId: 597882d2-8128-4324-90d3-c9b2fb93d2b1
warn: Microsoft.AspNetCore.HttpsPolicy.HttpsRedirectionMiddleware[3]
      Failed to determine the https port for redirect.
info: CinemaBooking.API.Middleware.RequestLoggingMiddleware[0]
      HTTP Request Finished. Status: 204, Duration: 28ms, CorrelationId: 597882d2-8128-4324-90d3-c9b2fb93d2b1, TraceId: 0HNMALRM69NUP:00000001
info: CinemaBooking.API.Middleware.RequestLoggingMiddleware[0]
      HTTP Request Started. Method: GET, Path: /api/bookings/7, QueryString: , CorrelationId: 4276e637-7a63-435a-90c4-eb5024f43214
info: CinemaBooking.API.Services.Implementations.BookingService[0]
      Retrieving booking by ID: 7
info: Microsoft.EntityFrameworkCore.Database.Command[20101]
      Executed DbCommand (10ms) [Parameters=[@__id_0='?' (DbType = Int32)], CommandType='Text', CommandTimeout='30']
      SELECT [t2].[BookingId], [t2].[BookingCode], [t2].[BookingStatus], [t2].[CreatedAt], [t2].[DiscountAmount], [t2].[QRCodeUrl], [t2].[RowVersion], [t2].[ServiceFee], [t2].[ShowtimeId], [t2].[TotalAmount], [t2].[UserId], [t2].[UserId0], [t2].[AvatarUrl], [t2].[CreatedAt0], [t2].[DateOfBirth], [t2].[Email], [t2].[EmailVerificationToken], [t2].[FullName], [t2].[Gender], [t2].[IsActive], [t2].[IsEmailVerified], [t2].[IsPhoneVerified], [t2].[MembershipPoints], [t2].[PasswordHash], [t2].[PasswordResetToken], [t2].[PhoneNumber], [t2].[ResetTokenExpires], [t2].[ShowtimeId0], [t2].[MovieId0], [t2].[HallId0], [t2].[CinemaId0], [t3].[BookingSeatId], [t3].[BookingId], [t3].[SeatId], [t3].[UnitPrice], [t3].[SeatId0], [t3].[CreatedAt], [t3].[CreatedBy], [t3].[DeletedAt], [t3].[DeletedBy], [t3].[HallId], [t3].[IsDeleted], [t3].[LastModifiedAt], [t3].[LastModifiedBy], [t3].[SeatCode], [t3].[SeatTypeId], [t2].[CustomPrice], [t2].[EndTime], [t2].[HallId], [t2].[IsPriceOverride], [t2].[MovieId], [t2].[PriceId], [t2].[RowVersion0], [t2].[StartTime], [t2].[AgeRatingId], [t2].[BannerUrl], [t2].[CreatedAt1], [t2].[CreatedBy], [t2].[DeletedAt], [t2].[DeletedBy], [t2].[Description], [t2].[DirectorId], [t2].[Duration], [t2].[EndDate], [t2].[GenreId], [t2].[IsDeleted], [t2].[IsFeatured], [t2].[Language], [t2].[LastModifiedAt], [t2].[LastModifiedBy], [t2].[PosterUrl], [t2].[Rating], [t2].[ReleaseDate], [t2].[Slug], [t2].[Status], [t2].[Title], [t2].[TrailerUrl], [t2].[Capacity], [t2].[CinemaId], [t2].[CreatedAt2], [t2].[CreatedBy0], [t2].[DeletedAt0], [t2].[DeletedBy0], [t2].[Description0], [t2].[HallName], [t2].[HallTypeId], [t2].[IsDeleted0], [t2].[LastModifiedAt0], [t2].[LastModifiedBy0], [t2].[Address], [t2].[BannerUrl0], [t2].[CinemaName], [t2].[CityId], [t2].[ClosingTime], [t2].[CreatedAt3], [t2].[CreatedBy1], [t2].[DeletedAt1], [t2].[DeletedBy1], [t2].[Email0], [t2].[GalleryUrls], [t2].[GoogleMapsUrl], [t2].[ImageUrl], [t2].[IsDeleted1], [t2].[LastModifiedAt1], [t2].[LastModifiedBy1], [t2].[Latitude], [t2].[LogoUrl], [t2].[Longitude], [t2].[OpeningTime], [t2].[Phone], [t2].[Status0]
      FROM (
          SELECT TOP(1) [b].[BookingId], [b].[BookingCode], [b].[BookingStatus], [b].[CreatedAt], [b].[DiscountAmount], [b].[QRCodeUrl], [b].[RowVersion], [b].[ServiceFee], [b].[ShowtimeId], [b].[TotalAmount], [b].[UserId], [u].[UserId] AS [UserId0], [u].[AvatarUrl], [u].[CreatedAt] AS [CreatedAt0], [u].[DateOfBirth], [u].[Email], [u].[EmailVerificationToken], [u].[FullName], [u].[Gender], [u].[IsActive], [u].[IsEmailVerified], [u].[IsPhoneVerified], [u].[MembershipPoints], [u].[PasswordHash], [u].[PasswordResetToken], [u].[PhoneNumber], [u].[ResetTokenExpires], [s].[ShowtimeId] AS [ShowtimeId0], [s].[CustomPrice], [s].[EndTime], [s].[HallId], [s].[IsPriceOverride], [s].[MovieId], [s].[PriceId], [s].[RowVersion] AS [RowVersion0], [s].[StartTime], [t].[MovieId] AS [MovieId0], [t].[AgeRatingId], [t].[BannerUrl], [t].[CreatedAt] AS [CreatedAt1], [t].[CreatedBy], [t].[DeletedAt], [t].[DeletedBy], [t].[Description], [t].[DirectorId], [t].[Duration], [t].[EndDate], [t].[GenreId], [t].[IsDeleted], [t].[IsFeatured], [t].[Language], [t].[LastModifiedAt], [t].[LastModifiedBy], [t].[PosterUrl], [t].[Rating], [t].[ReleaseDate], [t].[Slug], [t].[Status], [t].[Title], [t].[TrailerUrl], [t0].[HallId] AS [HallId0], [t0].[Capacity], [t0].[CinemaId], [t0].[CreatedAt] AS [CreatedAt2], [t0].[CreatedBy] AS [CreatedBy0], [t0].[DeletedAt] AS [DeletedAt0], [t0].[DeletedBy] AS [DeletedBy0], [t0].[Description] AS [Description0], [t0].[HallName], [t0].[HallTypeId], [t0].[IsDeleted] AS [IsDeleted0], [t0].[LastModifiedAt] AS [LastModifiedAt0], [t0].[LastModifiedBy] AS [LastModifiedBy0], [t1].[CinemaId] AS [CinemaId0], [t1].[Address], [t1].[BannerUrl] AS [BannerUrl0], [t1].[CinemaName], [t1].[CityId], [t1].[ClosingTime], [t1].[CreatedAt] AS [CreatedAt3], [t1].[CreatedBy] AS [CreatedBy1], [t1].[DeletedAt] AS [DeletedAt1], [t1].[DeletedBy] AS [DeletedBy1], [t1].[Email] AS [Email0], [t1].[GalleryUrls], [t1].[GoogleMapsUrl], [t1].[ImageUrl], [t1].[IsDeleted] AS [IsDeleted1], [t1].[LastModifiedAt] AS [LastModifiedAt1], [t1].[LastModifiedBy] AS [LastModifiedBy1], [t1].[Latitude], [t1].[LogoUrl], [t1].[Longitude], [t1].[OpeningTime], [t1].[Phone], [t1].[Status] AS [Status0]
          FROM [Bookings] AS [b]
          INNER JOIN [Users] AS [u] ON [b].[UserId] = [u].[UserId]
          INNER JOIN [Showtimes] AS [s] ON [b].[ShowtimeId] = [s].[ShowtimeId]
          INNER JOIN (
              SELECT [m].[MovieId], [m].[AgeRatingId], [m].[BannerUrl], [m].[CreatedAt], [m].[CreatedBy], [m].[DeletedAt], [m].[DeletedBy], [m].[Description], [m].[DirectorId], [m].[Duration], [m].[EndDate], [m].[GenreId], [m].[IsDeleted], [m].[IsFeatured], [m].[Language], [m].[LastModifiedAt], [m].[LastModifiedBy], [m].[PosterUrl], [m].[Rating], [m].[ReleaseDate], [m].[Slug], [m].[Status], [m].[Title], [m].[TrailerUrl]
              FROM [Movies] AS [m]
              WHERE [m].[IsDeleted] = CAST(0 AS bit)
          ) AS [t] ON [s].[MovieId] = [t].[MovieId]
          INNER JOIN (
              SELECT [h].[HallId], [h].[Capacity], [h].[CinemaId], [h].[CreatedAt], [h].[CreatedBy], [h].[DeletedAt], [h].[DeletedBy], [h].[Description], [h].[HallName], [h].[HallTypeId], [h].[IsDeleted], [h].[LastModifiedAt], [h].[LastModifiedBy]
              FROM [Halls] AS [h]
              WHERE [h].[IsDeleted] = CAST(0 AS bit)
          ) AS [t0] ON [s].[HallId] = [t0].[HallId]
          INNER JOIN (
              SELECT [c].[CinemaId], [c].[Address], [c].[BannerUrl], [c].[CinemaName], [c].[CityId], [c].[ClosingTime], [c].[CreatedAt], [c].[CreatedBy], [c].[DeletedAt], [c].[DeletedBy], [c].[Email], [c].[GalleryUrls], [c].[GoogleMapsUrl], [c].[ImageUrl], [c].[IsDeleted], [c].[LastModifiedAt], [c].[LastModifiedBy], [c].[Latitude], [c].[LogoUrl], [c].[Longitude], [c].[OpeningTime], [c].[Phone], [c].[Status]
              FROM [Cinemas] AS [c]
              WHERE [c].[IsDeleted] = CAST(0 AS bit)
          ) AS [t1] ON [t0].[CinemaId] = [t1].[CinemaId]
          WHERE [b].[BookingId] = @__id_0
      ) AS [t2]
      LEFT JOIN (
          SELECT [b0].[BookingSeatId], [b0].[BookingId], [b0].[SeatId], [b0].[UnitPrice], [t4].[SeatId] AS [SeatId0], [t4].[CreatedAt], [t4].[CreatedBy], [t4].[DeletedAt], [t4].[DeletedBy], [t4].[HallId], [t4].[IsDeleted], [t4].[LastModifiedAt], [t4].[LastModifiedBy], [t4].[SeatCode], [t4].[SeatTypeId]
          FROM [BookingSeats] AS [b0]
          INNER JOIN (
              SELECT [s0].[SeatId], [s0].[CreatedAt], [s0].[CreatedBy], [s0].[DeletedAt], [s0].[DeletedBy], [s0].[HallId], [s0].[IsDeleted], [s0].[LastModifiedAt], [s0].[LastModifiedBy], [s0].[SeatCode], [s0].[SeatTypeId]
              FROM [Seats] AS [s0]
              WHERE [s0].[IsDeleted] = CAST(0 AS bit)
          ) AS [t4] ON [b0].[SeatId] = [t4].[SeatId]
      ) AS [t3] ON [t2].[BookingId] = [t3].[BookingId]
      ORDER BY [t2].[BookingId], [t2].[UserId0], [t2].[ShowtimeId0], [t2].[MovieId0], [t2].[HallId0], [t2].[CinemaId0], [t3].[BookingSeatId]
info: CinemaBooking.API.Middleware.RequestLoggingMiddleware[0]
      HTTP Request Finished. Status: 200, Duration: 178ms, CorrelationId: 4276e637-7a63-435a-90c4-eb5024f43214, TraceId: 0HNMALRM69NUP:00000002
info: Microsoft.EntityFrameworkCore.Database.Command[20101]
      Executed DbCommand (1ms) [Parameters=[@__p_0='?' (DbType = Int32)], CommandType='Text', CommandTimeout='30']
      SELECT TOP(@__p_0) [o].[Id], [o].[Error], [o].[EventName], [o].[OccurredOn], [o].[Payload], [o].[ProcessedOn]
      FROM [OutboxEvents] AS [o]
      WHERE [o].[ProcessedOn] IS NULL
      ORDER BY [o].[OccurredOn]
info: CinemaBooking.API.Middleware.RequestLoggingMiddleware[0]
      HTTP Request Started. Method: OPTIONS, Path: /hub/notifications/negotiate, QueryString: ?negotiateVersion=1, CorrelationId: bcd7f1c9-fc26-4a1b-a9f7-8f4f830b6067
info: CinemaBooking.API.Middleware.RequestLoggingMiddleware[0]
      HTTP Request Finished. Status: 204, Duration: 1ms, CorrelationId: bcd7f1c9-fc26-4a1b-a9f7-8f4f830b6067, TraceId: 0HNMALRM69NUP:00000003
info: CinemaBooking.API.Middleware.RequestLoggingMiddleware[0]
      HTTP Request Started. Method: POST, Path: /hub/notifications/negotiate, QueryString: ?negotiateVersion=1, CorrelationId: 33cd533d-bbd6-4ab3-abb3-a13f4d9f74f7
info: CinemaBooking.API.Middleware.RequestLoggingMiddleware[0]
      HTTP Request Finished. Status: 200, Duration: 8ms, CorrelationId: 33cd533d-bbd6-4ab3-abb3-a13f4d9f74f7, TraceId: 0HNMALRM69NUR:00000001
info: CinemaBooking.API.Middleware.RequestLoggingMiddleware[0]
      HTTP Request Started. Method: GET, Path: /hub/notifications, QueryString: ?id=TVKWJ2o2p7bs2Mo-LVS8XA&access_token=eyJhbGciOiJIUzI1NiIsInR5cCI6IkpXVCJ9.eyJuYW1laWQiOiIxMDI1IiwiZW1haWwiOiJhZG1pbkBnbWFpbC5jb20iLCJ1bmlxdWVfbmFtZSI6IlF14bqjbiBUcuG7iyBWacOqbiIsInJvbGUiOiJBZG1pbiIsIm5iZiI6MTc4MTUwODE2MCwiZXhwIjoxNzgxNTA5MDYwLCJpYXQiOjE3ODE1MDgxNjAsImlzcyI6IkNpbmVtYUJvb2tpbmdBUEkiLCJhdWQiOiJDaW5lbWFCb29raW5nVXNlcnMifQ.8ASU6RkCHzbmFPwbVvb6bC3YmcrnEk5bKorMeYUxuW4, CorrelationId: 430b23e2-3d02-4846-9762-9d124f3234ea
info: Microsoft.EntityFrameworkCore.Database.Command[20101]
      Executed DbCommand (0ms) [Parameters=[@__p_0='?' (DbType = Int32)], CommandType='Text', CommandTimeout='30']
      SELECT TOP(@__p_0) [o].[Id], [o].[Error], [o].[EventName], [o].[OccurredOn], [o].[Payload], [o].[ProcessedOn]
      FROM [OutboxEvents] AS [o]
      WHERE [o].[ProcessedOn] IS NULL
      ORDER BY [o].[OccurredOn]
info: Microsoft.EntityFrameworkCore.Database.Command[20101]
      Executed DbCommand (1ms) [Parameters=[@__p_0='?' (DbType = Int32)], CommandType='Text', CommandTimeout='30']
      SELECT TOP(@__p_0) [o].[Id], [o].[Error], [o].[EventName], [o].[OccurredOn], [o].[Payload], [o].[ProcessedOn]
      FROM [OutboxEvents] AS [o]
      WHERE [o].[ProcessedOn] IS NULL
      ORDER BY [o].[OccurredOn]
info: CinemaBooking.API.Middleware.RequestLoggingMiddleware[0]
      HTTP Request Started. Method: GET, Path: /api/bookings/7, QueryString: , CorrelationId: 19fa4be1-8197-4613-873c-e6948b6877f1
info: CinemaBooking.API.Services.Implementations.BookingService[0]
      Retrieving booking by ID: 7
info: Microsoft.EntityFrameworkCore.Database.Command[20101]
      Executed DbCommand (1ms) [Parameters=[@__id_0='?' (DbType = Int32)], CommandType='Text', CommandTimeout='30']
      SELECT [t2].[BookingId], [t2].[BookingCode], [t2].[BookingStatus], [t2].[CreatedAt], [t2].[DiscountAmount], [t2].[QRCodeUrl], [t2].[RowVersion], [t2].[ServiceFee], [t2].[ShowtimeId], [t2].[TotalAmount], [t2].[UserId], [t2].[UserId0], [t2].[AvatarUrl], [t2].[CreatedAt0], [t2].[DateOfBirth], [t2].[Email], [t2].[EmailVerificationToken], [t2].[FullName], [t2].[Gender], [t2].[IsActive], [t2].[IsEmailVerified], [t2].[IsPhoneVerified], [t2].[MembershipPoints], [t2].[PasswordHash], [t2].[PasswordResetToken], [t2].[PhoneNumber], [t2].[ResetTokenExpires], [t2].[ShowtimeId0], [t2].[MovieId0], [t2].[HallId0], [t2].[CinemaId0], [t3].[BookingSeatId], [t3].[BookingId], [t3].[SeatId], [t3].[UnitPrice], [t3].[SeatId0], [t3].[CreatedAt], [t3].[CreatedBy], [t3].[DeletedAt], [t3].[DeletedBy], [t3].[HallId], [t3].[IsDeleted], [t3].[LastModifiedAt], [t3].[LastModifiedBy], [t3].[SeatCode], [t3].[SeatTypeId], [t2].[CustomPrice], [t2].[EndTime], [t2].[HallId], [t2].[IsPriceOverride], [t2].[MovieId], [t2].[PriceId], [t2].[RowVersion0], [t2].[StartTime], [t2].[AgeRatingId], [t2].[BannerUrl], [t2].[CreatedAt1], [t2].[CreatedBy], [t2].[DeletedAt], [t2].[DeletedBy], [t2].[Description], [t2].[DirectorId], [t2].[Duration], [t2].[EndDate], [t2].[GenreId], [t2].[IsDeleted], [t2].[IsFeatured], [t2].[Language], [t2].[LastModifiedAt], [t2].[LastModifiedBy], [t2].[PosterUrl], [t2].[Rating], [t2].[ReleaseDate], [t2].[Slug], [t2].[Status], [t2].[Title], [t2].[TrailerUrl], [t2].[Capacity], [t2].[CinemaId], [t2].[CreatedAt2], [t2].[CreatedBy0], [t2].[DeletedAt0], [t2].[DeletedBy0], [t2].[Description0], [t2].[HallName], [t2].[HallTypeId], [t2].[IsDeleted0], [t2].[LastModifiedAt0], [t2].[LastModifiedBy0], [t2].[Address], [t2].[BannerUrl0], [t2].[CinemaName], [t2].[CityId], [t2].[ClosingTime], [t2].[CreatedAt3], [t2].[CreatedBy1], [t2].[DeletedAt1], [t2].[DeletedBy1], [t2].[Email0], [t2].[GalleryUrls], [t2].[GoogleMapsUrl], [t2].[ImageUrl], [t2].[IsDeleted1], [t2].[LastModifiedAt1], [t2].[LastModifiedBy1], [t2].[Latitude], [t2].[LogoUrl], [t2].[Longitude], [t2].[OpeningTime], [t2].[Phone], [t2].[Status0]
      FROM (
          SELECT TOP(1) [b].[BookingId], [b].[BookingCode], [b].[BookingStatus], [b].[CreatedAt], [b].[DiscountAmount], [b].[QRCodeUrl], [b].[RowVersion], [b].[ServiceFee], [b].[ShowtimeId], [b].[TotalAmount], [b].[UserId], [u].[UserId] AS [UserId0], [u].[AvatarUrl], [u].[CreatedAt] AS [CreatedAt0], [u].[DateOfBirth], [u].[Email], [u].[EmailVerificationToken], [u].[FullName], [u].[Gender], [u].[IsActive], [u].[IsEmailVerified], [u].[IsPhoneVerified], [u].[MembershipPoints], [u].[PasswordHash], [u].[PasswordResetToken], [u].[PhoneNumber], [u].[ResetTokenExpires], [s].[ShowtimeId] AS [ShowtimeId0], [s].[CustomPrice], [s].[EndTime], [s].[HallId], [s].[IsPriceOverride], [s].[MovieId], [s].[PriceId], [s].[RowVersion] AS [RowVersion0], [s].[StartTime], [t].[MovieId] AS [MovieId0], [t].[AgeRatingId], [t].[BannerUrl], [t].[CreatedAt] AS [CreatedAt1], [t].[CreatedBy], [t].[DeletedAt], [t].[DeletedBy], [t].[Description], [t].[DirectorId], [t].[Duration], [t].[EndDate], [t].[GenreId], [t].[IsDeleted], [t].[IsFeatured], [t].[Language], [t].[LastModifiedAt], [t].[LastModifiedBy], [t].[PosterUrl], [t].[Rating], [t].[ReleaseDate], [t].[Slug], [t].[Status], [t].[Title], [t].[TrailerUrl], [t0].[HallId] AS [HallId0], [t0].[Capacity], [t0].[CinemaId], [t0].[CreatedAt] AS [CreatedAt2], [t0].[CreatedBy] AS [CreatedBy0], [t0].[DeletedAt] AS [DeletedAt0], [t0].[DeletedBy] AS [DeletedBy0], [t0].[Description] AS [Description0], [t0].[HallName], [t0].[HallTypeId], [t0].[IsDeleted] AS [IsDeleted0], [t0].[LastModifiedAt] AS [LastModifiedAt0], [t0].[LastModifiedBy] AS [LastModifiedBy0], [t1].[CinemaId] AS [CinemaId0], [t1].[Address], [t1].[BannerUrl] AS [BannerUrl0], [t1].[CinemaName], [t1].[CityId], [t1].[ClosingTime], [t1].[CreatedAt] AS [CreatedAt3], [t1].[CreatedBy] AS [CreatedBy1], [t1].[DeletedAt] AS [DeletedAt1], [t1].[DeletedBy] AS [DeletedBy1], [t1].[Email] AS [Email0], [t1].[GalleryUrls], [t1].[GoogleMapsUrl], [t1].[ImageUrl], [t1].[IsDeleted] AS [IsDeleted1], [t1].[LastModifiedAt] AS [LastModifiedAt1], [t1].[LastModifiedBy] AS [LastModifiedBy1], [t1].[Latitude], [t1].[LogoUrl], [t1].[Longitude], [t1].[OpeningTime], [t1].[Phone], [t1].[Status] AS [Status0]
          FROM [Bookings] AS [b]
          INNER JOIN [Users] AS [u] ON [b].[UserId] = [u].[UserId]
          INNER JOIN [Showtimes] AS [s] ON [b].[ShowtimeId] = [s].[ShowtimeId]
          INNER JOIN (
              SELECT [m].[MovieId], [m].[AgeRatingId], [m].[BannerUrl], [m].[CreatedAt], [m].[CreatedBy], [m].[DeletedAt], [m].[DeletedBy], [m].[Description], [m].[DirectorId], [m].[Duration], [m].[EndDate], [m].[GenreId], [m].[IsDeleted], [m].[IsFeatured], [m].[Language], [m].[LastModifiedAt], [m].[LastModifiedBy], [m].[PosterUrl], [m].[Rating], [m].[ReleaseDate], [m].[Slug], [m].[Status], [m].[Title], [m].[TrailerUrl]
              FROM [Movies] AS [m]
              WHERE [m].[IsDeleted] = CAST(0 AS bit)
          ) AS [t] ON [s].[MovieId] = [t].[MovieId]
          INNER JOIN (
              SELECT [h].[HallId], [h].[Capacity], [h].[CinemaId], [h].[CreatedAt], [h].[CreatedBy], [h].[DeletedAt], [h].[DeletedBy], [h].[Description], [h].[HallName], [h].[HallTypeId], [h].[IsDeleted], [h].[LastModifiedAt], [h].[LastModifiedBy]
              FROM [Halls] AS [h]
              WHERE [h].[IsDeleted] = CAST(0 AS bit)
          ) AS [t0] ON [s].[HallId] = [t0].[HallId]
          INNER JOIN (
              SELECT [c].[CinemaId], [c].[Address], [c].[BannerUrl], [c].[CinemaName], [c].[CityId], [c].[ClosingTime], [c].[CreatedAt], [c].[CreatedBy], [c].[DeletedAt], [c].[DeletedBy], [c].[Email], [c].[GalleryUrls], [c].[GoogleMapsUrl], [c].[ImageUrl], [c].[IsDeleted], [c].[LastModifiedAt], [c].[LastModifiedBy], [c].[Latitude], [c].[LogoUrl], [c].[Longitude], [c].[OpeningTime], [c].[Phone], [c].[Status]
              FROM [Cinemas] AS [c]
              WHERE [c].[IsDeleted] = CAST(0 AS bit)
          ) AS [t1] ON [t0].[CinemaId] = [t1].[CinemaId]
          WHERE [b].[BookingId] = @__id_0
      ) AS [t2]
      LEFT JOIN (
          SELECT [b0].[BookingSeatId], [b0].[BookingId], [b0].[SeatId], [b0].[UnitPrice], [t4].[SeatId] AS [SeatId0], [t4].[CreatedAt], [t4].[CreatedBy], [t4].[DeletedAt], [t4].[DeletedBy], [t4].[HallId], [t4].[IsDeleted], [t4].[LastModifiedAt], [t4].[LastModifiedBy], [t4].[SeatCode], [t4].[SeatTypeId]
          FROM [BookingSeats] AS [b0]
          INNER JOIN (
              SELECT [s0].[SeatId], [s0].[CreatedAt], [s0].[CreatedBy], [s0].[DeletedAt], [s0].[DeletedBy], [s0].[HallId], [s0].[IsDeleted], [s0].[LastModifiedAt], [s0].[LastModifiedBy], [s0].[SeatCode], [s0].[SeatTypeId]
              FROM [Seats] AS [s0]
              WHERE [s0].[IsDeleted] = CAST(0 AS bit)
          ) AS [t4] ON [b0].[SeatId] = [t4].[SeatId]
      ) AS [t3] ON [t2].[BookingId] = [t3].[BookingId]
      ORDER BY [t2].[BookingId], [t2].[UserId0], [t2].[ShowtimeId0], [t2].[MovieId0], [t2].[HallId0], [t2].[CinemaId0], [t3].[BookingSeatId]
info: CinemaBooking.API.Middleware.RequestLoggingMiddleware[0]
      HTTP Request Finished. Status: 200, Duration: 12ms, CorrelationId: 19fa4be1-8197-4613-873c-e6948b6877f1, TraceId: 0HNMALRM69NUP:00000004
info: Microsoft.EntityFrameworkCore.Database.Command[20101]
      Executed DbCommand (1ms) [Parameters=[@__p_0='?' (DbType = Int32)], CommandType='Text', CommandTimeout='30']
      SELECT TOP(@__p_0) [o].[Id], [o].[Error], [o].[EventName], [o].[OccurredOn], [o].[Payload], [o].[ProcessedOn]
      FROM [OutboxEvents] AS [o]
      WHERE [o].[ProcessedOn] IS NULL
      ORDER BY [o].[OccurredOn]
info: Microsoft.EntityFrameworkCore.Database.Command[20101]
      Executed DbCommand (0ms) [Parameters=[@__p_0='?' (DbType = Int32)], CommandType='Text', CommandTimeout='30']
      SELECT TOP(@__p_0) [o].[Id], [o].[Error], [o].[EventName], [o].[OccurredOn], [o].[Payload], [o].[ProcessedOn]
      FROM [OutboxEvents] AS [o]
      WHERE [o].[ProcessedOn] IS NULL
      ORDER BY [o].[OccurredOn]
info: Microsoft.EntityFrameworkCore.Database.Command[20101]
      Executed DbCommand (1ms) [Parameters=[@__p_0='?' (DbType = Int32)], CommandType='Text', CommandTimeout='30']
      SELECT TOP(@__p_0) [o].[Id], [o].[Error], [o].[EventName], [o].[OccurredOn], [o].[Payload], [o].[ProcessedOn]
      FROM [OutboxEvents] AS [o]
      WHERE [o].[ProcessedOn] IS NULL
      ORDER BY [o].[OccurredOn]
info: Microsoft.EntityFrameworkCore.Database.Command[20101]
      Executed DbCommand (1ms) [Parameters=[@__p_0='?' (DbType = Int32)], CommandType='Text', CommandTimeout='30']
      SELECT TOP(@__p_0) [o].[Id], [o].[Error], [o].[EventName], [o].[OccurredOn], [o].[Payload], [o].[ProcessedOn]
      FROM [OutboxEvents] AS [o]
      WHERE [o].[ProcessedOn] IS NULL
      ORDER BY [o].[OccurredOn]
info: CinemaBooking.API.Middleware.RequestLoggingMiddleware[0]
      HTTP Request Started. Method: OPTIONS, Path: /api/bookings/7, QueryString: , CorrelationId: 47753524-3c53-485b-973f-1b806756ce3f
info: CinemaBooking.API.Middleware.RequestLoggingMiddleware[0]
      HTTP Request Finished. Status: 204, Duration: 0ms, CorrelationId: 47753524-3c53-485b-973f-1b806756ce3f, TraceId: 0HNMALRM69NUP:00000005
info: CinemaBooking.API.Middleware.RequestLoggingMiddleware[0]
      HTTP Request Started. Method: GET, Path: /api/bookings/7, QueryString: , CorrelationId: 01d1744d-360c-4043-baca-f334dabe17ef
info: CinemaBooking.API.Services.Implementations.BookingService[0]
      Retrieving booking by ID: 7
info: Microsoft.EntityFrameworkCore.Database.Command[20101]
      Executed DbCommand (2ms) [Parameters=[@__id_0='?' (DbType = Int32)], CommandType='Text', CommandTimeout='30']
      SELECT [t2].[BookingId], [t2].[BookingCode], [t2].[BookingStatus], [t2].[CreatedAt], [t2].[DiscountAmount], [t2].[QRCodeUrl], [t2].[RowVersion], [t2].[ServiceFee], [t2].[ShowtimeId], [t2].[TotalAmount], [t2].[UserId], [t2].[UserId0], [t2].[AvatarUrl], [t2].[CreatedAt0], [t2].[DateOfBirth], [t2].[Email], [t2].[EmailVerificationToken], [t2].[FullName], [t2].[Gender], [t2].[IsActive], [t2].[IsEmailVerified], [t2].[IsPhoneVerified], [t2].[MembershipPoints], [t2].[PasswordHash], [t2].[PasswordResetToken], [t2].[PhoneNumber], [t2].[ResetTokenExpires], [t2].[ShowtimeId0], [t2].[MovieId0], [t2].[HallId0], [t2].[CinemaId0], [t3].[BookingSeatId], [t3].[BookingId], [t3].[SeatId], [t3].[UnitPrice], [t3].[SeatId0], [t3].[CreatedAt], [t3].[CreatedBy], [t3].[DeletedAt], [t3].[DeletedBy], [t3].[HallId], [t3].[IsDeleted], [t3].[LastModifiedAt], [t3].[LastModifiedBy], [t3].[SeatCode], [t3].[SeatTypeId], [t2].[CustomPrice], [t2].[EndTime], [t2].[HallId], [t2].[IsPriceOverride], [t2].[MovieId], [t2].[PriceId], [t2].[RowVersion0], [t2].[StartTime], [t2].[AgeRatingId], [t2].[BannerUrl], [t2].[CreatedAt1], [t2].[CreatedBy], [t2].[DeletedAt], [t2].[DeletedBy], [t2].[Description], [t2].[DirectorId], [t2].[Duration], [t2].[EndDate], [t2].[GenreId], [t2].[IsDeleted], [t2].[IsFeatured], [t2].[Language], [t2].[LastModifiedAt], [t2].[LastModifiedBy], [t2].[PosterUrl], [t2].[Rating], [t2].[ReleaseDate], [t2].[Slug], [t2].[Status], [t2].[Title], [t2].[TrailerUrl], [t2].[Capacity], [t2].[CinemaId], [t2].[CreatedAt2], [t2].[CreatedBy0], [t2].[DeletedAt0], [t2].[DeletedBy0], [t2].[Description0], [t2].[HallName], [t2].[HallTypeId], [t2].[IsDeleted0], [t2].[LastModifiedAt0], [t2].[LastModifiedBy0], [t2].[Address], [t2].[BannerUrl0], [t2].[CinemaName], [t2].[CityId], [t2].[ClosingTime], [t2].[CreatedAt3], [t2].[CreatedBy1], [t2].[DeletedAt1], [t2].[DeletedBy1], [t2].[Email0], [t2].[GalleryUrls], [t2].[GoogleMapsUrl], [t2].[ImageUrl], [t2].[IsDeleted1], [t2].[LastModifiedAt1], [t2].[LastModifiedBy1], [t2].[Latitude], [t2].[LogoUrl], [t2].[Longitude], [t2].[OpeningTime], [t2].[Phone], [t2].[Status0]
      FROM (
          SELECT TOP(1) [b].[BookingId], [b].[BookingCode], [b].[BookingStatus], [b].[CreatedAt], [b].[DiscountAmount], [b].[QRCodeUrl], [b].[RowVersion], [b].[ServiceFee], [b].[ShowtimeId], [b].[TotalAmount], [b].[UserId], [u].[UserId] AS [UserId0], [u].[AvatarUrl], [u].[CreatedAt] AS [CreatedAt0], [u].[DateOfBirth], [u].[Email], [u].[EmailVerificationToken], [u].[FullName], [u].[Gender], [u].[IsActive], [u].[IsEmailVerified], [u].[IsPhoneVerified], [u].[MembershipPoints], [u].[PasswordHash], [u].[PasswordResetToken], [u].[PhoneNumber], [u].[ResetTokenExpires], [s].[ShowtimeId] AS [ShowtimeId0], [s].[CustomPrice], [s].[EndTime], [s].[HallId], [s].[IsPriceOverride], [s].[MovieId], [s].[PriceId], [s].[RowVersion] AS [RowVersion0], [s].[StartTime], [t].[MovieId] AS [MovieId0], [t].[AgeRatingId], [t].[BannerUrl], [t].[CreatedAt] AS [CreatedAt1], [t].[CreatedBy], [t].[DeletedAt], [t].[DeletedBy], [t].[Description], [t].[DirectorId], [t].[Duration], [t].[EndDate], [t].[GenreId], [t].[IsDeleted], [t].[IsFeatured], [t].[Language], [t].[LastModifiedAt], [t].[LastModifiedBy], [t].[PosterUrl], [t].[Rating], [t].[ReleaseDate], [t].[Slug], [t].[Status], [t].[Title], [t].[TrailerUrl], [t0].[HallId] AS [HallId0], [t0].[Capacity], [t0].[CinemaId], [t0].[CreatedAt] AS [CreatedAt2], [t0].[CreatedBy] AS [CreatedBy0], [t0].[DeletedAt] AS [DeletedAt0], [t0].[DeletedBy] AS [DeletedBy0], [t0].[Description] AS [Description0], [t0].[HallName], [t0].[HallTypeId], [t0].[IsDeleted] AS [IsDeleted0], [t0].[LastModifiedAt] AS [LastModifiedAt0], [t0].[LastModifiedBy] AS [LastModifiedBy0], [t1].[CinemaId] AS [CinemaId0], [t1].[Address], [t1].[BannerUrl] AS [BannerUrl0], [t1].[CinemaName], [t1].[CityId], [t1].[ClosingTime], [t1].[CreatedAt] AS [CreatedAt3], [t1].[CreatedBy] AS [CreatedBy1], [t1].[DeletedAt] AS [DeletedAt1], [t1].[DeletedBy] AS [DeletedBy1], [t1].[Email] AS [Email0], [t1].[GalleryUrls], [t1].[GoogleMapsUrl], [t1].[ImageUrl], [t1].[IsDeleted] AS [IsDeleted1], [t1].[LastModifiedAt] AS [LastModifiedAt1], [t1].[LastModifiedBy] AS [LastModifiedBy1], [t1].[Latitude], [t1].[LogoUrl], [t1].[Longitude], [t1].[OpeningTime], [t1].[Phone], [t1].[Status] AS [Status0]
          FROM [Bookings] AS [b]
          INNER JOIN [Users] AS [u] ON [b].[UserId] = [u].[UserId]
          INNER JOIN [Showtimes] AS [s] ON [b].[ShowtimeId] = [s].[ShowtimeId]
          INNER JOIN (
              SELECT [m].[MovieId], [m].[AgeRatingId], [m].[BannerUrl], [m].[CreatedAt], [m].[CreatedBy], [m].[DeletedAt], [m].[DeletedBy], [m].[Description], [m].[DirectorId], [m].[Duration], [m].[EndDate], [m].[GenreId], [m].[IsDeleted], [m].[IsFeatured], [m].[Language], [m].[LastModifiedAt], [m].[LastModifiedBy], [m].[PosterUrl], [m].[Rating], [m].[ReleaseDate], [m].[Slug], [m].[Status], [m].[Title], [m].[TrailerUrl]
              FROM [Movies] AS [m]
              WHERE [m].[IsDeleted] = CAST(0 AS bit)
          ) AS [t] ON [s].[MovieId] = [t].[MovieId]
          INNER JOIN (
              SELECT [h].[HallId], [h].[Capacity], [h].[CinemaId], [h].[CreatedAt], [h].[CreatedBy], [h].[DeletedAt], [h].[DeletedBy], [h].[Description], [h].[HallName], [h].[HallTypeId], [h].[IsDeleted], [h].[LastModifiedAt], [h].[LastModifiedBy]
              FROM [Halls] AS [h]
              WHERE [h].[IsDeleted] = CAST(0 AS bit)
          ) AS [t0] ON [s].[HallId] = [t0].[HallId]
          INNER JOIN (
              SELECT [c].[CinemaId], [c].[Address], [c].[BannerUrl], [c].[CinemaName], [c].[CityId], [c].[ClosingTime], [c].[CreatedAt], [c].[CreatedBy], [c].[DeletedAt], [c].[DeletedBy], [c].[Email], [c].[GalleryUrls], [c].[GoogleMapsUrl], [c].[ImageUrl], [c].[IsDeleted], [c].[LastModifiedAt], [c].[LastModifiedBy], [c].[Latitude], [c].[LogoUrl], [c].[Longitude], [c].[OpeningTime], [c].[Phone], [c].[Status]
              FROM [Cinemas] AS [c]
              WHERE [c].[IsDeleted] = CAST(0 AS bit)
          ) AS [t1] ON [t0].[CinemaId] = [t1].[CinemaId]
          WHERE [b].[BookingId] = @__id_0
      ) AS [t2]
      LEFT JOIN (
          SELECT [b0].[BookingSeatId], [b0].[BookingId], [b0].[SeatId], [b0].[UnitPrice], [t4].[SeatId] AS [SeatId0], [t4].[CreatedAt], [t4].[CreatedBy], [t4].[DeletedAt], [t4].[DeletedBy], [t4].[HallId], [t4].[IsDeleted], [t4].[LastModifiedAt], [t4].[LastModifiedBy], [t4].[SeatCode], [t4].[SeatTypeId]
          FROM [BookingSeats] AS [b0]
          INNER JOIN (
              SELECT [s0].[SeatId], [s0].[CreatedAt], [s0].[CreatedBy], [s0].[DeletedAt], [s0].[DeletedBy], [s0].[HallId], [s0].[IsDeleted], [s0].[LastModifiedAt], [s0].[LastModifiedBy], [s0].[SeatCode], [s0].[SeatTypeId]
              FROM [Seats] AS [s0]
              WHERE [s0].[IsDeleted] = CAST(0 AS bit)
          ) AS [t4] ON [b0].[SeatId] = [t4].[SeatId]
      ) AS [t3] ON [t2].[BookingId] = [t3].[BookingId]
      ORDER BY [t2].[BookingId], [t2].[UserId0], [t2].[ShowtimeId0], [t2].[MovieId0], [t2].[HallId0], [t2].[CinemaId0], [t3].[BookingSeatId]
info: CinemaBooking.API.Middleware.RequestLoggingMiddleware[0]
      HTTP Request Finished. Status: 200, Duration: 7ms, CorrelationId: 01d1744d-360c-4043-baca-f334dabe17ef, TraceId: 0HNMALRM69NUP:00000006
info: Microsoft.EntityFrameworkCore.Database.Command[20101]
      Executed DbCommand (1ms) [Parameters=[@__p_0='?' (DbType = Int32)], CommandType='Text', CommandTimeout='30']
      SELECT TOP(@__p_0) [o].[Id], [o].[Error], [o].[EventName], [o].[OccurredOn], [o].[Payload], [o].[ProcessedOn]
      FROM [OutboxEvents] AS [o]
      WHERE [o].[ProcessedOn] IS NULL
      ORDER BY [o].[OccurredOn]
info: Microsoft.EntityFrameworkCore.Database.Command[20101]
      Executed DbCommand (1ms) [Parameters=[@__p_0='?' (DbType = Int32)], CommandType='Text', CommandTimeout='30']
      SELECT TOP(@__p_0) [o].[Id], [o].[Error], [o].[EventName], [o].[OccurredOn], [o].[Payload], [o].[ProcessedOn]
      FROM [OutboxEvents] AS [o]
      WHERE [o].[ProcessedOn] IS NULL
      ORDER BY [o].[OccurredOn]
info: Microsoft.EntityFrameworkCore.Database.Command[20101]
      Executed DbCommand (0ms) [Parameters=[@__p_0='?' (DbType = Int32)], CommandType='Text', CommandTimeout='30']
      SELECT TOP(@__p_0) [o].[Id], [o].[Error], [o].[EventName], [o].[OccurredOn], [o].[Payload], [o].[ProcessedOn]
      FROM [OutboxEvents] AS [o]
      WHERE [o].[ProcessedOn] IS NULL
      ORDER BY [o].[OccurredOn]
info: Microsoft.EntityFrameworkCore.Database.Command[20101]
      Executed DbCommand (1ms) [Parameters=[@__p_0='?' (DbType = Int32)], CommandType='Text', CommandTimeout='30']
      SELECT TOP(@__p_0) [o].[Id], [o].[Error], [o].[EventName], [o].[OccurredOn], [o].[Payload], [o].[ProcessedOn]
      FROM [OutboxEvents] AS [o]
      WHERE [o].[ProcessedOn] IS NULL
      ORDER BY [o].[OccurredOn]
info: Microsoft.EntityFrameworkCore.Database.Command[20101]
      Executed DbCommand (0ms) [Parameters=[@__p_0='?' (DbType = Int32)], CommandType='Text', CommandTimeout='30']
      SELECT TOP(@__p_0) [o].[Id], [o].[Error], [o].[EventName], [o].[OccurredOn], [o].[Payload], [o].[ProcessedOn]
      FROM [OutboxEvents] AS [o]
      WHERE [o].[ProcessedOn] IS NULL
      ORDER BY [o].[OccurredOn]
info: CinemaBooking.API.Middleware.RequestLoggingMiddleware[0]
      HTTP Request Started. Method: GET, Path: /api/bookings/7, QueryString: , CorrelationId: 44e5740e-1d05-4567-9445-d444d9ceaab6
info: CinemaBooking.API.Services.Implementations.BookingService[0]
      Retrieving booking by ID: 7
info: Microsoft.EntityFrameworkCore.Database.Command[20101]
      Executed DbCommand (1ms) [Parameters=[@__id_0='?' (DbType = Int32)], CommandType='Text', CommandTimeout='30']
      SELECT [t2].[BookingId], [t2].[BookingCode], [t2].[BookingStatus], [t2].[CreatedAt], [t2].[DiscountAmount], [t2].[QRCodeUrl], [t2].[RowVersion], [t2].[ServiceFee], [t2].[ShowtimeId], [t2].[TotalAmount], [t2].[UserId], [t2].[UserId0], [t2].[AvatarUrl], [t2].[CreatedAt0], [t2].[DateOfBirth], [t2].[Email], [t2].[EmailVerificationToken], [t2].[FullName], [t2].[Gender], [t2].[IsActive], [t2].[IsEmailVerified], [t2].[IsPhoneVerified], [t2].[MembershipPoints], [t2].[PasswordHash], [t2].[PasswordResetToken], [t2].[PhoneNumber], [t2].[ResetTokenExpires], [t2].[ShowtimeId0], [t2].[MovieId0], [t2].[HallId0], [t2].[CinemaId0], [t3].[BookingSeatId], [t3].[BookingId], [t3].[SeatId], [t3].[UnitPrice], [t3].[SeatId0], [t3].[CreatedAt], [t3].[CreatedBy], [t3].[DeletedAt], [t3].[DeletedBy], [t3].[HallId], [t3].[IsDeleted], [t3].[LastModifiedAt], [t3].[LastModifiedBy], [t3].[SeatCode], [t3].[SeatTypeId], [t2].[CustomPrice], [t2].[EndTime], [t2].[HallId], [t2].[IsPriceOverride], [t2].[MovieId], [t2].[PriceId], [t2].[RowVersion0], [t2].[StartTime], [t2].[AgeRatingId], [t2].[BannerUrl], [t2].[CreatedAt1], [t2].[CreatedBy], [t2].[DeletedAt], [t2].[DeletedBy], [t2].[Description], [t2].[DirectorId], [t2].[Duration], [t2].[EndDate], [t2].[GenreId], [t2].[IsDeleted], [t2].[IsFeatured], [t2].[Language], [t2].[LastModifiedAt], [t2].[LastModifiedBy], [t2].[PosterUrl], [t2].[Rating], [t2].[ReleaseDate], [t2].[Slug], [t2].[Status], [t2].[Title], [t2].[TrailerUrl], [t2].[Capacity], [t2].[CinemaId], [t2].[CreatedAt2], [t2].[CreatedBy0], [t2].[DeletedAt0], [t2].[DeletedBy0], [t2].[Description0], [t2].[HallName], [t2].[HallTypeId], [t2].[IsDeleted0], [t2].[LastModifiedAt0], [t2].[LastModifiedBy0], [t2].[Address], [t2].[BannerUrl0], [t2].[CinemaName], [t2].[CityId], [t2].[ClosingTime], [t2].[CreatedAt3], [t2].[CreatedBy1], [t2].[DeletedAt1], [t2].[DeletedBy1], [t2].[Email0], [t2].[GalleryUrls], [t2].[GoogleMapsUrl], [t2].[ImageUrl], [t2].[IsDeleted1], [t2].[LastModifiedAt1], [t2].[LastModifiedBy1], [t2].[Latitude], [t2].[LogoUrl], [t2].[Longitude], [t2].[OpeningTime], [t2].[Phone], [t2].[Status0]
      FROM (
          SELECT TOP(1) [b].[BookingId], [b].[BookingCode], [b].[BookingStatus], [b].[CreatedAt], [b].[DiscountAmount], [b].[QRCodeUrl], [b].[RowVersion], [b].[ServiceFee], [b].[ShowtimeId], [b].[TotalAmount], [b].[UserId], [u].[UserId] AS [UserId0], [u].[AvatarUrl], [u].[CreatedAt] AS [CreatedAt0], [u].[DateOfBirth], [u].[Email], [u].[EmailVerificationToken], [u].[FullName], [u].[Gender], [u].[IsActive], [u].[IsEmailVerified], [u].[IsPhoneVerified], [u].[MembershipPoints], [u].[PasswordHash], [u].[PasswordResetToken], [u].[PhoneNumber], [u].[ResetTokenExpires], [s].[ShowtimeId] AS [ShowtimeId0], [s].[CustomPrice], [s].[EndTime], [s].[HallId], [s].[IsPriceOverride], [s].[MovieId], [s].[PriceId], [s].[RowVersion] AS [RowVersion0], [s].[StartTime], [t].[MovieId] AS [MovieId0], [t].[AgeRatingId], [t].[BannerUrl], [t].[CreatedAt] AS [CreatedAt1], [t].[CreatedBy], [t].[DeletedAt], [t].[DeletedBy], [t].[Description], [t].[DirectorId], [t].[Duration], [t].[EndDate], [t].[GenreId], [t].[IsDeleted], [t].[IsFeatured], [t].[Language], [t].[LastModifiedAt], [t].[LastModifiedBy], [t].[PosterUrl], [t].[Rating], [t].[ReleaseDate], [t].[Slug], [t].[Status], [t].[Title], [t].[TrailerUrl], [t0].[HallId] AS [HallId0], [t0].[Capacity], [t0].[CinemaId], [t0].[CreatedAt] AS [CreatedAt2], [t0].[CreatedBy] AS [CreatedBy0], [t0].[DeletedAt] AS [DeletedAt0], [t0].[DeletedBy] AS [DeletedBy0], [t0].[Description] AS [Description0], [t0].[HallName], [t0].[HallTypeId], [t0].[IsDeleted] AS [IsDeleted0], [t0].[LastModifiedAt] AS [LastModifiedAt0], [t0].[LastModifiedBy] AS [LastModifiedBy0], [t1].[CinemaId] AS [CinemaId0], [t1].[Address], [t1].[BannerUrl] AS [BannerUrl0], [t1].[CinemaName], [t1].[CityId], [t1].[ClosingTime], [t1].[CreatedAt] AS [CreatedAt3], [t1].[CreatedBy] AS [CreatedBy1], [t1].[DeletedAt] AS [DeletedAt1], [t1].[DeletedBy] AS [DeletedBy1], [t1].[Email] AS [Email0], [t1].[GalleryUrls], [t1].[GoogleMapsUrl], [t1].[ImageUrl], [t1].[IsDeleted] AS [IsDeleted1], [t1].[LastModifiedAt] AS [LastModifiedAt1], [t1].[LastModifiedBy] AS [LastModifiedBy1], [t1].[Latitude], [t1].[LogoUrl], [t1].[Longitude], [t1].[OpeningTime], [t1].[Phone], [t1].[Status] AS [Status0]
          FROM [Bookings] AS [b]
          INNER JOIN [Users] AS [u] ON [b].[UserId] = [u].[UserId]
          INNER JOIN [Showtimes] AS [s] ON [b].[ShowtimeId] = [s].[ShowtimeId]
          INNER JOIN (
              SELECT [m].[MovieId], [m].[AgeRatingId], [m].[BannerUrl], [m].[CreatedAt], [m].[CreatedBy], [m].[DeletedAt], [m].[DeletedBy], [m].[Description], [m].[DirectorId], [m].[Duration], [m].[EndDate], [m].[GenreId], [m].[IsDeleted], [m].[IsFeatured], [m].[Language], [m].[LastModifiedAt], [m].[LastModifiedBy], [m].[PosterUrl], [m].[Rating], [m].[ReleaseDate], [m].[Slug], [m].[Status], [m].[Title], [m].[TrailerUrl]
              FROM [Movies] AS [m]
              WHERE [m].[IsDeleted] = CAST(0 AS bit)
          ) AS [t] ON [s].[MovieId] = [t].[MovieId]
          INNER JOIN (
              SELECT [h].[HallId], [h].[Capacity], [h].[CinemaId], [h].[CreatedAt], [h].[CreatedBy], [h].[DeletedAt], [h].[DeletedBy], [h].[Description], [h].[HallName], [h].[HallTypeId], [h].[IsDeleted], [h].[LastModifiedAt], [h].[LastModifiedBy]
              FROM [Halls] AS [h]
              WHERE [h].[IsDeleted] = CAST(0 AS bit)
          ) AS [t0] ON [s].[HallId] = [t0].[HallId]
          INNER JOIN (
              SELECT [c].[CinemaId], [c].[Address], [c].[BannerUrl], [c].[CinemaName], [c].[CityId], [c].[ClosingTime], [c].[CreatedAt], [c].[CreatedBy], [c].[DeletedAt], [c].[DeletedBy], [c].[Email], [c].[GalleryUrls], [c].[GoogleMapsUrl], [c].[ImageUrl], [c].[IsDeleted], [c].[LastModifiedAt], [c].[LastModifiedBy], [c].[Latitude], [c].[LogoUrl], [c].[Longitude], [c].[OpeningTime], [c].[Phone], [c].[Status]
              FROM [Cinemas] AS [c]
              WHERE [c].[IsDeleted] = CAST(0 AS bit)
          ) AS [t1] ON [t0].[CinemaId] = [t1].[CinemaId]
          WHERE [b].[BookingId] = @__id_0
      ) AS [t2]
      LEFT JOIN (
          SELECT [b0].[BookingSeatId], [b0].[BookingId], [b0].[SeatId], [b0].[UnitPrice], [t4].[SeatId] AS [SeatId0], [t4].[CreatedAt], [t4].[CreatedBy], [t4].[DeletedAt], [t4].[DeletedBy], [t4].[HallId], [t4].[IsDeleted], [t4].[LastModifiedAt], [t4].[LastModifiedBy], [t4].[SeatCode], [t4].[SeatTypeId]
          FROM [BookingSeats] AS [b0]
          INNER JOIN (
              SELECT [s0].[SeatId], [s0].[CreatedAt], [s0].[CreatedBy], [s0].[DeletedAt], [s0].[DeletedBy], [s0].[HallId], [s0].[IsDeleted], [s0].[LastModifiedAt], [s0].[LastModifiedBy], [s0].[SeatCode], [s0].[SeatTypeId]
              FROM [Seats] AS [s0]
              WHERE [s0].[IsDeleted] = CAST(0 AS bit)
          ) AS [t4] ON [b0].[SeatId] = [t4].[SeatId]
      ) AS [t3] ON [t2].[BookingId] = [t3].[BookingId]
      ORDER BY [t2].[BookingId], [t2].[UserId0], [t2].[ShowtimeId0], [t2].[MovieId0], [t2].[HallId0], [t2].[CinemaId0], [t3].[BookingSeatId]
info: CinemaBooking.API.Middleware.RequestLoggingMiddleware[0]
      HTTP Request Finished. Status: 200, Duration: 5ms, CorrelationId: 44e5740e-1d05-4567-9445-d444d9ceaab6, TraceId: 0HNMALRM69NUP:00000007
info: Microsoft.EntityFrameworkCore.Database.Command[20101]
      Executed DbCommand (0ms) [Parameters=[@__p_0='?' (DbType = Int32)], CommandType='Text', CommandTimeout='30']
      SELECT TOP(@__p_0) [o].[Id], [o].[Error], [o].[EventName], [o].[OccurredOn], [o].[Payload], [o].[ProcessedOn]
      FROM [OutboxEvents] AS [o]
      WHERE [o].[ProcessedOn] IS NULL
      ORDER BY [o].[OccurredOn]
info: Microsoft.EntityFrameworkCore.Database.Command[20101]
      Executed DbCommand (0ms) [Parameters=[@__p_0='?' (DbType = Int32)], CommandType='Text', CommandTimeout='30']
      SELECT TOP(@__p_0) [o].[Id], [o].[Error], [o].[EventName], [o].[OccurredOn], [o].[Payload], [o].[ProcessedOn]
      FROM [OutboxEvents] AS [o]
      WHERE [o].[ProcessedOn] IS NULL
      ORDER BY [o].[OccurredOn]
info: Microsoft.EntityFrameworkCore.Database.Command[20101]
      Executed DbCommand (1ms) [Parameters=[@__p_0='?' (DbType = Int32)], CommandType='Text', CommandTimeout='30']
      SELECT TOP(@__p_0) [o].[Id], [o].[Error], [o].[EventName], [o].[OccurredOn], [o].[Payload], [o].[ProcessedOn]
      FROM [OutboxEvents] AS [o]
      WHERE [o].[ProcessedOn] IS NULL
      ORDER BY [o].[OccurredOn]
info: Microsoft.EntityFrameworkCore.Database.Command[20101]
      Executed DbCommand (1ms) [Parameters=[@__p_0='?' (DbType = Int32)], CommandType='Text', CommandTimeout='30']
      SELECT TOP(@__p_0) [o].[Id], [o].[Error], [o].[EventName], [o].[OccurredOn], [o].[Payload], [o].[ProcessedOn]
      FROM [OutboxEvents] AS [o]
      WHERE [o].[ProcessedOn] IS NULL
      ORDER BY [o].[OccurredOn]
info: Microsoft.EntityFrameworkCore.Database.Command[20101]
      Executed DbCommand (1ms) [Parameters=[@__p_0='?' (DbType = Int32)], CommandType='Text', CommandTimeout='30']
      SELECT TOP(@__p_0) [o].[Id], [o].[Error], [o].[EventName], [o].[OccurredOn], [o].[Payload], [o].[ProcessedOn]
      FROM [OutboxEvents] AS [o]
      WHERE [o].[ProcessedOn] IS NULL
      ORDER BY [o].[OccurredOn]
info: CinemaBooking.API.Middleware.RequestLoggingMiddleware[0]
      HTTP Request Started. Method: OPTIONS, Path: /api/bookings/7, QueryString: , CorrelationId: 12f9012e-5460-4e85-9b55-3fea71600363
info: CinemaBooking.API.Middleware.RequestLoggingMiddleware[0]
      HTTP Request Finished. Status: 204, Duration: 0ms, CorrelationId: 12f9012e-5460-4e85-9b55-3fea71600363, TraceId: 0HNMALRM69NUP:00000008
info: CinemaBooking.API.Middleware.RequestLoggingMiddleware[0]
      HTTP Request Started. Method: GET, Path: /api/bookings/7, QueryString: , CorrelationId: 2a498f5c-b628-460c-a1b6-4c0218d23fe4
info: CinemaBooking.API.Services.Implementations.BookingService[0]
      Retrieving booking by ID: 7
info: Microsoft.EntityFrameworkCore.Database.Command[20101]
      Executed DbCommand (1ms) [Parameters=[@__id_0='?' (DbType = Int32)], CommandType='Text', CommandTimeout='30']
      SELECT [t2].[BookingId], [t2].[BookingCode], [t2].[BookingStatus], [t2].[CreatedAt], [t2].[DiscountAmount], [t2].[QRCodeUrl], [t2].[RowVersion], [t2].[ServiceFee], [t2].[ShowtimeId], [t2].[TotalAmount], [t2].[UserId], [t2].[UserId0], [t2].[AvatarUrl], [t2].[CreatedAt0], [t2].[DateOfBirth], [t2].[Email], [t2].[EmailVerificationToken], [t2].[FullName], [t2].[Gender], [t2].[IsActive], [t2].[IsEmailVerified], [t2].[IsPhoneVerified], [t2].[MembershipPoints], [t2].[PasswordHash], [t2].[PasswordResetToken], [t2].[PhoneNumber], [t2].[ResetTokenExpires], [t2].[ShowtimeId0], [t2].[MovieId0], [t2].[HallId0], [t2].[CinemaId0], [t3].[BookingSeatId], [t3].[BookingId], [t3].[SeatId], [t3].[UnitPrice], [t3].[SeatId0], [t3].[CreatedAt], [t3].[CreatedBy], [t3].[DeletedAt], [t3].[DeletedBy], [t3].[HallId], [t3].[IsDeleted], [t3].[LastModifiedAt], [t3].[LastModifiedBy], [t3].[SeatCode], [t3].[SeatTypeId], [t2].[CustomPrice], [t2].[EndTime], [t2].[HallId], [t2].[IsPriceOverride], [t2].[MovieId], [t2].[PriceId], [t2].[RowVersion0], [t2].[StartTime], [t2].[AgeRatingId], [t2].[BannerUrl], [t2].[CreatedAt1], [t2].[CreatedBy], [t2].[DeletedAt], [t2].[DeletedBy], [t2].[Description], [t2].[DirectorId], [t2].[Duration], [t2].[EndDate], [t2].[GenreId], [t2].[IsDeleted], [t2].[IsFeatured], [t2].[Language], [t2].[LastModifiedAt], [t2].[LastModifiedBy], [t2].[PosterUrl], [t2].[Rating], [t2].[ReleaseDate], [t2].[Slug], [t2].[Status], [t2].[Title], [t2].[TrailerUrl], [t2].[Capacity], [t2].[CinemaId], [t2].[CreatedAt2], [t2].[CreatedBy0], [t2].[DeletedAt0], [t2].[DeletedBy0], [t2].[Description0], [t2].[HallName], [t2].[HallTypeId], [t2].[IsDeleted0], [t2].[LastModifiedAt0], [t2].[LastModifiedBy0], [t2].[Address], [t2].[BannerUrl0], [t2].[CinemaName], [t2].[CityId], [t2].[ClosingTime], [t2].[CreatedAt3], [t2].[CreatedBy1], [t2].[DeletedAt1], [t2].[DeletedBy1], [t2].[Email0], [t2].[GalleryUrls], [t2].[GoogleMapsUrl], [t2].[ImageUrl], [t2].[IsDeleted1], [t2].[LastModifiedAt1], [t2].[LastModifiedBy1], [t2].[Latitude], [t2].[LogoUrl], [t2].[Longitude], [t2].[OpeningTime], [t2].[Phone], [t2].[Status0]
      FROM (
          SELECT TOP(1) [b].[BookingId], [b].[BookingCode], [b].[BookingStatus], [b].[CreatedAt], [b].[DiscountAmount], [b].[QRCodeUrl], [b].[RowVersion], [b].[ServiceFee], [b].[ShowtimeId], [b].[TotalAmount], [b].[UserId], [u].[UserId] AS [UserId0], [u].[AvatarUrl], [u].[CreatedAt] AS [CreatedAt0], [u].[DateOfBirth], [u].[Email], [u].[EmailVerificationToken], [u].[FullName], [u].[Gender], [u].[IsActive], [u].[IsEmailVerified], [u].[IsPhoneVerified], [u].[MembershipPoints], [u].[PasswordHash], [u].[PasswordResetToken], [u].[PhoneNumber], [u].[ResetTokenExpires], [s].[ShowtimeId] AS [ShowtimeId0], [s].[CustomPrice], [s].[EndTime], [s].[HallId], [s].[IsPriceOverride], [s].[MovieId], [s].[PriceId], [s].[RowVersion] AS [RowVersion0], [s].[StartTime], [t].[MovieId] AS [MovieId0], [t].[AgeRatingId], [t].[BannerUrl], [t].[CreatedAt] AS [CreatedAt1], [t].[CreatedBy], [t].[DeletedAt], [t].[DeletedBy], [t].[Description], [t].[DirectorId], [t].[Duration], [t].[EndDate], [t].[GenreId], [t].[IsDeleted], [t].[IsFeatured], [t].[Language], [t].[LastModifiedAt], [t].[LastModifiedBy], [t].[PosterUrl], [t].[Rating], [t].[ReleaseDate], [t].[Slug], [t].[Status], [t].[Title], [t].[TrailerUrl], [t0].[HallId] AS [HallId0], [t0].[Capacity], [t0].[CinemaId], [t0].[CreatedAt] AS [CreatedAt2], [t0].[CreatedBy] AS [CreatedBy0], [t0].[DeletedAt] AS [DeletedAt0], [t0].[DeletedBy] AS [DeletedBy0], [t0].[Description] AS [Description0], [t0].[HallName], [t0].[HallTypeId], [t0].[IsDeleted] AS [IsDeleted0], [t0].[LastModifiedAt] AS [LastModifiedAt0], [t0].[LastModifiedBy] AS [LastModifiedBy0], [t1].[CinemaId] AS [CinemaId0], [t1].[Address], [t1].[BannerUrl] AS [BannerUrl0], [t1].[CinemaName], [t1].[CityId], [t1].[ClosingTime], [t1].[CreatedAt] AS [CreatedAt3], [t1].[CreatedBy] AS [CreatedBy1], [t1].[DeletedAt] AS [DeletedAt1], [t1].[DeletedBy] AS [DeletedBy1], [t1].[Email] AS [Email0], [t1].[GalleryUrls], [t1].[GoogleMapsUrl], [t1].[ImageUrl], [t1].[IsDeleted] AS [IsDeleted1], [t1].[LastModifiedAt] AS [LastModifiedAt1], [t1].[LastModifiedBy] AS [LastModifiedBy1], [t1].[Latitude], [t1].[LogoUrl], [t1].[Longitude], [t1].[OpeningTime], [t1].[Phone], [t1].[Status] AS [Status0]
          FROM [Bookings] AS [b]
          INNER JOIN [Users] AS [u] ON [b].[UserId] = [u].[UserId]
          INNER JOIN [Showtimes] AS [s] ON [b].[ShowtimeId] = [s].[ShowtimeId]
          INNER JOIN (
              SELECT [m].[MovieId], [m].[AgeRatingId], [m].[BannerUrl], [m].[CreatedAt], [m].[CreatedBy], [m].[DeletedAt], [m].[DeletedBy], [m].[Description], [m].[DirectorId], [m].[Duration], [m].[EndDate], [m].[GenreId], [m].[IsDeleted], [m].[IsFeatured], [m].[Language], [m].[LastModifiedAt], [m].[LastModifiedBy], [m].[PosterUrl], [m].[Rating], [m].[ReleaseDate], [m].[Slug], [m].[Status], [m].[Title], [m].[TrailerUrl]
              FROM [Movies] AS [m]
              WHERE [m].[IsDeleted] = CAST(0 AS bit)
          ) AS [t] ON [s].[MovieId] = [t].[MovieId]
          INNER JOIN (
              SELECT [h].[HallId], [h].[Capacity], [h].[CinemaId], [h].[CreatedAt], [h].[CreatedBy], [h].[DeletedAt], [h].[DeletedBy], [h].[Description], [h].[HallName], [h].[HallTypeId], [h].[IsDeleted], [h].[LastModifiedAt], [h].[LastModifiedBy]
              FROM [Halls] AS [h]
              WHERE [h].[IsDeleted] = CAST(0 AS bit)
          ) AS [t0] ON [s].[HallId] = [t0].[HallId]
          INNER JOIN (
              SELECT [c].[CinemaId], [c].[Address], [c].[BannerUrl], [c].[CinemaName], [c].[CityId], [c].[ClosingTime], [c].[CreatedAt], [c].[CreatedBy], [c].[DeletedAt], [c].[DeletedBy], [c].[Email], [c].[GalleryUrls], [c].[GoogleMapsUrl], [c].[ImageUrl], [c].[IsDeleted], [c].[LastModifiedAt], [c].[LastModifiedBy], [c].[Latitude], [c].[LogoUrl], [c].[Longitude], [c].[OpeningTime], [c].[Phone], [c].[Status]
              FROM [Cinemas] AS [c]
              WHERE [c].[IsDeleted] = CAST(0 AS bit)
          ) AS [t1] ON [t0].[CinemaId] = [t1].[CinemaId]
          WHERE [b].[BookingId] = @__id_0
      ) AS [t2]
      LEFT JOIN (
          SELECT [b0].[BookingSeatId], [b0].[BookingId], [b0].[SeatId], [b0].[UnitPrice], [t4].[SeatId] AS [SeatId0], [t4].[CreatedAt], [t4].[CreatedBy], [t4].[DeletedAt], [t4].[DeletedBy], [t4].[HallId], [t4].[IsDeleted], [t4].[LastModifiedAt], [t4].[LastModifiedBy], [t4].[SeatCode], [t4].[SeatTypeId]
          FROM [BookingSeats] AS [b0]
          INNER JOIN (
              SELECT [s0].[SeatId], [s0].[CreatedAt], [s0].[CreatedBy], [s0].[DeletedAt], [s0].[DeletedBy], [s0].[HallId], [s0].[IsDeleted], [s0].[LastModifiedAt], [s0].[LastModifiedBy], [s0].[SeatCode], [s0].[SeatTypeId]
              FROM [Seats] AS [s0]
              WHERE [s0].[IsDeleted] = CAST(0 AS bit)
          ) AS [t4] ON [b0].[SeatId] = [t4].[SeatId]
      ) AS [t3] ON [t2].[BookingId] = [t3].[BookingId]
      ORDER BY [t2].[BookingId], [t2].[UserId0], [t2].[ShowtimeId0], [t2].[MovieId0], [t2].[HallId0], [t2].[CinemaId0], [t3].[BookingSeatId]
info: CinemaBooking.API.Middleware.RequestLoggingMiddleware[0]
      HTTP Request Finished. Status: 200, Duration: 7ms, CorrelationId: 2a498f5c-b628-460c-a1b6-4c0218d23fe4, TraceId: 0HNMALRM69NUP:00000009
info: Microsoft.EntityFrameworkCore.Database.Command[20101]
      Executed DbCommand (1ms) [Parameters=[@__p_0='?' (DbType = Int32)], CommandType='Text', CommandTimeout='30']
      SELECT TOP(@__p_0) [o].[Id], [o].[Error], [o].[EventName], [o].[OccurredOn], [o].[Payload], [o].[ProcessedOn]
      FROM [OutboxEvents] AS [o]
      WHERE [o].[ProcessedOn] IS NULL
      ORDER BY [o].[OccurredOn]
info: Microsoft.EntityFrameworkCore.Database.Command[20101]
      Executed DbCommand (0ms) [Parameters=[@__p_0='?' (DbType = Int32)], CommandType='Text', CommandTimeout='30']
      SELECT TOP(@__p_0) [o].[Id], [o].[Error], [o].[EventName], [o].[OccurredOn], [o].[Payload], [o].[ProcessedOn]
      FROM [OutboxEvents] AS [o]
      WHERE [o].[ProcessedOn] IS NULL
      ORDER BY [o].[OccurredOn]
info: Microsoft.EntityFrameworkCore.Database.Command[20101]
      Executed DbCommand (0ms) [Parameters=[@__p_0='?' (DbType = Int32)], CommandType='Text', CommandTimeout='30']
      SELECT TOP(@__p_0) [o].[Id], [o].[Error], [o].[EventName], [o].[OccurredOn], [o].[Payload], [o].[ProcessedOn]
      FROM [OutboxEvents] AS [o]
      WHERE [o].[ProcessedOn] IS NULL
      ORDER BY [o].[OccurredOn]
info: Microsoft.EntityFrameworkCore.Database.Command[20101]
      Executed DbCommand (1ms) [Parameters=[@__p_0='?' (DbType = Int32)], CommandType='Text', CommandTimeout='30']
      SELECT TOP(@__p_0) [o].[Id], [o].[Error], [o].[EventName], [o].[OccurredOn], [o].[Payload], [o].[ProcessedOn]
      FROM [OutboxEvents] AS [o]
      WHERE [o].[ProcessedOn] IS NULL
      ORDER BY [o].[OccurredOn]
info: Microsoft.EntityFrameworkCore.Database.Command[20101]
      Executed DbCommand (1ms) [Parameters=[@__p_0='?' (DbType = Int32)], CommandType='Text', CommandTimeout='30']
      SELECT TOP(@__p_0) [o].[Id], [o].[Error], [o].[EventName], [o].[OccurredOn], [o].[Payload], [o].[ProcessedOn]
      FROM [OutboxEvents] AS [o]
      WHERE [o].[ProcessedOn] IS NULL
      ORDER BY [o].[OccurredOn]
info: CinemaBooking.API.Middleware.RequestLoggingMiddleware[0]
      HTTP Request Started. Method: GET, Path: /api/bookings/7, QueryString: , CorrelationId: f68ce13e-559a-4eb1-bd9a-7b274fb8f222
info: CinemaBooking.API.Services.Implementations.BookingService[0]
      Retrieving booking by ID: 7
info: Microsoft.EntityFrameworkCore.Database.Command[20101]
      Executed DbCommand (1ms) [Parameters=[@__id_0='?' (DbType = Int32)], CommandType='Text', CommandTimeout='30']
      SELECT [t2].[BookingId], [t2].[BookingCode], [t2].[BookingStatus], [t2].[CreatedAt], [t2].[DiscountAmount], [t2].[QRCodeUrl], [t2].[RowVersion], [t2].[ServiceFee], [t2].[ShowtimeId], [t2].[TotalAmount], [t2].[UserId], [t2].[UserId0], [t2].[AvatarUrl], [t2].[CreatedAt0], [t2].[DateOfBirth], [t2].[Email], [t2].[EmailVerificationToken], [t2].[FullName], [t2].[Gender], [t2].[IsActive], [t2].[IsEmailVerified], [t2].[IsPhoneVerified], [t2].[MembershipPoints], [t2].[PasswordHash], [t2].[PasswordResetToken], [t2].[PhoneNumber], [t2].[ResetTokenExpires], [t2].[ShowtimeId0], [t2].[MovieId0], [t2].[HallId0], [t2].[CinemaId0], [t3].[BookingSeatId], [t3].[BookingId], [t3].[SeatId], [t3].[UnitPrice], [t3].[SeatId0], [t3].[CreatedAt], [t3].[CreatedBy], [t3].[DeletedAt], [t3].[DeletedBy], [t3].[HallId], [t3].[IsDeleted], [t3].[LastModifiedAt], [t3].[LastModifiedBy], [t3].[SeatCode], [t3].[SeatTypeId], [t2].[CustomPrice], [t2].[EndTime], [t2].[HallId], [t2].[IsPriceOverride], [t2].[MovieId], [t2].[PriceId], [t2].[RowVersion0], [t2].[StartTime], [t2].[AgeRatingId], [t2].[BannerUrl], [t2].[CreatedAt1], [t2].[CreatedBy], [t2].[DeletedAt], [t2].[DeletedBy], [t2].[Description], [t2].[DirectorId], [t2].[Duration], [t2].[EndDate], [t2].[GenreId], [t2].[IsDeleted], [t2].[IsFeatured], [t2].[Language], [t2].[LastModifiedAt], [t2].[LastModifiedBy], [t2].[PosterUrl], [t2].[Rating], [t2].[ReleaseDate], [t2].[Slug], [t2].[Status], [t2].[Title], [t2].[TrailerUrl], [t2].[Capacity], [t2].[CinemaId], [t2].[CreatedAt2], [t2].[CreatedBy0], [t2].[DeletedAt0], [t2].[DeletedBy0], [t2].[Description0], [t2].[HallName], [t2].[HallTypeId], [t2].[IsDeleted0], [t2].[LastModifiedAt0], [t2].[LastModifiedBy0], [t2].[Address], [t2].[BannerUrl0], [t2].[CinemaName], [t2].[CityId], [t2].[ClosingTime], [t2].[CreatedAt3], [t2].[CreatedBy1], [t2].[DeletedAt1], [t2].[DeletedBy1], [t2].[Email0], [t2].[GalleryUrls], [t2].[GoogleMapsUrl], [t2].[ImageUrl], [t2].[IsDeleted1], [t2].[LastModifiedAt1], [t2].[LastModifiedBy1], [t2].[Latitude], [t2].[LogoUrl], [t2].[Longitude], [t2].[OpeningTime], [t2].[Phone], [t2].[Status0]
      FROM (
          SELECT TOP(1) [b].[BookingId], [b].[BookingCode], [b].[BookingStatus], [b].[CreatedAt], [b].[DiscountAmount], [b].[QRCodeUrl], [b].[RowVersion], [b].[ServiceFee], [b].[ShowtimeId], [b].[TotalAmount], [b].[UserId], [u].[UserId] AS [UserId0], [u].[AvatarUrl], [u].[CreatedAt] AS [CreatedAt0], [u].[DateOfBirth], [u].[Email], [u].[EmailVerificationToken], [u].[FullName], [u].[Gender], [u].[IsActive], [u].[IsEmailVerified], [u].[IsPhoneVerified], [u].[MembershipPoints], [u].[PasswordHash], [u].[PasswordResetToken], [u].[PhoneNumber], [u].[ResetTokenExpires], [s].[ShowtimeId] AS [ShowtimeId0], [s].[CustomPrice], [s].[EndTime], [s].[HallId], [s].[IsPriceOverride], [s].[MovieId], [s].[PriceId], [s].[RowVersion] AS [RowVersion0], [s].[StartTime], [t].[MovieId] AS [MovieId0], [t].[AgeRatingId], [t].[BannerUrl], [t].[CreatedAt] AS [CreatedAt1], [t].[CreatedBy], [t].[DeletedAt], [t].[DeletedBy], [t].[Description], [t].[DirectorId], [t].[Duration], [t].[EndDate], [t].[GenreId], [t].[IsDeleted], [t].[IsFeatured], [t].[Language], [t].[LastModifiedAt], [t].[LastModifiedBy], [t].[PosterUrl], [t].[Rating], [t].[ReleaseDate], [t].[Slug], [t].[Status], [t].[Title], [t].[TrailerUrl], [t0].[HallId] AS [HallId0], [t0].[Capacity], [t0].[CinemaId], [t0].[CreatedAt] AS [CreatedAt2], [t0].[CreatedBy] AS [CreatedBy0], [t0].[DeletedAt] AS [DeletedAt0], [t0].[DeletedBy] AS [DeletedBy0], [t0].[Description] AS [Description0], [t0].[HallName], [t0].[HallTypeId], [t0].[IsDeleted] AS [IsDeleted0], [t0].[LastModifiedAt] AS [LastModifiedAt0], [t0].[LastModifiedBy] AS [LastModifiedBy0], [t1].[CinemaId] AS [CinemaId0], [t1].[Address], [t1].[BannerUrl] AS [BannerUrl0], [t1].[CinemaName], [t1].[CityId], [t1].[ClosingTime], [t1].[CreatedAt] AS [CreatedAt3], [t1].[CreatedBy] AS [CreatedBy1], [t1].[DeletedAt] AS [DeletedAt1], [t1].[DeletedBy] AS [DeletedBy1], [t1].[Email] AS [Email0], [t1].[GalleryUrls], [t1].[GoogleMapsUrl], [t1].[ImageUrl], [t1].[IsDeleted] AS [IsDeleted1], [t1].[LastModifiedAt] AS [LastModifiedAt1], [t1].[LastModifiedBy] AS [LastModifiedBy1], [t1].[Latitude], [t1].[LogoUrl], [t1].[Longitude], [t1].[OpeningTime], [t1].[Phone], [t1].[Status] AS [Status0]
          FROM [Bookings] AS [b]
          INNER JOIN [Users] AS [u] ON [b].[UserId] = [u].[UserId]
          INNER JOIN [Showtimes] AS [s] ON [b].[ShowtimeId] = [s].[ShowtimeId]
          INNER JOIN (
              SELECT [m].[MovieId], [m].[AgeRatingId], [m].[BannerUrl], [m].[CreatedAt], [m].[CreatedBy], [m].[DeletedAt], [m].[DeletedBy], [m].[Description], [m].[DirectorId], [m].[Duration], [m].[EndDate], [m].[GenreId], [m].[IsDeleted], [m].[IsFeatured], [m].[Language], [m].[LastModifiedAt], [m].[LastModifiedBy], [m].[PosterUrl], [m].[Rating], [m].[ReleaseDate], [m].[Slug], [m].[Status], [m].[Title], [m].[TrailerUrl]
              FROM [Movies] AS [m]
              WHERE [m].[IsDeleted] = CAST(0 AS bit)
          ) AS [t] ON [s].[MovieId] = [t].[MovieId]
          INNER JOIN (
              SELECT [h].[HallId], [h].[Capacity], [h].[CinemaId], [h].[CreatedAt], [h].[CreatedBy], [h].[DeletedAt], [h].[DeletedBy], [h].[Description], [h].[HallName], [h].[HallTypeId], [h].[IsDeleted], [h].[LastModifiedAt], [h].[LastModifiedBy]
              FROM [Halls] AS [h]
              WHERE [h].[IsDeleted] = CAST(0 AS bit)
          ) AS [t0] ON [s].[HallId] = [t0].[HallId]
          INNER JOIN (
              SELECT [c].[CinemaId], [c].[Address], [c].[BannerUrl], [c].[CinemaName], [c].[CityId], [c].[ClosingTime], [c].[CreatedAt], [c].[CreatedBy], [c].[DeletedAt], [c].[DeletedBy], [c].[Email], [c].[GalleryUrls], [c].[GoogleMapsUrl], [c].[ImageUrl], [c].[IsDeleted], [c].[LastModifiedAt], [c].[LastModifiedBy], [c].[Latitude], [c].[LogoUrl], [c].[Longitude], [c].[OpeningTime], [c].[Phone], [c].[Status]
              FROM [Cinemas] AS [c]
              WHERE [c].[IsDeleted] = CAST(0 AS bit)
          ) AS [t1] ON [t0].[CinemaId] = [t1].[CinemaId]
          WHERE [b].[BookingId] = @__id_0
      ) AS [t2]
      LEFT JOIN (
          SELECT [b0].[BookingSeatId], [b0].[BookingId], [b0].[SeatId], [b0].[UnitPrice], [t4].[SeatId] AS [SeatId0], [t4].[CreatedAt], [t4].[CreatedBy], [t4].[DeletedAt], [t4].[DeletedBy], [t4].[HallId], [t4].[IsDeleted], [t4].[LastModifiedAt], [t4].[LastModifiedBy], [t4].[SeatCode], [t4].[SeatTypeId]
          FROM [BookingSeats] AS [b0]
          INNER JOIN (
              SELECT [s0].[SeatId], [s0].[CreatedAt], [s0].[CreatedBy], [s0].[DeletedAt], [s0].[DeletedBy], [s0].[HallId], [s0].[IsDeleted], [s0].[LastModifiedAt], [s0].[LastModifiedBy], [s0].[SeatCode], [s0].[SeatTypeId]
              FROM [Seats] AS [s0]
              WHERE [s0].[IsDeleted] = CAST(0 AS bit)
          ) AS [t4] ON [b0].[SeatId] = [t4].[SeatId]
      ) AS [t3] ON [t2].[BookingId] = [t3].[BookingId]
      ORDER BY [t2].[BookingId], [t2].[UserId0], [t2].[ShowtimeId0], [t2].[MovieId0], [t2].[HallId0], [t2].[CinemaId0], [t3].[BookingSeatId]
info: CinemaBooking.API.Middleware.RequestLoggingMiddleware[0]
      HTTP Request Finished. Status: 200, Duration: 5ms, CorrelationId: f68ce13e-559a-4eb1-bd9a-7b274fb8f222, TraceId: 0HNMALRM69NUP:0000000A
info: Microsoft.EntityFrameworkCore.Database.Command[20101]
      Executed DbCommand (1ms) [Parameters=[@__p_0='?' (DbType = Int32)], CommandType='Text', CommandTimeout='30']
      SELECT TOP(@__p_0) [o].[Id], [o].[Error], [o].[EventName], [o].[OccurredOn], [o].[Payload], [o].[ProcessedOn]
      FROM [OutboxEvents] AS [o]
      WHERE [o].[ProcessedOn] IS NULL
      ORDER BY [o].[OccurredOn]
info: Microsoft.EntityFrameworkCore.Database.Command[20101]
      Executed DbCommand (1ms) [Parameters=[@__p_0='?' (DbType = Int32)], CommandType='Text', CommandTimeout='30']
      SELECT TOP(@__p_0) [o].[Id], [o].[Error], [o].[EventName], [o].[OccurredOn], [o].[Payload], [o].[ProcessedOn]
      FROM [OutboxEvents] AS [o]
      WHERE [o].[ProcessedOn] IS NULL
      ORDER BY [o].[OccurredOn]
info: Microsoft.EntityFrameworkCore.Database.Command[20101]
      Executed DbCommand (1ms) [Parameters=[@__p_0='?' (DbType = Int32)], CommandType='Text', CommandTimeout='30']
      SELECT TOP(@__p_0) [o].[Id], [o].[Error], [o].[EventName], [o].[OccurredOn], [o].[Payload], [o].[ProcessedOn]
      FROM [OutboxEvents] AS [o]
      WHERE [o].[ProcessedOn] IS NULL
      ORDER BY [o].[OccurredOn]
info: Microsoft.EntityFrameworkCore.Database.Command[20101]
      Executed DbCommand (0ms) [Parameters=[@__p_0='?' (DbType = Int32)], CommandType='Text', CommandTimeout='30']
      SELECT TOP(@__p_0) [o].[Id], [o].[Error], [o].[EventName], [o].[OccurredOn], [o].[Payload], [o].[ProcessedOn]
      FROM [OutboxEvents] AS [o]
      WHERE [o].[ProcessedOn] IS NULL
      ORDER BY [o].[OccurredOn]
info: Microsoft.EntityFrameworkCore.Database.Command[20101]
      Executed DbCommand (0ms) [Parameters=[@__p_0='?' (DbType = Int32)], CommandType='Text', CommandTimeout='30']
      SELECT TOP(@__p_0) [o].[Id], [o].[Error], [o].[EventName], [o].[OccurredOn], [o].[Payload], [o].[ProcessedOn]
      FROM [OutboxEvents] AS [o]
      WHERE [o].[ProcessedOn] IS NULL
      ORDER BY [o].[OccurredOn]
info: CinemaBooking.API.Middleware.RequestLoggingMiddleware[0]
      HTTP Request Started. Method: OPTIONS, Path: /api/bookings/7, QueryString: , CorrelationId: e5b97615-c0f1-445d-b5a3-0e1145071a7a
info: CinemaBooking.API.Middleware.RequestLoggingMiddleware[0]
      HTTP Request Finished. Status: 204, Duration: 0ms, CorrelationId: e5b97615-c0f1-445d-b5a3-0e1145071a7a, TraceId: 0HNMALRM69NUP:0000000B
info: CinemaBooking.API.Middleware.RequestLoggingMiddleware[0]
      HTTP Request Started. Method: GET, Path: /api/bookings/7, QueryString: , CorrelationId: 10e04959-61ee-4163-a698-a59998307e1e
info: CinemaBooking.API.Services.Implementations.BookingService[0]
      Retrieving booking by ID: 7
info: Microsoft.EntityFrameworkCore.Database.Command[20101]
      Executed DbCommand (1ms) [Parameters=[@__id_0='?' (DbType = Int32)], CommandType='Text', CommandTimeout='30']
      SELECT [t2].[BookingId], [t2].[BookingCode], [t2].[BookingStatus], [t2].[CreatedAt], [t2].[DiscountAmount], [t2].[QRCodeUrl], [t2].[RowVersion], [t2].[ServiceFee], [t2].[ShowtimeId], [t2].[TotalAmount], [t2].[UserId], [t2].[UserId0], [t2].[AvatarUrl], [t2].[CreatedAt0], [t2].[DateOfBirth], [t2].[Email], [t2].[EmailVerificationToken], [t2].[FullName], [t2].[Gender], [t2].[IsActive], [t2].[IsEmailVerified], [t2].[IsPhoneVerified], [t2].[MembershipPoints], [t2].[PasswordHash], [t2].[PasswordResetToken], [t2].[PhoneNumber], [t2].[ResetTokenExpires], [t2].[ShowtimeId0], [t2].[MovieId0], [t2].[HallId0], [t2].[CinemaId0], [t3].[BookingSeatId], [t3].[BookingId], [t3].[SeatId], [t3].[UnitPrice], [t3].[SeatId0], [t3].[CreatedAt], [t3].[CreatedBy], [t3].[DeletedAt], [t3].[DeletedBy], [t3].[HallId], [t3].[IsDeleted], [t3].[LastModifiedAt], [t3].[LastModifiedBy], [t3].[SeatCode], [t3].[SeatTypeId], [t2].[CustomPrice], [t2].[EndTime], [t2].[HallId], [t2].[IsPriceOverride], [t2].[MovieId], [t2].[PriceId], [t2].[RowVersion0], [t2].[StartTime], [t2].[AgeRatingId], [t2].[BannerUrl], [t2].[CreatedAt1], [t2].[CreatedBy], [t2].[DeletedAt], [t2].[DeletedBy], [t2].[Description], [t2].[DirectorId], [t2].[Duration], [t2].[EndDate], [t2].[GenreId], [t2].[IsDeleted], [t2].[IsFeatured], [t2].[Language], [t2].[LastModifiedAt], [t2].[LastModifiedBy], [t2].[PosterUrl], [t2].[Rating], [t2].[ReleaseDate], [t2].[Slug], [t2].[Status], [t2].[Title], [t2].[TrailerUrl], [t2].[Capacity], [t2].[CinemaId], [t2].[CreatedAt2], [t2].[CreatedBy0], [t2].[DeletedAt0], [t2].[DeletedBy0], [t2].[Description0], [t2].[HallName], [t2].[HallTypeId], [t2].[IsDeleted0], [t2].[LastModifiedAt0], [t2].[LastModifiedBy0], [t2].[Address], [t2].[BannerUrl0], [t2].[CinemaName], [t2].[CityId], [t2].[ClosingTime], [t2].[CreatedAt3], [t2].[CreatedBy1], [t2].[DeletedAt1], [t2].[DeletedBy1], [t2].[Email0], [t2].[GalleryUrls], [t2].[GoogleMapsUrl], [t2].[ImageUrl], [t2].[IsDeleted1], [t2].[LastModifiedAt1], [t2].[LastModifiedBy1], [t2].[Latitude], [t2].[LogoUrl], [t2].[Longitude], [t2].[OpeningTime], [t2].[Phone], [t2].[Status0]
      FROM (
          SELECT TOP(1) [b].[BookingId], [b].[BookingCode], [b].[BookingStatus], [b].[CreatedAt], [b].[DiscountAmount], [b].[QRCodeUrl], [b].[RowVersion], [b].[ServiceFee], [b].[ShowtimeId], [b].[TotalAmount], [b].[UserId], [u].[UserId] AS [UserId0], [u].[AvatarUrl], [u].[CreatedAt] AS [CreatedAt0], [u].[DateOfBirth], [u].[Email], [u].[EmailVerificationToken], [u].[FullName], [u].[Gender], [u].[IsActive], [u].[IsEmailVerified], [u].[IsPhoneVerified], [u].[MembershipPoints], [u].[PasswordHash], [u].[PasswordResetToken], [u].[PhoneNumber], [u].[ResetTokenExpires], [s].[ShowtimeId] AS [ShowtimeId0], [s].[CustomPrice], [s].[EndTime], [s].[HallId], [s].[IsPriceOverride], [s].[MovieId], [s].[PriceId], [s].[RowVersion] AS [RowVersion0], [s].[StartTime], [t].[MovieId] AS [MovieId0], [t].[AgeRatingId], [t].[BannerUrl], [t].[CreatedAt] AS [CreatedAt1], [t].[CreatedBy], [t].[DeletedAt], [t].[DeletedBy], [t].[Description], [t].[DirectorId], [t].[Duration], [t].[EndDate], [t].[GenreId], [t].[IsDeleted], [t].[IsFeatured], [t].[Language], [t].[LastModifiedAt], [t].[LastModifiedBy], [t].[PosterUrl], [t].[Rating], [t].[ReleaseDate], [t].[Slug], [t].[Status], [t].[Title], [t].[TrailerUrl], [t0].[HallId] AS [HallId0], [t0].[Capacity], [t0].[CinemaId], [t0].[CreatedAt] AS [CreatedAt2], [t0].[CreatedBy] AS [CreatedBy0], [t0].[DeletedAt] AS [DeletedAt0], [t0].[DeletedBy] AS [DeletedBy0], [t0].[Description] AS [Description0], [t0].[HallName], [t0].[HallTypeId], [t0].[IsDeleted] AS [IsDeleted0], [t0].[LastModifiedAt] AS [LastModifiedAt0], [t0].[LastModifiedBy] AS [LastModifiedBy0], [t1].[CinemaId] AS [CinemaId0], [t1].[Address], [t1].[BannerUrl] AS [BannerUrl0], [t1].[CinemaName], [t1].[CityId], [t1].[ClosingTime], [t1].[CreatedAt] AS [CreatedAt3], [t1].[CreatedBy] AS [CreatedBy1], [t1].[DeletedAt] AS [DeletedAt1], [t1].[DeletedBy] AS [DeletedBy1], [t1].[Email] AS [Email0], [t1].[GalleryUrls], [t1].[GoogleMapsUrl], [t1].[ImageUrl], [t1].[IsDeleted] AS [IsDeleted1], [t1].[LastModifiedAt] AS [LastModifiedAt1], [t1].[LastModifiedBy] AS [LastModifiedBy1], [t1].[Latitude], [t1].[LogoUrl], [t1].[Longitude], [t1].[OpeningTime], [t1].[Phone], [t1].[Status] AS [Status0]
          FROM [Bookings] AS [b]
          INNER JOIN [Users] AS [u] ON [b].[UserId] = [u].[UserId]
          INNER JOIN [Showtimes] AS [s] ON [b].[ShowtimeId] = [s].[ShowtimeId]
          INNER JOIN (
              SELECT [m].[MovieId], [m].[AgeRatingId], [m].[BannerUrl], [m].[CreatedAt], [m].[CreatedBy], [m].[DeletedAt], [m].[DeletedBy], [m].[Description], [m].[DirectorId], [m].[Duration], [m].[EndDate], [m].[GenreId], [m].[IsDeleted], [m].[IsFeatured], [m].[Language], [m].[LastModifiedAt], [m].[LastModifiedBy], [m].[PosterUrl], [m].[Rating], [m].[ReleaseDate], [m].[Slug], [m].[Status], [m].[Title], [m].[TrailerUrl]
              FROM [Movies] AS [m]
              WHERE [m].[IsDeleted] = CAST(0 AS bit)
          ) AS [t] ON [s].[MovieId] = [t].[MovieId]
          INNER JOIN (
              SELECT [h].[HallId], [h].[Capacity], [h].[CinemaId], [h].[CreatedAt], [h].[CreatedBy], [h].[DeletedAt], [h].[DeletedBy], [h].[Description], [h].[HallName], [h].[HallTypeId], [h].[IsDeleted], [h].[LastModifiedAt], [h].[LastModifiedBy]
              FROM [Halls] AS [h]
              WHERE [h].[IsDeleted] = CAST(0 AS bit)
          ) AS [t0] ON [s].[HallId] = [t0].[HallId]
          INNER JOIN (
              SELECT [c].[CinemaId], [c].[Address], [c].[BannerUrl], [c].[CinemaName], [c].[CityId], [c].[ClosingTime], [c].[CreatedAt], [c].[CreatedBy], [c].[DeletedAt], [c].[DeletedBy], [c].[Email], [c].[GalleryUrls], [c].[GoogleMapsUrl], [c].[ImageUrl], [c].[IsDeleted], [c].[LastModifiedAt], [c].[LastModifiedBy], [c].[Latitude], [c].[LogoUrl], [c].[Longitude], [c].[OpeningTime], [c].[Phone], [c].[Status]
              FROM [Cinemas] AS [c]
              WHERE [c].[IsDeleted] = CAST(0 AS bit)
          ) AS [t1] ON [t0].[CinemaId] = [t1].[CinemaId]
          WHERE [b].[BookingId] = @__id_0
      ) AS [t2]
      LEFT JOIN (
          SELECT [b0].[BookingSeatId], [b0].[BookingId], [b0].[SeatId], [b0].[UnitPrice], [t4].[SeatId] AS [SeatId0], [t4].[CreatedAt], [t4].[CreatedBy], [t4].[DeletedAt], [t4].[DeletedBy], [t4].[HallId], [t4].[IsDeleted], [t4].[LastModifiedAt], [t4].[LastModifiedBy], [t4].[SeatCode], [t4].[SeatTypeId]
          FROM [BookingSeats] AS [b0]
          INNER JOIN (
              SELECT [s0].[SeatId], [s0].[CreatedAt], [s0].[CreatedBy], [s0].[DeletedAt], [s0].[DeletedBy], [s0].[HallId], [s0].[IsDeleted], [s0].[LastModifiedAt], [s0].[LastModifiedBy], [s0].[SeatCode], [s0].[SeatTypeId]
              FROM [Seats] AS [s0]
              WHERE [s0].[IsDeleted] = CAST(0 AS bit)
          ) AS [t4] ON [b0].[SeatId] = [t4].[SeatId]
      ) AS [t3] ON [t2].[BookingId] = [t3].[BookingId]
      ORDER BY [t2].[BookingId], [t2].[UserId0], [t2].[ShowtimeId0], [t2].[MovieId0], [t2].[HallId0], [t2].[CinemaId0], [t3].[BookingSeatId]
info: CinemaBooking.API.Middleware.RequestLoggingMiddleware[0]
      HTTP Request Finished. Status: 200, Duration: 8ms, CorrelationId: 10e04959-61ee-4163-a698-a59998307e1e, TraceId: 0HNMALRM69NUP:0000000C
info: Microsoft.EntityFrameworkCore.Database.Command[20101]
      Executed DbCommand (2ms) [Parameters=[@__p_0='?' (DbType = Int32)], CommandType='Text', CommandTimeout='30']
      SELECT TOP(@__p_0) [o].[Id], [o].[Error], [o].[EventName], [o].[OccurredOn], [o].[Payload], [o].[ProcessedOn]
      FROM [OutboxEvents] AS [o]
      WHERE [o].[ProcessedOn] IS NULL
      ORDER BY [o].[OccurredOn]
info: Microsoft.EntityFrameworkCore.Database.Command[20101]
      Executed DbCommand (2ms) [Parameters=[@__p_0='?' (DbType = Int32)], CommandType='Text', CommandTimeout='30']
      SELECT TOP(@__p_0) [o].[Id], [o].[Error], [o].[EventName], [o].[OccurredOn], [o].[Payload], [o].[ProcessedOn]
      FROM [OutboxEvents] AS [o]
      WHERE [o].[ProcessedOn] IS NULL
      ORDER BY [o].[OccurredOn]
info: CinemaBooking.API.Services.Implementations.BookingService[0]
      Scanning for expired pending bookings created before 06/15/2026 07:18:27
info: Microsoft.EntityFrameworkCore.Database.Command[20101]
      Executed DbCommand (3ms) [Parameters=[@__threshold_0='?' (DbType = DateTime2)], CommandType='Text', CommandTimeout='30']
      SELECT [b].[BookingId], [b].[BookingCode], [b].[BookingStatus], [b].[CreatedAt], [b].[DiscountAmount], [b].[QRCodeUrl], [b].[RowVersion], [b].[ServiceFee], [b].[ShowtimeId], [b].[TotalAmount], [b].[UserId], [b0].[BookingSeatId], [b0].[BookingId], [b0].[SeatId], [b0].[UnitPrice]
      FROM [Bookings] AS [b]
      LEFT JOIN [BookingSeats] AS [b0] ON [b].[BookingId] = [b0].[BookingId]
      WHERE [b].[BookingStatus] = N'Pending' AND [b].[CreatedAt] < @__threshold_0
      ORDER BY [b].[BookingId]
info: Microsoft.EntityFrameworkCore.Database.Command[20101]
      Executed DbCommand (2ms) [Parameters=[@__p_0='?' (DbType = Int32)], CommandType='Text', CommandTimeout='30']
      SELECT TOP(@__p_0) [o].[Id], [o].[Error], [o].[EventName], [o].[OccurredOn], [o].[Payload], [o].[ProcessedOn]
      FROM [OutboxEvents] AS [o]
      WHERE [o].[ProcessedOn] IS NULL
      ORDER BY [o].[OccurredOn]
info: Microsoft.EntityFrameworkCore.Database.Command[20101]
      Executed DbCommand (2ms) [Parameters=[@__p_0='?' (DbType = Int32)], CommandType='Text', CommandTimeout='30']
      SELECT TOP(@__p_0) [o].[Id], [o].[Error], [o].[EventName], [o].[OccurredOn], [o].[Payload], [o].[ProcessedOn]
      FROM [OutboxEvents] AS [o]
      WHERE [o].[ProcessedOn] IS NULL
      ORDER BY [o].[OccurredOn]
info: Microsoft.EntityFrameworkCore.Database.Command[20101]
      Executed DbCommand (1ms) [Parameters=[@__p_0='?' (DbType = Int32)], CommandType='Text', CommandTimeout='30']
      SELECT TOP(@__p_0) [o].[Id], [o].[Error], [o].[EventName], [o].[OccurredOn], [o].[Payload], [o].[ProcessedOn]
      FROM [OutboxEvents] AS [o]
      WHERE [o].[ProcessedOn] IS NULL
      ORDER BY [o].[OccurredOn]
info: CinemaBooking.API.Middleware.RequestLoggingMiddleware[0]
      HTTP Request Started. Method: OPTIONS, Path: /api/bookings/7, QueryString: , CorrelationId: 1b9789be-189f-4b57-b726-7b6f1e9a2a63
info: CinemaBooking.API.Middleware.RequestLoggingMiddleware[0]
      HTTP Request Finished. Status: 204, Duration: 0ms, CorrelationId: 1b9789be-189f-4b57-b726-7b6f1e9a2a63, TraceId: 0HNMALRM69NUP:0000000D
info: CinemaBooking.API.Middleware.RequestLoggingMiddleware[0]
      HTTP Request Started. Method: GET, Path: /api/bookings/7, QueryString: , CorrelationId: f0ff0a13-5c76-4d96-8fdd-ef17806b32d9
info: CinemaBooking.API.Services.Implementations.BookingService[0]
      Retrieving booking by ID: 7
info: Microsoft.EntityFrameworkCore.Database.Command[20101]
      Executed DbCommand (7ms) [Parameters=[@__id_0='?' (DbType = Int32)], CommandType='Text', CommandTimeout='30']
      SELECT [t2].[BookingId], [t2].[BookingCode], [t2].[BookingStatus], [t2].[CreatedAt], [t2].[DiscountAmount], [t2].[QRCodeUrl], [t2].[RowVersion], [t2].[ServiceFee], [t2].[ShowtimeId], [t2].[TotalAmount], [t2].[UserId], [t2].[UserId0], [t2].[AvatarUrl], [t2].[CreatedAt0], [t2].[DateOfBirth], [t2].[Email], [t2].[EmailVerificationToken], [t2].[FullName], [t2].[Gender], [t2].[IsActive], [t2].[IsEmailVerified], [t2].[IsPhoneVerified], [t2].[MembershipPoints], [t2].[PasswordHash], [t2].[PasswordResetToken], [t2].[PhoneNumber], [t2].[ResetTokenExpires], [t2].[ShowtimeId0], [t2].[MovieId0], [t2].[HallId0], [t2].[CinemaId0], [t3].[BookingSeatId], [t3].[BookingId], [t3].[SeatId], [t3].[UnitPrice], [t3].[SeatId0], [t3].[CreatedAt], [t3].[CreatedBy], [t3].[DeletedAt], [t3].[DeletedBy], [t3].[HallId], [t3].[IsDeleted], [t3].[LastModifiedAt], [t3].[LastModifiedBy], [t3].[SeatCode], [t3].[SeatTypeId], [t2].[CustomPrice], [t2].[EndTime], [t2].[HallId], [t2].[IsPriceOverride], [t2].[MovieId], [t2].[PriceId], [t2].[RowVersion0], [t2].[StartTime], [t2].[AgeRatingId], [t2].[BannerUrl], [t2].[CreatedAt1], [t2].[CreatedBy], [t2].[DeletedAt], [t2].[DeletedBy], [t2].[Description], [t2].[DirectorId], [t2].[Duration], [t2].[EndDate], [t2].[GenreId], [t2].[IsDeleted], [t2].[IsFeatured], [t2].[Language], [t2].[LastModifiedAt], [t2].[LastModifiedBy], [t2].[PosterUrl], [t2].[Rating], [t2].[ReleaseDate], [t2].[Slug], [t2].[Status], [t2].[Title], [t2].[TrailerUrl], [t2].[Capacity], [t2].[CinemaId], [t2].[CreatedAt2], [t2].[CreatedBy0], [t2].[DeletedAt0], [t2].[DeletedBy0], [t2].[Description0], [t2].[HallName], [t2].[HallTypeId], [t2].[IsDeleted0], [t2].[LastModifiedAt0], [t2].[LastModifiedBy0], [t2].[Address], [t2].[BannerUrl0], [t2].[CinemaName], [t2].[CityId], [t2].[ClosingTime], [t2].[CreatedAt3], [t2].[CreatedBy1], [t2].[DeletedAt1], [t2].[DeletedBy1], [t2].[Email0], [t2].[GalleryUrls], [t2].[GoogleMapsUrl], [t2].[ImageUrl], [t2].[IsDeleted1], [t2].[LastModifiedAt1], [t2].[LastModifiedBy1], [t2].[Latitude], [t2].[LogoUrl], [t2].[Longitude], [t2].[OpeningTime], [t2].[Phone], [t2].[Status0]
      FROM (
          SELECT TOP(1) [b].[BookingId], [b].[BookingCode], [b].[BookingStatus], [b].[CreatedAt], [b].[DiscountAmount], [b].[QRCodeUrl], [b].[RowVersion], [b].[ServiceFee], [b].[ShowtimeId], [b].[TotalAmount], [b].[UserId], [u].[UserId] AS [UserId0], [u].[AvatarUrl], [u].[CreatedAt] AS [CreatedAt0], [u].[DateOfBirth], [u].[Email], [u].[EmailVerificationToken], [u].[FullName], [u].[Gender], [u].[IsActive], [u].[IsEmailVerified], [u].[IsPhoneVerified], [u].[MembershipPoints], [u].[PasswordHash], [u].[PasswordResetToken], [u].[PhoneNumber], [u].[ResetTokenExpires], [s].[ShowtimeId] AS [ShowtimeId0], [s].[CustomPrice], [s].[EndTime], [s].[HallId], [s].[IsPriceOverride], [s].[MovieId], [s].[PriceId], [s].[RowVersion] AS [RowVersion0], [s].[StartTime], [t].[MovieId] AS [MovieId0], [t].[AgeRatingId], [t].[BannerUrl], [t].[CreatedAt] AS [CreatedAt1], [t].[CreatedBy], [t].[DeletedAt], [t].[DeletedBy], [t].[Description], [t].[DirectorId], [t].[Duration], [t].[EndDate], [t].[GenreId], [t].[IsDeleted], [t].[IsFeatured], [t].[Language], [t].[LastModifiedAt], [t].[LastModifiedBy], [t].[PosterUrl], [t].[Rating], [t].[ReleaseDate], [t].[Slug], [t].[Status], [t].[Title], [t].[TrailerUrl], [t0].[HallId] AS [HallId0], [t0].[Capacity], [t0].[CinemaId], [t0].[CreatedAt] AS [CreatedAt2], [t0].[CreatedBy] AS [CreatedBy0], [t0].[DeletedAt] AS [DeletedAt0], [t0].[DeletedBy] AS [DeletedBy0], [t0].[Description] AS [Description0], [t0].[HallName], [t0].[HallTypeId], [t0].[IsDeleted] AS [IsDeleted0], [t0].[LastModifiedAt] AS [LastModifiedAt0], [t0].[LastModifiedBy] AS [LastModifiedBy0], [t1].[CinemaId] AS [CinemaId0], [t1].[Address], [t1].[BannerUrl] AS [BannerUrl0], [t1].[CinemaName], [t1].[CityId], [t1].[ClosingTime], [t1].[CreatedAt] AS [CreatedAt3], [t1].[CreatedBy] AS [CreatedBy1], [t1].[DeletedAt] AS [DeletedAt1], [t1].[DeletedBy] AS [DeletedBy1], [t1].[Email] AS [Email0], [t1].[GalleryUrls], [t1].[GoogleMapsUrl], [t1].[ImageUrl], [t1].[IsDeleted] AS [IsDeleted1], [t1].[LastModifiedAt] AS [LastModifiedAt1], [t1].[LastModifiedBy] AS [LastModifiedBy1], [t1].[Latitude], [t1].[LogoUrl], [t1].[Longitude], [t1].[OpeningTime], [t1].[Phone], [t1].[Status] AS [Status0]
          FROM [Bookings] AS [b]
          INNER JOIN [Users] AS [u] ON [b].[UserId] = [u].[UserId]
          INNER JOIN [Showtimes] AS [s] ON [b].[ShowtimeId] = [s].[ShowtimeId]
          INNER JOIN (
              SELECT [m].[MovieId], [m].[AgeRatingId], [m].[BannerUrl], [m].[CreatedAt], [m].[CreatedBy], [m].[DeletedAt], [m].[DeletedBy], [m].[Description], [m].[DirectorId], [m].[Duration], [m].[EndDate], [m].[GenreId], [m].[IsDeleted], [m].[IsFeatured], [m].[Language], [m].[LastModifiedAt], [m].[LastModifiedBy], [m].[PosterUrl], [m].[Rating], [m].[ReleaseDate], [m].[Slug], [m].[Status], [m].[Title], [m].[TrailerUrl]
              FROM [Movies] AS [m]
              WHERE [m].[IsDeleted] = CAST(0 AS bit)
          ) AS [t] ON [s].[MovieId] = [t].[MovieId]
          INNER JOIN (
              SELECT [h].[HallId], [h].[Capacity], [h].[CinemaId], [h].[CreatedAt], [h].[CreatedBy], [h].[DeletedAt], [h].[DeletedBy], [h].[Description], [h].[HallName], [h].[HallTypeId], [h].[IsDeleted], [h].[LastModifiedAt], [h].[LastModifiedBy]
              FROM [Halls] AS [h]
              WHERE [h].[IsDeleted] = CAST(0 AS bit)
          ) AS [t0] ON [s].[HallId] = [t0].[HallId]
          INNER JOIN (
              SELECT [c].[CinemaId], [c].[Address], [c].[BannerUrl], [c].[CinemaName], [c].[CityId], [c].[ClosingTime], [c].[CreatedAt], [c].[CreatedBy], [c].[DeletedAt], [c].[DeletedBy], [c].[Email], [c].[GalleryUrls], [c].[GoogleMapsUrl], [c].[ImageUrl], [c].[IsDeleted], [c].[LastModifiedAt], [c].[LastModifiedBy], [c].[Latitude], [c].[LogoUrl], [c].[Longitude], [c].[OpeningTime], [c].[Phone], [c].[Status]
              FROM [Cinemas] AS [c]
              WHERE [c].[IsDeleted] = CAST(0 AS bit)
          ) AS [t1] ON [t0].[CinemaId] = [t1].[CinemaId]
          WHERE [b].[BookingId] = @__id_0
      ) AS [t2]
      LEFT JOIN (
          SELECT [b0].[BookingSeatId], [b0].[BookingId], [b0].[SeatId], [b0].[UnitPrice], [t4].[SeatId] AS [SeatId0], [t4].[CreatedAt], [t4].[CreatedBy], [t4].[DeletedAt], [t4].[DeletedBy], [t4].[HallId], [t4].[IsDeleted], [t4].[LastModifiedAt], [t4].[LastModifiedBy], [t4].[SeatCode], [t4].[SeatTypeId]
          FROM [BookingSeats] AS [b0]
          INNER JOIN (
              SELECT [s0].[SeatId], [s0].[CreatedAt], [s0].[CreatedBy], [s0].[DeletedAt], [s0].[DeletedBy], [s0].[HallId], [s0].[IsDeleted], [s0].[LastModifiedAt], [s0].[LastModifiedBy], [s0].[SeatCode], [s0].[SeatTypeId]
              FROM [Seats] AS [s0]
              WHERE [s0].[IsDeleted] = CAST(0 AS bit)
          ) AS [t4] ON [b0].[SeatId] = [t4].[SeatId]
      ) AS [t3] ON [t2].[BookingId] = [t3].[BookingId]
      ORDER BY [t2].[BookingId], [t2].[UserId0], [t2].[ShowtimeId0], [t2].[MovieId0], [t2].[HallId0], [t2].[CinemaId0], [t3].[BookingSeatId]
info: CinemaBooking.API.Middleware.RequestLoggingMiddleware[0]
      HTTP Request Finished. Status: 200, Duration: 10ms, CorrelationId: f0ff0a13-5c76-4d96-8fdd-ef17806b32d9, TraceId: 0HNMALRM69NUP:0000000E
info: Microsoft.EntityFrameworkCore.Database.Command[20101]
      Executed DbCommand (2ms) [Parameters=[@__p_0='?' (DbType = Int32)], CommandType='Text', CommandTimeout='30']
      SELECT TOP(@__p_0) [o].[Id], [o].[Error], [o].[EventName], [o].[OccurredOn], [o].[Payload], [o].[ProcessedOn]
      FROM [OutboxEvents] AS [o]
      WHERE [o].[ProcessedOn] IS NULL
      ORDER BY [o].[OccurredOn]
info: Microsoft.EntityFrameworkCore.Database.Command[20101]
      Executed DbCommand (0ms) [Parameters=[@__p_0='?' (DbType = Int32)], CommandType='Text', CommandTimeout='30']
      SELECT TOP(@__p_0) [o].[Id], [o].[Error], [o].[EventName], [o].[OccurredOn], [o].[Payload], [o].[ProcessedOn]
      FROM [OutboxEvents] AS [o]
      WHERE [o].[ProcessedOn] IS NULL
      ORDER BY [o].[OccurredOn]
info: Microsoft.EntityFrameworkCore.Database.Command[20101]
      Executed DbCommand (0ms) [Parameters=[@__p_0='?' (DbType = Int32)], CommandType='Text', CommandTimeout='30']
      SELECT TOP(@__p_0) [o].[Id], [o].[Error], [o].[EventName], [o].[OccurredOn], [o].[Payload], [o].[ProcessedOn]
      FROM [OutboxEvents] AS [o]
      WHERE [o].[ProcessedOn] IS NULL
      ORDER BY [o].[OccurredOn]
info: Microsoft.EntityFrameworkCore.Database.Command[20101]
      Executed DbCommand (1ms) [Parameters=[@__p_0='?' (DbType = Int32)], CommandType='Text', CommandTimeout='30']
      SELECT TOP(@__p_0) [o].[Id], [o].[Error], [o].[EventName], [o].[OccurredOn], [o].[Payload], [o].[ProcessedOn]
      FROM [OutboxEvents] AS [o]
      WHERE [o].[ProcessedOn] IS NULL
      ORDER BY [o].[OccurredOn]
info: Microsoft.EntityFrameworkCore.Database.Command[20101]
      Executed DbCommand (1ms) [Parameters=[@__p_0='?' (DbType = Int32)], CommandType='Text', CommandTimeout='30']
      SELECT TOP(@__p_0) [o].[Id], [o].[Error], [o].[EventName], [o].[OccurredOn], [o].[Payload], [o].[ProcessedOn]
      FROM [OutboxEvents] AS [o]
      WHERE [o].[ProcessedOn] IS NULL
      ORDER BY [o].[OccurredOn]
info: Microsoft.EntityFrameworkCore.Database.Command[20101]
      Executed DbCommand (1ms) [Parameters=[@__p_0='?' (DbType = Int32)], CommandType='Text', CommandTimeout='30']
      SELECT TOP(@__p_0) [o].[Id], [o].[Error], [o].[EventName], [o].[OccurredOn], [o].[Payload], [o].[ProcessedOn]
      FROM [OutboxEvents] AS [o]
      WHERE [o].[ProcessedOn] IS NULL
      ORDER BY [o].[OccurredOn]
info: CinemaBooking.API.Middleware.RequestLoggingMiddleware[0]
      HTTP Request Started. Method: OPTIONS, Path: /api/bookings/7, QueryString: , CorrelationId: d2d6d168-873d-4a5e-b399-d6b6eaa2bfce
info: CinemaBooking.API.Middleware.RequestLoggingMiddleware[0]
      HTTP Request Finished. Status: 204, Duration: 0ms, CorrelationId: d2d6d168-873d-4a5e-b399-d6b6eaa2bfce, TraceId: 0HNMALRM69NUP:0000000F
info: CinemaBooking.API.Middleware.RequestLoggingMiddleware[0]
      HTTP Request Started. Method: GET, Path: /api/bookings/7, QueryString: , CorrelationId: 3522e921-2a1d-476d-8c3d-cb9303fd8a50
info: CinemaBooking.API.Services.Implementations.BookingService[0]
      Retrieving booking by ID: 7
info: Microsoft.EntityFrameworkCore.Database.Command[20101]
      Executed DbCommand (1ms) [Parameters=[@__id_0='?' (DbType = Int32)], CommandType='Text', CommandTimeout='30']
      SELECT [t2].[BookingId], [t2].[BookingCode], [t2].[BookingStatus], [t2].[CreatedAt], [t2].[DiscountAmount], [t2].[QRCodeUrl], [t2].[RowVersion], [t2].[ServiceFee], [t2].[ShowtimeId], [t2].[TotalAmount], [t2].[UserId], [t2].[UserId0], [t2].[AvatarUrl], [t2].[CreatedAt0], [t2].[DateOfBirth], [t2].[Email], [t2].[EmailVerificationToken], [t2].[FullName], [t2].[Gender], [t2].[IsActive], [t2].[IsEmailVerified], [t2].[IsPhoneVerified], [t2].[MembershipPoints], [t2].[PasswordHash], [t2].[PasswordResetToken], [t2].[PhoneNumber], [t2].[ResetTokenExpires], [t2].[ShowtimeId0], [t2].[MovieId0], [t2].[HallId0], [t2].[CinemaId0], [t3].[BookingSeatId], [t3].[BookingId], [t3].[SeatId], [t3].[UnitPrice], [t3].[SeatId0], [t3].[CreatedAt], [t3].[CreatedBy], [t3].[DeletedAt], [t3].[DeletedBy], [t3].[HallId], [t3].[IsDeleted], [t3].[LastModifiedAt], [t3].[LastModifiedBy], [t3].[SeatCode], [t3].[SeatTypeId], [t2].[CustomPrice], [t2].[EndTime], [t2].[HallId], [t2].[IsPriceOverride], [t2].[MovieId], [t2].[PriceId], [t2].[RowVersion0], [t2].[StartTime], [t2].[AgeRatingId], [t2].[BannerUrl], [t2].[CreatedAt1], [t2].[CreatedBy], [t2].[DeletedAt], [t2].[DeletedBy], [t2].[Description], [t2].[DirectorId], [t2].[Duration], [t2].[EndDate], [t2].[GenreId], [t2].[IsDeleted], [t2].[IsFeatured], [t2].[Language], [t2].[LastModifiedAt], [t2].[LastModifiedBy], [t2].[PosterUrl], [t2].[Rating], [t2].[ReleaseDate], [t2].[Slug], [t2].[Status], [t2].[Title], [t2].[TrailerUrl], [t2].[Capacity], [t2].[CinemaId], [t2].[CreatedAt2], [t2].[CreatedBy0], [t2].[DeletedAt0], [t2].[DeletedBy0], [t2].[Description0], [t2].[HallName], [t2].[HallTypeId], [t2].[IsDeleted0], [t2].[LastModifiedAt0], [t2].[LastModifiedBy0], [t2].[Address], [t2].[BannerUrl0], [t2].[CinemaName], [t2].[CityId], [t2].[ClosingTime], [t2].[CreatedAt3], [t2].[CreatedBy1], [t2].[DeletedAt1], [t2].[DeletedBy1], [t2].[Email0], [t2].[GalleryUrls], [t2].[GoogleMapsUrl], [t2].[ImageUrl], [t2].[IsDeleted1], [t2].[LastModifiedAt1], [t2].[LastModifiedBy1], [t2].[Latitude], [t2].[LogoUrl], [t2].[Longitude], [t2].[OpeningTime], [t2].[Phone], [t2].[Status0]
      FROM (
          SELECT TOP(1) [b].[BookingId], [b].[BookingCode], [b].[BookingStatus], [b].[CreatedAt], [b].[DiscountAmount], [b].[QRCodeUrl], [b].[RowVersion], [b].[ServiceFee], [b].[ShowtimeId], [b].[TotalAmount], [b].[UserId], [u].[UserId] AS [UserId0], [u].[AvatarUrl], [u].[CreatedAt] AS [CreatedAt0], [u].[DateOfBirth], [u].[Email], [u].[EmailVerificationToken], [u].[FullName], [u].[Gender], [u].[IsActive], [u].[IsEmailVerified], [u].[IsPhoneVerified], [u].[MembershipPoints], [u].[PasswordHash], [u].[PasswordResetToken], [u].[PhoneNumber], [u].[ResetTokenExpires], [s].[ShowtimeId] AS [ShowtimeId0], [s].[CustomPrice], [s].[EndTime], [s].[HallId], [s].[IsPriceOverride], [s].[MovieId], [s].[PriceId], [s].[RowVersion] AS [RowVersion0], [s].[StartTime], [t].[MovieId] AS [MovieId0], [t].[AgeRatingId], [t].[BannerUrl], [t].[CreatedAt] AS [CreatedAt1], [t].[CreatedBy], [t].[DeletedAt], [t].[DeletedBy], [t].[Description], [t].[DirectorId], [t].[Duration], [t].[EndDate], [t].[GenreId], [t].[IsDeleted], [t].[IsFeatured], [t].[Language], [t].[LastModifiedAt], [t].[LastModifiedBy], [t].[PosterUrl], [t].[Rating], [t].[ReleaseDate], [t].[Slug], [t].[Status], [t].[Title], [t].[TrailerUrl], [t0].[HallId] AS [HallId0], [t0].[Capacity], [t0].[CinemaId], [t0].[CreatedAt] AS [CreatedAt2], [t0].[CreatedBy] AS [CreatedBy0], [t0].[DeletedAt] AS [DeletedAt0], [t0].[DeletedBy] AS [DeletedBy0], [t0].[Description] AS [Description0], [t0].[HallName], [t0].[HallTypeId], [t0].[IsDeleted] AS [IsDeleted0], [t0].[LastModifiedAt] AS [LastModifiedAt0], [t0].[LastModifiedBy] AS [LastModifiedBy0], [t1].[CinemaId] AS [CinemaId0], [t1].[Address], [t1].[BannerUrl] AS [BannerUrl0], [t1].[CinemaName], [t1].[CityId], [t1].[ClosingTime], [t1].[CreatedAt] AS [CreatedAt3], [t1].[CreatedBy] AS [CreatedBy1], [t1].[DeletedAt] AS [DeletedAt1], [t1].[DeletedBy] AS [DeletedBy1], [t1].[Email] AS [Email0], [t1].[GalleryUrls], [t1].[GoogleMapsUrl], [t1].[ImageUrl], [t1].[IsDeleted] AS [IsDeleted1], [t1].[LastModifiedAt] AS [LastModifiedAt1], [t1].[LastModifiedBy] AS [LastModifiedBy1], [t1].[Latitude], [t1].[LogoUrl], [t1].[Longitude], [t1].[OpeningTime], [t1].[Phone], [t1].[Status] AS [Status0]
          FROM [Bookings] AS [b]
          INNER JOIN [Users] AS [u] ON [b].[UserId] = [u].[UserId]
          INNER JOIN [Showtimes] AS [s] ON [b].[ShowtimeId] = [s].[ShowtimeId]
          INNER JOIN (
              SELECT [m].[MovieId], [m].[AgeRatingId], [m].[BannerUrl], [m].[CreatedAt], [m].[CreatedBy], [m].[DeletedAt], [m].[DeletedBy], [m].[Description], [m].[DirectorId], [m].[Duration], [m].[EndDate], [m].[GenreId], [m].[IsDeleted], [m].[IsFeatured], [m].[Language], [m].[LastModifiedAt], [m].[LastModifiedBy], [m].[PosterUrl], [m].[Rating], [m].[ReleaseDate], [m].[Slug], [m].[Status], [m].[Title], [m].[TrailerUrl]
              FROM [Movies] AS [m]
              WHERE [m].[IsDeleted] = CAST(0 AS bit)
          ) AS [t] ON [s].[MovieId] = [t].[MovieId]
          INNER JOIN (
              SELECT [h].[HallId], [h].[Capacity], [h].[CinemaId], [h].[CreatedAt], [h].[CreatedBy], [h].[DeletedAt], [h].[DeletedBy], [h].[Description], [h].[HallName], [h].[HallTypeId], [h].[IsDeleted], [h].[LastModifiedAt], [h].[LastModifiedBy]
              FROM [Halls] AS [h]
              WHERE [h].[IsDeleted] = CAST(0 AS bit)
          ) AS [t0] ON [s].[HallId] = [t0].[HallId]
          INNER JOIN (
              SELECT [c].[CinemaId], [c].[Address], [c].[BannerUrl], [c].[CinemaName], [c].[CityId], [c].[ClosingTime], [c].[CreatedAt], [c].[CreatedBy], [c].[DeletedAt], [c].[DeletedBy], [c].[Email], [c].[GalleryUrls], [c].[GoogleMapsUrl], [c].[ImageUrl], [c].[IsDeleted], [c].[LastModifiedAt], [c].[LastModifiedBy], [c].[Latitude], [c].[LogoUrl], [c].[Longitude], [c].[OpeningTime], [c].[Phone], [c].[Status]
              FROM [Cinemas] AS [c]
              WHERE [c].[IsDeleted] = CAST(0 AS bit)
          ) AS [t1] ON [t0].[CinemaId] = [t1].[CinemaId]
          WHERE [b].[BookingId] = @__id_0
      ) AS [t2]
      LEFT JOIN (
          SELECT [b0].[BookingSeatId], [b0].[BookingId], [b0].[SeatId], [b0].[UnitPrice], [t4].[SeatId] AS [SeatId0], [t4].[CreatedAt], [t4].[CreatedBy], [t4].[DeletedAt], [t4].[DeletedBy], [t4].[HallId], [t4].[IsDeleted], [t4].[LastModifiedAt], [t4].[LastModifiedBy], [t4].[SeatCode], [t4].[SeatTypeId]
          FROM [BookingSeats] AS [b0]
          INNER JOIN (
              SELECT [s0].[SeatId], [s0].[CreatedAt], [s0].[CreatedBy], [s0].[DeletedAt], [s0].[DeletedBy], [s0].[HallId], [s0].[IsDeleted], [s0].[LastModifiedAt], [s0].[LastModifiedBy], [s0].[SeatCode], [s0].[SeatTypeId]
              FROM [Seats] AS [s0]
              WHERE [s0].[IsDeleted] = CAST(0 AS bit)
          ) AS [t4] ON [b0].[SeatId] = [t4].[SeatId]
      ) AS [t3] ON [t2].[BookingId] = [t3].[BookingId]
      ORDER BY [t2].[BookingId], [t2].[UserId0], [t2].[ShowtimeId0], [t2].[MovieId0], [t2].[HallId0], [t2].[CinemaId0], [t3].[BookingSeatId]
info: CinemaBooking.API.Middleware.RequestLoggingMiddleware[0]
      HTTP Request Finished. Status: 200, Duration: 4ms, CorrelationId: 3522e921-2a1d-476d-8c3d-cb9303fd8a50, TraceId: 0HNMALRM69NUP:00000010
info: Microsoft.EntityFrameworkCore.Database.Command[20101]
      Executed DbCommand (0ms) [Parameters=[@__p_0='?' (DbType = Int32)], CommandType='Text', CommandTimeout='30']
      SELECT TOP(@__p_0) [o].[Id], [o].[Error], [o].[EventName], [o].[OccurredOn], [o].[Payload], [o].[ProcessedOn]
      FROM [OutboxEvents] AS [o]
      WHERE [o].[ProcessedOn] IS NULL
      ORDER BY [o].[OccurredOn]
info: Microsoft.EntityFrameworkCore.Database.Command[20101]
      Executed DbCommand (0ms) [Parameters=[@__p_0='?' (DbType = Int32)], CommandType='Text', CommandTimeout='30']
      SELECT TOP(@__p_0) [o].[Id], [o].[Error], [o].[EventName], [o].[OccurredOn], [o].[Payload], [o].[ProcessedOn]
      FROM [OutboxEvents] AS [o]
      WHERE [o].[ProcessedOn] IS NULL
      ORDER BY [o].[OccurredOn]
info: Microsoft.EntityFrameworkCore.Database.Command[20101]
      Executed DbCommand (1ms) [Parameters=[@__p_0='?' (DbType = Int32)], CommandType='Text', CommandTimeout='30']
      SELECT TOP(@__p_0) [o].[Id], [o].[Error], [o].[EventName], [o].[OccurredOn], [o].[Payload], [o].[ProcessedOn]
      FROM [OutboxEvents] AS [o]
      WHERE [o].[ProcessedOn] IS NULL
      ORDER BY [o].[OccurredOn]
info: Microsoft.EntityFrameworkCore.Database.Command[20101]
      Executed DbCommand (0ms) [Parameters=[@__p_0='?' (DbType = Int32)], CommandType='Text', CommandTimeout='30']
      SELECT TOP(@__p_0) [o].[Id], [o].[Error], [o].[EventName], [o].[OccurredOn], [o].[Payload], [o].[ProcessedOn]
      FROM [OutboxEvents] AS [o]
      WHERE [o].[ProcessedOn] IS NULL
      ORDER BY [o].[OccurredOn]
info: Microsoft.EntityFrameworkCore.Database.Command[20101]
      Executed DbCommand (1ms) [Parameters=[@__p_0='?' (DbType = Int32)], CommandType='Text', CommandTimeout='30']
      SELECT TOP(@__p_0) [o].[Id], [o].[Error], [o].[EventName], [o].[OccurredOn], [o].[Payload], [o].[ProcessedOn]
      FROM [OutboxEvents] AS [o]
      WHERE [o].[ProcessedOn] IS NULL
      ORDER BY [o].[OccurredOn]
info: CinemaBooking.API.Middleware.RequestLoggingMiddleware[0]
      HTTP Request Started. Method: GET, Path: /api/bookings/7, QueryString: , CorrelationId: 2c30d706-7a3d-4d88-8b0e-c92fcab38f9e
info: CinemaBooking.API.Services.Implementations.BookingService[0]
      Retrieving booking by ID: 7
info: Microsoft.EntityFrameworkCore.Database.Command[20101]
      Executed DbCommand (1ms) [Parameters=[@__id_0='?' (DbType = Int32)], CommandType='Text', CommandTimeout='30']
      SELECT [t2].[BookingId], [t2].[BookingCode], [t2].[BookingStatus], [t2].[CreatedAt], [t2].[DiscountAmount], [t2].[QRCodeUrl], [t2].[RowVersion], [t2].[ServiceFee], [t2].[ShowtimeId], [t2].[TotalAmount], [t2].[UserId], [t2].[UserId0], [t2].[AvatarUrl], [t2].[CreatedAt0], [t2].[DateOfBirth], [t2].[Email], [t2].[EmailVerificationToken], [t2].[FullName], [t2].[Gender], [t2].[IsActive], [t2].[IsEmailVerified], [t2].[IsPhoneVerified], [t2].[MembershipPoints], [t2].[PasswordHash], [t2].[PasswordResetToken], [t2].[PhoneNumber], [t2].[ResetTokenExpires], [t2].[ShowtimeId0], [t2].[MovieId0], [t2].[HallId0], [t2].[CinemaId0], [t3].[BookingSeatId], [t3].[BookingId], [t3].[SeatId], [t3].[UnitPrice], [t3].[SeatId0], [t3].[CreatedAt], [t3].[CreatedBy], [t3].[DeletedAt], [t3].[DeletedBy], [t3].[HallId], [t3].[IsDeleted], [t3].[LastModifiedAt], [t3].[LastModifiedBy], [t3].[SeatCode], [t3].[SeatTypeId], [t2].[CustomPrice], [t2].[EndTime], [t2].[HallId], [t2].[IsPriceOverride], [t2].[MovieId], [t2].[PriceId], [t2].[RowVersion0], [t2].[StartTime], [t2].[AgeRatingId], [t2].[BannerUrl], [t2].[CreatedAt1], [t2].[CreatedBy], [t2].[DeletedAt], [t2].[DeletedBy], [t2].[Description], [t2].[DirectorId], [t2].[Duration], [t2].[EndDate], [t2].[GenreId], [t2].[IsDeleted], [t2].[IsFeatured], [t2].[Language], [t2].[LastModifiedAt], [t2].[LastModifiedBy], [t2].[PosterUrl], [t2].[Rating], [t2].[ReleaseDate], [t2].[Slug], [t2].[Status], [t2].[Title], [t2].[TrailerUrl], [t2].[Capacity], [t2].[CinemaId], [t2].[CreatedAt2], [t2].[CreatedBy0], [t2].[DeletedAt0], [t2].[DeletedBy0], [t2].[Description0], [t2].[HallName], [t2].[HallTypeId], [t2].[IsDeleted0], [t2].[LastModifiedAt0], [t2].[LastModifiedBy0], [t2].[Address], [t2].[BannerUrl0], [t2].[CinemaName], [t2].[CityId], [t2].[ClosingTime], [t2].[CreatedAt3], [t2].[CreatedBy1], [t2].[DeletedAt1], [t2].[DeletedBy1], [t2].[Email0], [t2].[GalleryUrls], [t2].[GoogleMapsUrl], [t2].[ImageUrl], [t2].[IsDeleted1], [t2].[LastModifiedAt1], [t2].[LastModifiedBy1], [t2].[Latitude], [t2].[LogoUrl], [t2].[Longitude], [t2].[OpeningTime], [t2].[Phone], [t2].[Status0]
      FROM (
          SELECT TOP(1) [b].[BookingId], [b].[BookingCode], [b].[BookingStatus], [b].[CreatedAt], [b].[DiscountAmount], [b].[QRCodeUrl], [b].[RowVersion], [b].[ServiceFee], [b].[ShowtimeId], [b].[TotalAmount], [b].[UserId], [u].[UserId] AS [UserId0], [u].[AvatarUrl], [u].[CreatedAt] AS [CreatedAt0], [u].[DateOfBirth], [u].[Email], [u].[EmailVerificationToken], [u].[FullName], [u].[Gender], [u].[IsActive], [u].[IsEmailVerified], [u].[IsPhoneVerified], [u].[MembershipPoints], [u].[PasswordHash], [u].[PasswordResetToken], [u].[PhoneNumber], [u].[ResetTokenExpires], [s].[ShowtimeId] AS [ShowtimeId0], [s].[CustomPrice], [s].[EndTime], [s].[HallId], [s].[IsPriceOverride], [s].[MovieId], [s].[PriceId], [s].[RowVersion] AS [RowVersion0], [s].[StartTime], [t].[MovieId] AS [MovieId0], [t].[AgeRatingId], [t].[BannerUrl], [t].[CreatedAt] AS [CreatedAt1], [t].[CreatedBy], [t].[DeletedAt], [t].[DeletedBy], [t].[Description], [t].[DirectorId], [t].[Duration], [t].[EndDate], [t].[GenreId], [t].[IsDeleted], [t].[IsFeatured], [t].[Language], [t].[LastModifiedAt], [t].[LastModifiedBy], [t].[PosterUrl], [t].[Rating], [t].[ReleaseDate], [t].[Slug], [t].[Status], [t].[Title], [t].[TrailerUrl], [t0].[HallId] AS [HallId0], [t0].[Capacity], [t0].[CinemaId], [t0].[CreatedAt] AS [CreatedAt2], [t0].[CreatedBy] AS [CreatedBy0], [t0].[DeletedAt] AS [DeletedAt0], [t0].[DeletedBy] AS [DeletedBy0], [t0].[Description] AS [Description0], [t0].[HallName], [t0].[HallTypeId], [t0].[IsDeleted] AS [IsDeleted0], [t0].[LastModifiedAt] AS [LastModifiedAt0], [t0].[LastModifiedBy] AS [LastModifiedBy0], [t1].[CinemaId] AS [CinemaId0], [t1].[Address], [t1].[BannerUrl] AS [BannerUrl0], [t1].[CinemaName], [t1].[CityId], [t1].[ClosingTime], [t1].[CreatedAt] AS [CreatedAt3], [t1].[CreatedBy] AS [CreatedBy1], [t1].[DeletedAt] AS [DeletedAt1], [t1].[DeletedBy] AS [DeletedBy1], [t1].[Email] AS [Email0], [t1].[GalleryUrls], [t1].[GoogleMapsUrl], [t1].[ImageUrl], [t1].[IsDeleted] AS [IsDeleted1], [t1].[LastModifiedAt] AS [LastModifiedAt1], [t1].[LastModifiedBy] AS [LastModifiedBy1], [t1].[Latitude], [t1].[LogoUrl], [t1].[Longitude], [t1].[OpeningTime], [t1].[Phone], [t1].[Status] AS [Status0]
          FROM [Bookings] AS [b]
          INNER JOIN [Users] AS [u] ON [b].[UserId] = [u].[UserId]
          INNER JOIN [Showtimes] AS [s] ON [b].[ShowtimeId] = [s].[ShowtimeId]
          INNER JOIN (
              SELECT [m].[MovieId], [m].[AgeRatingId], [m].[BannerUrl], [m].[CreatedAt], [m].[CreatedBy], [m].[DeletedAt], [m].[DeletedBy], [m].[Description], [m].[DirectorId], [m].[Duration], [m].[EndDate], [m].[GenreId], [m].[IsDeleted], [m].[IsFeatured], [m].[Language], [m].[LastModifiedAt], [m].[LastModifiedBy], [m].[PosterUrl], [m].[Rating], [m].[ReleaseDate], [m].[Slug], [m].[Status], [m].[Title], [m].[TrailerUrl]
              FROM [Movies] AS [m]
              WHERE [m].[IsDeleted] = CAST(0 AS bit)
          ) AS [t] ON [s].[MovieId] = [t].[MovieId]
          INNER JOIN (
              SELECT [h].[HallId], [h].[Capacity], [h].[CinemaId], [h].[CreatedAt], [h].[CreatedBy], [h].[DeletedAt], [h].[DeletedBy], [h].[Description], [h].[HallName], [h].[HallTypeId], [h].[IsDeleted], [h].[LastModifiedAt], [h].[LastModifiedBy]
              FROM [Halls] AS [h]
              WHERE [h].[IsDeleted] = CAST(0 AS bit)
          ) AS [t0] ON [s].[HallId] = [t0].[HallId]
          INNER JOIN (
              SELECT [c].[CinemaId], [c].[Address], [c].[BannerUrl], [c].[CinemaName], [c].[CityId], [c].[ClosingTime], [c].[CreatedAt], [c].[CreatedBy], [c].[DeletedAt], [c].[DeletedBy], [c].[Email], [c].[GalleryUrls], [c].[GoogleMapsUrl], [c].[ImageUrl], [c].[IsDeleted], [c].[LastModifiedAt], [c].[LastModifiedBy], [c].[Latitude], [c].[LogoUrl], [c].[Longitude], [c].[OpeningTime], [c].[Phone], [c].[Status]
              FROM [Cinemas] AS [c]
              WHERE [c].[IsDeleted] = CAST(0 AS bit)
          ) AS [t1] ON [t0].[CinemaId] = [t1].[CinemaId]
          WHERE [b].[BookingId] = @__id_0
      ) AS [t2]
      LEFT JOIN (
          SELECT [b0].[BookingSeatId], [b0].[BookingId], [b0].[SeatId], [b0].[UnitPrice], [t4].[SeatId] AS [SeatId0], [t4].[CreatedAt], [t4].[CreatedBy], [t4].[DeletedAt], [t4].[DeletedBy], [t4].[HallId], [t4].[IsDeleted], [t4].[LastModifiedAt], [t4].[LastModifiedBy], [t4].[SeatCode], [t4].[SeatTypeId]
          FROM [BookingSeats] AS [b0]
          INNER JOIN (
              SELECT [s0].[SeatId], [s0].[CreatedAt], [s0].[CreatedBy], [s0].[DeletedAt], [s0].[DeletedBy], [s0].[HallId], [s0].[IsDeleted], [s0].[LastModifiedAt], [s0].[LastModifiedBy], [s0].[SeatCode], [s0].[SeatTypeId]
              FROM [Seats] AS [s0]
              WHERE [s0].[IsDeleted] = CAST(0 AS bit)
          ) AS [t4] ON [b0].[SeatId] = [t4].[SeatId]
      ) AS [t3] ON [t2].[BookingId] = [t3].[BookingId]
      ORDER BY [t2].[BookingId], [t2].[UserId0], [t2].[ShowtimeId0], [t2].[MovieId0], [t2].[HallId0], [t2].[CinemaId0], [t3].[BookingSeatId]
info: CinemaBooking.API.Middleware.RequestLoggingMiddleware[0]
      HTTP Request Finished. Status: 200, Duration: 3ms, CorrelationId: 2c30d706-7a3d-4d88-8b0e-c92fcab38f9e, TraceId: 0HNMALRM69NUP:00000011
info: Microsoft.EntityFrameworkCore.Database.Command[20101]
      Executed DbCommand (1ms) [Parameters=[@__p_0='?' (DbType = Int32)], CommandType='Text', CommandTimeout='30']
      SELECT TOP(@__p_0) [o].[Id], [o].[Error], [o].[EventName], [o].[OccurredOn], [o].[Payload], [o].[ProcessedOn]
      FROM [OutboxEvents] AS [o]
      WHERE [o].[ProcessedOn] IS NULL
      ORDER BY [o].[OccurredOn]
info: Microsoft.EntityFrameworkCore.Database.Command[20101]
      Executed DbCommand (0ms) [Parameters=[@__p_0='?' (DbType = Int32)], CommandType='Text', CommandTimeout='30']
      SELECT TOP(@__p_0) [o].[Id], [o].[Error], [o].[EventName], [o].[OccurredOn], [o].[Payload], [o].[ProcessedOn]
      FROM [OutboxEvents] AS [o]
      WHERE [o].[ProcessedOn] IS NULL
      ORDER BY [o].[OccurredOn]
info: Microsoft.EntityFrameworkCore.Database.Command[20101]
      Executed DbCommand (1ms) [Parameters=[@__p_0='?' (DbType = Int32)], CommandType='Text', CommandTimeout='30']
      SELECT TOP(@__p_0) [o].[Id], [o].[Error], [o].[EventName], [o].[OccurredOn], [o].[Payload], [o].[ProcessedOn]
      FROM [OutboxEvents] AS [o]
      WHERE [o].[ProcessedOn] IS NULL
      ORDER BY [o].[OccurredOn]
info: Microsoft.EntityFrameworkCore.Database.Command[20101]
      Executed DbCommand (0ms) [Parameters=[@__p_0='?' (DbType = Int32)], CommandType='Text', CommandTimeout='30']
      SELECT TOP(@__p_0) [o].[Id], [o].[Error], [o].[EventName], [o].[OccurredOn], [o].[Payload], [o].[ProcessedOn]
      FROM [OutboxEvents] AS [o]
      WHERE [o].[ProcessedOn] IS NULL
      ORDER BY [o].[OccurredOn]
info: Microsoft.EntityFrameworkCore.Database.Command[20101]
      Executed DbCommand (0ms) [Parameters=[@__p_0='?' (DbType = Int32)], CommandType='Text', CommandTimeout='30']
      SELECT TOP(@__p_0) [o].[Id], [o].[Error], [o].[EventName], [o].[OccurredOn], [o].[Payload], [o].[ProcessedOn]
      FROM [OutboxEvents] AS [o]
      WHERE [o].[ProcessedOn] IS NULL
      ORDER BY [o].[OccurredOn]
info: CinemaBooking.API.Middleware.RequestLoggingMiddleware[0]
      HTTP Request Started. Method: OPTIONS, Path: /api/bookings/7, QueryString: , CorrelationId: 541ffced-6877-4e38-8e75-98bcc59976d1
info: CinemaBooking.API.Middleware.RequestLoggingMiddleware[0]
      HTTP Request Finished. Status: 204, Duration: 0ms, CorrelationId: 541ffced-6877-4e38-8e75-98bcc59976d1, TraceId: 0HNMALRM69NUP:00000012
info: CinemaBooking.API.Middleware.RequestLoggingMiddleware[0]
      HTTP Request Started. Method: GET, Path: /api/bookings/7, QueryString: , CorrelationId: 3866f899-c046-4254-a07c-cd370622d784
info: CinemaBooking.API.Services.Implementations.BookingService[0]
      Retrieving booking by ID: 7
info: Microsoft.EntityFrameworkCore.Database.Command[20101]
      Executed DbCommand (1ms) [Parameters=[@__id_0='?' (DbType = Int32)], CommandType='Text', CommandTimeout='30']
      SELECT [t2].[BookingId], [t2].[BookingCode], [t2].[BookingStatus], [t2].[CreatedAt], [t2].[DiscountAmount], [t2].[QRCodeUrl], [t2].[RowVersion], [t2].[ServiceFee], [t2].[ShowtimeId], [t2].[TotalAmount], [t2].[UserId], [t2].[UserId0], [t2].[AvatarUrl], [t2].[CreatedAt0], [t2].[DateOfBirth], [t2].[Email], [t2].[EmailVerificationToken], [t2].[FullName], [t2].[Gender], [t2].[IsActive], [t2].[IsEmailVerified], [t2].[IsPhoneVerified], [t2].[MembershipPoints], [t2].[PasswordHash], [t2].[PasswordResetToken], [t2].[PhoneNumber], [t2].[ResetTokenExpires], [t2].[ShowtimeId0], [t2].[MovieId0], [t2].[HallId0], [t2].[CinemaId0], [t3].[BookingSeatId], [t3].[BookingId], [t3].[SeatId], [t3].[UnitPrice], [t3].[SeatId0], [t3].[CreatedAt], [t3].[CreatedBy], [t3].[DeletedAt], [t3].[DeletedBy], [t3].[HallId], [t3].[IsDeleted], [t3].[LastModifiedAt], [t3].[LastModifiedBy], [t3].[SeatCode], [t3].[SeatTypeId], [t2].[CustomPrice], [t2].[EndTime], [t2].[HallId], [t2].[IsPriceOverride], [t2].[MovieId], [t2].[PriceId], [t2].[RowVersion0], [t2].[StartTime], [t2].[AgeRatingId], [t2].[BannerUrl], [t2].[CreatedAt1], [t2].[CreatedBy], [t2].[DeletedAt], [t2].[DeletedBy], [t2].[Description], [t2].[DirectorId], [t2].[Duration], [t2].[EndDate], [t2].[GenreId], [t2].[IsDeleted], [t2].[IsFeatured], [t2].[Language], [t2].[LastModifiedAt], [t2].[LastModifiedBy], [t2].[PosterUrl], [t2].[Rating], [t2].[ReleaseDate], [t2].[Slug], [t2].[Status], [t2].[Title], [t2].[TrailerUrl], [t2].[Capacity], [t2].[CinemaId], [t2].[CreatedAt2], [t2].[CreatedBy0], [t2].[DeletedAt0], [t2].[DeletedBy0], [t2].[Description0], [t2].[HallName], [t2].[HallTypeId], [t2].[IsDeleted0], [t2].[LastModifiedAt0], [t2].[LastModifiedBy0], [t2].[Address], [t2].[BannerUrl0], [t2].[CinemaName], [t2].[CityId], [t2].[ClosingTime], [t2].[CreatedAt3], [t2].[CreatedBy1], [t2].[DeletedAt1], [t2].[DeletedBy1], [t2].[Email0], [t2].[GalleryUrls], [t2].[GoogleMapsUrl], [t2].[ImageUrl], [t2].[IsDeleted1], [t2].[LastModifiedAt1], [t2].[LastModifiedBy1], [t2].[Latitude], [t2].[LogoUrl], [t2].[Longitude], [t2].[OpeningTime], [t2].[Phone], [t2].[Status0]
      FROM (
          SELECT TOP(1) [b].[BookingId], [b].[BookingCode], [b].[BookingStatus], [b].[CreatedAt], [b].[DiscountAmount], [b].[QRCodeUrl], [b].[RowVersion], [b].[ServiceFee], [b].[ShowtimeId], [b].[TotalAmount], [b].[UserId], [u].[UserId] AS [UserId0], [u].[AvatarUrl], [u].[CreatedAt] AS [CreatedAt0], [u].[DateOfBirth], [u].[Email], [u].[EmailVerificationToken], [u].[FullName], [u].[Gender], [u].[IsActive], [u].[IsEmailVerified], [u].[IsPhoneVerified], [u].[MembershipPoints], [u].[PasswordHash], [u].[PasswordResetToken], [u].[PhoneNumber], [u].[ResetTokenExpires], [s].[ShowtimeId] AS [ShowtimeId0], [s].[CustomPrice], [s].[EndTime], [s].[HallId], [s].[IsPriceOverride], [s].[MovieId], [s].[PriceId], [s].[RowVersion] AS [RowVersion0], [s].[StartTime], [t].[MovieId] AS [MovieId0], [t].[AgeRatingId], [t].[BannerUrl], [t].[CreatedAt] AS [CreatedAt1], [t].[CreatedBy], [t].[DeletedAt], [t].[DeletedBy], [t].[Description], [t].[DirectorId], [t].[Duration], [t].[EndDate], [t].[GenreId], [t].[IsDeleted], [t].[IsFeatured], [t].[Language], [t].[LastModifiedAt], [t].[LastModifiedBy], [t].[PosterUrl], [t].[Rating], [t].[ReleaseDate], [t].[Slug], [t].[Status], [t].[Title], [t].[TrailerUrl], [t0].[HallId] AS [HallId0], [t0].[Capacity], [t0].[CinemaId], [t0].[CreatedAt] AS [CreatedAt2], [t0].[CreatedBy] AS [CreatedBy0], [t0].[DeletedAt] AS [DeletedAt0], [t0].[DeletedBy] AS [DeletedBy0], [t0].[Description] AS [Description0], [t0].[HallName], [t0].[HallTypeId], [t0].[IsDeleted] AS [IsDeleted0], [t0].[LastModifiedAt] AS [LastModifiedAt0], [t0].[LastModifiedBy] AS [LastModifiedBy0], [t1].[CinemaId] AS [CinemaId0], [t1].[Address], [t1].[BannerUrl] AS [BannerUrl0], [t1].[CinemaName], [t1].[CityId], [t1].[ClosingTime], [t1].[CreatedAt] AS [CreatedAt3], [t1].[CreatedBy] AS [CreatedBy1], [t1].[DeletedAt] AS [DeletedAt1], [t1].[DeletedBy] AS [DeletedBy1], [t1].[Email] AS [Email0], [t1].[GalleryUrls], [t1].[GoogleMapsUrl], [t1].[ImageUrl], [t1].[IsDeleted] AS [IsDeleted1], [t1].[LastModifiedAt] AS [LastModifiedAt1], [t1].[LastModifiedBy] AS [LastModifiedBy1], [t1].[Latitude], [t1].[LogoUrl], [t1].[Longitude], [t1].[OpeningTime], [t1].[Phone], [t1].[Status] AS [Status0]
          FROM [Bookings] AS [b]
          INNER JOIN [Users] AS [u] ON [b].[UserId] = [u].[UserId]
          INNER JOIN [Showtimes] AS [s] ON [b].[ShowtimeId] = [s].[ShowtimeId]
          INNER JOIN (
              SELECT [m].[MovieId], [m].[AgeRatingId], [m].[BannerUrl], [m].[CreatedAt], [m].[CreatedBy], [m].[DeletedAt], [m].[DeletedBy], [m].[Description], [m].[DirectorId], [m].[Duration], [m].[EndDate], [m].[GenreId], [m].[IsDeleted], [m].[IsFeatured], [m].[Language], [m].[LastModifiedAt], [m].[LastModifiedBy], [m].[PosterUrl], [m].[Rating], [m].[ReleaseDate], [m].[Slug], [m].[Status], [m].[Title], [m].[TrailerUrl]
              FROM [Movies] AS [m]
              WHERE [m].[IsDeleted] = CAST(0 AS bit)
          ) AS [t] ON [s].[MovieId] = [t].[MovieId]
          INNER JOIN (
              SELECT [h].[HallId], [h].[Capacity], [h].[CinemaId], [h].[CreatedAt], [h].[CreatedBy], [h].[DeletedAt], [h].[DeletedBy], [h].[Description], [h].[HallName], [h].[HallTypeId], [h].[IsDeleted], [h].[LastModifiedAt], [h].[LastModifiedBy]
              FROM [Halls] AS [h]
              WHERE [h].[IsDeleted] = CAST(0 AS bit)
          ) AS [t0] ON [s].[HallId] = [t0].[HallId]
          INNER JOIN (
              SELECT [c].[CinemaId], [c].[Address], [c].[BannerUrl], [c].[CinemaName], [c].[CityId], [c].[ClosingTime], [c].[CreatedAt], [c].[CreatedBy], [c].[DeletedAt], [c].[DeletedBy], [c].[Email], [c].[GalleryUrls], [c].[GoogleMapsUrl], [c].[ImageUrl], [c].[IsDeleted], [c].[LastModifiedAt], [c].[LastModifiedBy], [c].[Latitude], [c].[LogoUrl], [c].[Longitude], [c].[OpeningTime], [c].[Phone], [c].[Status]
              FROM [Cinemas] AS [c]
              WHERE [c].[IsDeleted] = CAST(0 AS bit)
          ) AS [t1] ON [t0].[CinemaId] = [t1].[CinemaId]
          WHERE [b].[BookingId] = @__id_0
      ) AS [t2]
      LEFT JOIN (
          SELECT [b0].[BookingSeatId], [b0].[BookingId], [b0].[SeatId], [b0].[UnitPrice], [t4].[SeatId] AS [SeatId0], [t4].[CreatedAt], [t4].[CreatedBy], [t4].[DeletedAt], [t4].[DeletedBy], [t4].[HallId], [t4].[IsDeleted], [t4].[LastModifiedAt], [t4].[LastModifiedBy], [t4].[SeatCode], [t4].[SeatTypeId]
          FROM [BookingSeats] AS [b0]
          INNER JOIN (
              SELECT [s0].[SeatId], [s0].[CreatedAt], [s0].[CreatedBy], [s0].[DeletedAt], [s0].[DeletedBy], [s0].[HallId], [s0].[IsDeleted], [s0].[LastModifiedAt], [s0].[LastModifiedBy], [s0].[SeatCode], [s0].[SeatTypeId]
              FROM [Seats] AS [s0]
              WHERE [s0].[IsDeleted] = CAST(0 AS bit)
          ) AS [t4] ON [b0].[SeatId] = [t4].[SeatId]
      ) AS [t3] ON [t2].[BookingId] = [t3].[BookingId]
      ORDER BY [t2].[BookingId], [t2].[UserId0], [t2].[ShowtimeId0], [t2].[MovieId0], [t2].[HallId0], [t2].[CinemaId0], [t3].[BookingSeatId]
info: CinemaBooking.API.Middleware.RequestLoggingMiddleware[0]
      HTTP Request Finished. Status: 200, Duration: 3ms, CorrelationId: 3866f899-c046-4254-a07c-cd370622d784, TraceId: 0HNMALRM69NUP:00000013
info: Microsoft.EntityFrameworkCore.Database.Command[20101]
      Executed DbCommand (1ms) [Parameters=[@__p_0='?' (DbType = Int32)], CommandType='Text', CommandTimeout='30']
      SELECT TOP(@__p_0) [o].[Id], [o].[Error], [o].[EventName], [o].[OccurredOn], [o].[Payload], [o].[ProcessedOn]
      FROM [OutboxEvents] AS [o]
      WHERE [o].[ProcessedOn] IS NULL
      ORDER BY [o].[OccurredOn]
info: Microsoft.EntityFrameworkCore.Database.Command[20101]
      Executed DbCommand (0ms) [Parameters=[@__p_0='?' (DbType = Int32)], CommandType='Text', CommandTimeout='30']
      SELECT TOP(@__p_0) [o].[Id], [o].[Error], [o].[EventName], [o].[OccurredOn], [o].[Payload], [o].[ProcessedOn]
      FROM [OutboxEvents] AS [o]
      WHERE [o].[ProcessedOn] IS NULL
      ORDER BY [o].[OccurredOn]
info: Microsoft.EntityFrameworkCore.Database.Command[20101]
      Executed DbCommand (1ms) [Parameters=[@__p_0='?' (DbType = Int32)], CommandType='Text', CommandTimeout='30']
      SELECT TOP(@__p_0) [o].[Id], [o].[Error], [o].[EventName], [o].[OccurredOn], [o].[Payload], [o].[ProcessedOn]
      FROM [OutboxEvents] AS [o]
      WHERE [o].[ProcessedOn] IS NULL
      ORDER BY [o].[OccurredOn]
info: Microsoft.EntityFrameworkCore.Database.Command[20101]
      Executed DbCommand (0ms) [Parameters=[@__p_0='?' (DbType = Int32)], CommandType='Text', CommandTimeout='30']
      SELECT TOP(@__p_0) [o].[Id], [o].[Error], [o].[EventName], [o].[OccurredOn], [o].[Payload], [o].[ProcessedOn]
      FROM [OutboxEvents] AS [o]
      WHERE [o].[ProcessedOn] IS NULL
      ORDER BY [o].[OccurredOn]
info: Microsoft.EntityFrameworkCore.Database.Command[20101]
      Executed DbCommand (1ms) [Parameters=[@__p_0='?' (DbType = Int32)], CommandType='Text', CommandTimeout='30']
      SELECT TOP(@__p_0) [o].[Id], [o].[Error], [o].[EventName], [o].[OccurredOn], [o].[Payload], [o].[ProcessedOn]
      FROM [OutboxEvents] AS [o]
      WHERE [o].[ProcessedOn] IS NULL
      ORDER BY [o].[OccurredOn]
info: CinemaBooking.API.Middleware.RequestLoggingMiddleware[0]
      HTTP Request Started. Method: GET, Path: /api/bookings/7, QueryString: , CorrelationId: 7a22c9d9-2007-4c70-bc9b-d83dc20e0e07
info: CinemaBooking.API.Services.Implementations.BookingService[0]
      Retrieving booking by ID: 7
info: Microsoft.EntityFrameworkCore.Database.Command[20101]
      Executed DbCommand (8ms) [Parameters=[@__id_0='?' (DbType = Int32)], CommandType='Text', CommandTimeout='30']
      SELECT [t2].[BookingId], [t2].[BookingCode], [t2].[BookingStatus], [t2].[CreatedAt], [t2].[DiscountAmount], [t2].[QRCodeUrl], [t2].[RowVersion], [t2].[ServiceFee], [t2].[ShowtimeId], [t2].[TotalAmount], [t2].[UserId], [t2].[UserId0], [t2].[AvatarUrl], [t2].[CreatedAt0], [t2].[DateOfBirth], [t2].[Email], [t2].[EmailVerificationToken], [t2].[FullName], [t2].[Gender], [t2].[IsActive], [t2].[IsEmailVerified], [t2].[IsPhoneVerified], [t2].[MembershipPoints], [t2].[PasswordHash], [t2].[PasswordResetToken], [t2].[PhoneNumber], [t2].[ResetTokenExpires], [t2].[ShowtimeId0], [t2].[MovieId0], [t2].[HallId0], [t2].[CinemaId0], [t3].[BookingSeatId], [t3].[BookingId], [t3].[SeatId], [t3].[UnitPrice], [t3].[SeatId0], [t3].[CreatedAt], [t3].[CreatedBy], [t3].[DeletedAt], [t3].[DeletedBy], [t3].[HallId], [t3].[IsDeleted], [t3].[LastModifiedAt], [t3].[LastModifiedBy], [t3].[SeatCode], [t3].[SeatTypeId], [t2].[CustomPrice], [t2].[EndTime], [t2].[HallId], [t2].[IsPriceOverride], [t2].[MovieId], [t2].[PriceId], [t2].[RowVersion0], [t2].[StartTime], [t2].[AgeRatingId], [t2].[BannerUrl], [t2].[CreatedAt1], [t2].[CreatedBy], [t2].[DeletedAt], [t2].[DeletedBy], [t2].[Description], [t2].[DirectorId], [t2].[Duration], [t2].[EndDate], [t2].[GenreId], [t2].[IsDeleted], [t2].[IsFeatured], [t2].[Language], [t2].[LastModifiedAt], [t2].[LastModifiedBy], [t2].[PosterUrl], [t2].[Rating], [t2].[ReleaseDate], [t2].[Slug], [t2].[Status], [t2].[Title], [t2].[TrailerUrl], [t2].[Capacity], [t2].[CinemaId], [t2].[CreatedAt2], [t2].[CreatedBy0], [t2].[DeletedAt0], [t2].[DeletedBy0], [t2].[Description0], [t2].[HallName], [t2].[HallTypeId], [t2].[IsDeleted0], [t2].[LastModifiedAt0], [t2].[LastModifiedBy0], [t2].[Address], [t2].[BannerUrl0], [t2].[CinemaName], [t2].[CityId], [t2].[ClosingTime], [t2].[CreatedAt3], [t2].[CreatedBy1], [t2].[DeletedAt1], [t2].[DeletedBy1], [t2].[Email0], [t2].[GalleryUrls], [t2].[GoogleMapsUrl], [t2].[ImageUrl], [t2].[IsDeleted1], [t2].[LastModifiedAt1], [t2].[LastModifiedBy1], [t2].[Latitude], [t2].[LogoUrl], [t2].[Longitude], [t2].[OpeningTime], [t2].[Phone], [t2].[Status0]
      FROM (
          SELECT TOP(1) [b].[BookingId], [b].[BookingCode], [b].[BookingStatus], [b].[CreatedAt], [b].[DiscountAmount], [b].[QRCodeUrl], [b].[RowVersion], [b].[ServiceFee], [b].[ShowtimeId], [b].[TotalAmount], [b].[UserId], [u].[UserId] AS [UserId0], [u].[AvatarUrl], [u].[CreatedAt] AS [CreatedAt0], [u].[DateOfBirth], [u].[Email], [u].[EmailVerificationToken], [u].[FullName], [u].[Gender], [u].[IsActive], [u].[IsEmailVerified], [u].[IsPhoneVerified], [u].[MembershipPoints], [u].[PasswordHash], [u].[PasswordResetToken], [u].[PhoneNumber], [u].[ResetTokenExpires], [s].[ShowtimeId] AS [ShowtimeId0], [s].[CustomPrice], [s].[EndTime], [s].[HallId], [s].[IsPriceOverride], [s].[MovieId], [s].[PriceId], [s].[RowVersion] AS [RowVersion0], [s].[StartTime], [t].[MovieId] AS [MovieId0], [t].[AgeRatingId], [t].[BannerUrl], [t].[CreatedAt] AS [CreatedAt1], [t].[CreatedBy], [t].[DeletedAt], [t].[DeletedBy], [t].[Description], [t].[DirectorId], [t].[Duration], [t].[EndDate], [t].[GenreId], [t].[IsDeleted], [t].[IsFeatured], [t].[Language], [t].[LastModifiedAt], [t].[LastModifiedBy], [t].[PosterUrl], [t].[Rating], [t].[ReleaseDate], [t].[Slug], [t].[Status], [t].[Title], [t].[TrailerUrl], [t0].[HallId] AS [HallId0], [t0].[Capacity], [t0].[CinemaId], [t0].[CreatedAt] AS [CreatedAt2], [t0].[CreatedBy] AS [CreatedBy0], [t0].[DeletedAt] AS [DeletedAt0], [t0].[DeletedBy] AS [DeletedBy0], [t0].[Description] AS [Description0], [t0].[HallName], [t0].[HallTypeId], [t0].[IsDeleted] AS [IsDeleted0], [t0].[LastModifiedAt] AS [LastModifiedAt0], [t0].[LastModifiedBy] AS [LastModifiedBy0], [t1].[CinemaId] AS [CinemaId0], [t1].[Address], [t1].[BannerUrl] AS [BannerUrl0], [t1].[CinemaName], [t1].[CityId], [t1].[ClosingTime], [t1].[CreatedAt] AS [CreatedAt3], [t1].[CreatedBy] AS [CreatedBy1], [t1].[DeletedAt] AS [DeletedAt1], [t1].[DeletedBy] AS [DeletedBy1], [t1].[Email] AS [Email0], [t1].[GalleryUrls], [t1].[GoogleMapsUrl], [t1].[ImageUrl], [t1].[IsDeleted] AS [IsDeleted1], [t1].[LastModifiedAt] AS [LastModifiedAt1], [t1].[LastModifiedBy] AS [LastModifiedBy1], [t1].[Latitude], [t1].[LogoUrl], [t1].[Longitude], [t1].[OpeningTime], [t1].[Phone], [t1].[Status] AS [Status0]
          FROM [Bookings] AS [b]
          INNER JOIN [Users] AS [u] ON [b].[UserId] = [u].[UserId]
          INNER JOIN [Showtimes] AS [s] ON [b].[ShowtimeId] = [s].[ShowtimeId]
          INNER JOIN (
              SELECT [m].[MovieId], [m].[AgeRatingId], [m].[BannerUrl], [m].[CreatedAt], [m].[CreatedBy], [m].[DeletedAt], [m].[DeletedBy], [m].[Description], [m].[DirectorId], [m].[Duration], [m].[EndDate], [m].[GenreId], [m].[IsDeleted], [m].[IsFeatured], [m].[Language], [m].[LastModifiedAt], [m].[LastModifiedBy], [m].[PosterUrl], [m].[Rating], [m].[ReleaseDate], [m].[Slug], [m].[Status], [m].[Title], [m].[TrailerUrl]
              FROM [Movies] AS [m]
              WHERE [m].[IsDeleted] = CAST(0 AS bit)
          ) AS [t] ON [s].[MovieId] = [t].[MovieId]
          INNER JOIN (
              SELECT [h].[HallId], [h].[Capacity], [h].[CinemaId], [h].[CreatedAt], [h].[CreatedBy], [h].[DeletedAt], [h].[DeletedBy], [h].[Description], [h].[HallName], [h].[HallTypeId], [h].[IsDeleted], [h].[LastModifiedAt], [h].[LastModifiedBy]
              FROM [Halls] AS [h]
              WHERE [h].[IsDeleted] = CAST(0 AS bit)
          ) AS [t0] ON [s].[HallId] = [t0].[HallId]
          INNER JOIN (
              SELECT [c].[CinemaId], [c].[Address], [c].[BannerUrl], [c].[CinemaName], [c].[CityId], [c].[ClosingTime], [c].[CreatedAt], [c].[CreatedBy], [c].[DeletedAt], [c].[DeletedBy], [c].[Email], [c].[GalleryUrls], [c].[GoogleMapsUrl], [c].[ImageUrl], [c].[IsDeleted], [c].[LastModifiedAt], [c].[LastModifiedBy], [c].[Latitude], [c].[LogoUrl], [c].[Longitude], [c].[OpeningTime], [c].[Phone], [c].[Status]
              FROM [Cinemas] AS [c]
              WHERE [c].[IsDeleted] = CAST(0 AS bit)
          ) AS [t1] ON [t0].[CinemaId] = [t1].[CinemaId]
          WHERE [b].[BookingId] = @__id_0
      ) AS [t2]
      LEFT JOIN (
          SELECT [b0].[BookingSeatId], [b0].[BookingId], [b0].[SeatId], [b0].[UnitPrice], [t4].[SeatId] AS [SeatId0], [t4].[CreatedAt], [t4].[CreatedBy], [t4].[DeletedAt], [t4].[DeletedBy], [t4].[HallId], [t4].[IsDeleted], [t4].[LastModifiedAt], [t4].[LastModifiedBy], [t4].[SeatCode], [t4].[SeatTypeId]
          FROM [BookingSeats] AS [b0]
          INNER JOIN (
              SELECT [s0].[SeatId], [s0].[CreatedAt], [s0].[CreatedBy], [s0].[DeletedAt], [s0].[DeletedBy], [s0].[HallId], [s0].[IsDeleted], [s0].[LastModifiedAt], [s0].[LastModifiedBy], [s0].[SeatCode], [s0].[SeatTypeId]
              FROM [Seats] AS [s0]
              WHERE [s0].[IsDeleted] = CAST(0 AS bit)
          ) AS [t4] ON [b0].[SeatId] = [t4].[SeatId]
      ) AS [t3] ON [t2].[BookingId] = [t3].[BookingId]
      ORDER BY [t2].[BookingId], [t2].[UserId0], [t2].[ShowtimeId0], [t2].[MovieId0], [t2].[HallId0], [t2].[CinemaId0], [t3].[BookingSeatId]
info: CinemaBooking.API.Middleware.RequestLoggingMiddleware[0]
      HTTP Request Finished. Status: 200, Duration: 11ms, CorrelationId: 7a22c9d9-2007-4c70-bc9b-d83dc20e0e07, TraceId: 0HNMALRM69NUP:00000014
info: Microsoft.EntityFrameworkCore.Database.Command[20101]
      Executed DbCommand (1ms) [Parameters=[@__p_0='?' (DbType = Int32)], CommandType='Text', CommandTimeout='30']
      SELECT TOP(@__p_0) [o].[Id], [o].[Error], [o].[EventName], [o].[OccurredOn], [o].[Payload], [o].[ProcessedOn]
      FROM [OutboxEvents] AS [o]
      WHERE [o].[ProcessedOn] IS NULL
      ORDER BY [o].[OccurredOn]
info: Microsoft.EntityFrameworkCore.Database.Command[20101]
      Executed DbCommand (2ms) [Parameters=[@__p_0='?' (DbType = Int32)], CommandType='Text', CommandTimeout='30']
      SELECT TOP(@__p_0) [o].[Id], [o].[Error], [o].[EventName], [o].[OccurredOn], [o].[Payload], [o].[ProcessedOn]
      FROM [OutboxEvents] AS [o]
      WHERE [o].[ProcessedOn] IS NULL
      ORDER BY [o].[OccurredOn]
info: Microsoft.EntityFrameworkCore.Database.Command[20101]
      Executed DbCommand (2ms) [Parameters=[@__p_0='?' (DbType = Int32)], CommandType='Text', CommandTimeout='30']
      SELECT TOP(@__p_0) [o].[Id], [o].[Error], [o].[EventName], [o].[OccurredOn], [o].[Payload], [o].[ProcessedOn]
      FROM [OutboxEvents] AS [o]
      WHERE [o].[ProcessedOn] IS NULL
      ORDER BY [o].[OccurredOn]
info: Microsoft.EntityFrameworkCore.Database.Command[20101]
      Executed DbCommand (1ms) [Parameters=[@__p_0='?' (DbType = Int32)], CommandType='Text', CommandTimeout='30']
      SELECT TOP(@__p_0) [o].[Id], [o].[Error], [o].[EventName], [o].[OccurredOn], [o].[Payload], [o].[ProcessedOn]
      FROM [OutboxEvents] AS [o]
      WHERE [o].[ProcessedOn] IS NULL
      ORDER BY [o].[OccurredOn]
info: Microsoft.EntityFrameworkCore.Database.Command[20101]
      Executed DbCommand (2ms) [Parameters=[@__p_0='?' (DbType = Int32)], CommandType='Text', CommandTimeout='30']
      SELECT TOP(@__p_0) [o].[Id], [o].[Error], [o].[EventName], [o].[OccurredOn], [o].[Payload], [o].[ProcessedOn]
      FROM [OutboxEvents] AS [o]
      WHERE [o].[ProcessedOn] IS NULL
      ORDER BY [o].[OccurredOn]
info: CinemaBooking.API.Middleware.RequestLoggingMiddleware[0]
      HTTP Request Started. Method: OPTIONS, Path: /api/bookings/7, QueryString: , CorrelationId: 1ba63a9e-9a68-4247-93e2-ad8150080189
info: CinemaBooking.API.Middleware.RequestLoggingMiddleware[0]
      HTTP Request Finished. Status: 204, Duration: 0ms, CorrelationId: 1ba63a9e-9a68-4247-93e2-ad8150080189, TraceId: 0HNMALRM69NUP:00000015
info: CinemaBooking.API.Middleware.RequestLoggingMiddleware[0]
      HTTP Request Started. Method: GET, Path: /api/bookings/7, QueryString: , CorrelationId: c083ab41-ef58-4a56-8570-46bdfb6be225
info: CinemaBooking.API.Services.Implementations.BookingService[0]
      Retrieving booking by ID: 7
info: Microsoft.EntityFrameworkCore.Database.Command[20101]
      Executed DbCommand (7ms) [Parameters=[@__id_0='?' (DbType = Int32)], CommandType='Text', CommandTimeout='30']
      SELECT [t2].[BookingId], [t2].[BookingCode], [t2].[BookingStatus], [t2].[CreatedAt], [t2].[DiscountAmount], [t2].[QRCodeUrl], [t2].[RowVersion], [t2].[ServiceFee], [t2].[ShowtimeId], [t2].[TotalAmount], [t2].[UserId], [t2].[UserId0], [t2].[AvatarUrl], [t2].[CreatedAt0], [t2].[DateOfBirth], [t2].[Email], [t2].[EmailVerificationToken], [t2].[FullName], [t2].[Gender], [t2].[IsActive], [t2].[IsEmailVerified], [t2].[IsPhoneVerified], [t2].[MembershipPoints], [t2].[PasswordHash], [t2].[PasswordResetToken], [t2].[PhoneNumber], [t2].[ResetTokenExpires], [t2].[ShowtimeId0], [t2].[MovieId0], [t2].[HallId0], [t2].[CinemaId0], [t3].[BookingSeatId], [t3].[BookingId], [t3].[SeatId], [t3].[UnitPrice], [t3].[SeatId0], [t3].[CreatedAt], [t3].[CreatedBy], [t3].[DeletedAt], [t3].[DeletedBy], [t3].[HallId], [t3].[IsDeleted], [t3].[LastModifiedAt], [t3].[LastModifiedBy], [t3].[SeatCode], [t3].[SeatTypeId], [t2].[CustomPrice], [t2].[EndTime], [t2].[HallId], [t2].[IsPriceOverride], [t2].[MovieId], [t2].[PriceId], [t2].[RowVersion0], [t2].[StartTime], [t2].[AgeRatingId], [t2].[BannerUrl], [t2].[CreatedAt1], [t2].[CreatedBy], [t2].[DeletedAt], [t2].[DeletedBy], [t2].[Description], [t2].[DirectorId], [t2].[Duration], [t2].[EndDate], [t2].[GenreId], [t2].[IsDeleted], [t2].[IsFeatured], [t2].[Language], [t2].[LastModifiedAt], [t2].[LastModifiedBy], [t2].[PosterUrl], [t2].[Rating], [t2].[ReleaseDate], [t2].[Slug], [t2].[Status], [t2].[Title], [t2].[TrailerUrl], [t2].[Capacity], [t2].[CinemaId], [t2].[CreatedAt2], [t2].[CreatedBy0], [t2].[DeletedAt0], [t2].[DeletedBy0], [t2].[Description0], [t2].[HallName], [t2].[HallTypeId], [t2].[IsDeleted0], [t2].[LastModifiedAt0], [t2].[LastModifiedBy0], [t2].[Address], [t2].[BannerUrl0], [t2].[CinemaName], [t2].[CityId], [t2].[ClosingTime], [t2].[CreatedAt3], [t2].[CreatedBy1], [t2].[DeletedAt1], [t2].[DeletedBy1], [t2].[Email0], [t2].[GalleryUrls], [t2].[GoogleMapsUrl], [t2].[ImageUrl], [t2].[IsDeleted1], [t2].[LastModifiedAt1], [t2].[LastModifiedBy1], [t2].[Latitude], [t2].[LogoUrl], [t2].[Longitude], [t2].[OpeningTime], [t2].[Phone], [t2].[Status0]
      FROM (
          SELECT TOP(1) [b].[BookingId], [b].[BookingCode], [b].[BookingStatus], [b].[CreatedAt], [b].[DiscountAmount], [b].[QRCodeUrl], [b].[RowVersion], [b].[ServiceFee], [b].[ShowtimeId], [b].[TotalAmount], [b].[UserId], [u].[UserId] AS [UserId0], [u].[AvatarUrl], [u].[CreatedAt] AS [CreatedAt0], [u].[DateOfBirth], [u].[Email], [u].[EmailVerificationToken], [u].[FullName], [u].[Gender], [u].[IsActive], [u].[IsEmailVerified], [u].[IsPhoneVerified], [u].[MembershipPoints], [u].[PasswordHash], [u].[PasswordResetToken], [u].[PhoneNumber], [u].[ResetTokenExpires], [s].[ShowtimeId] AS [ShowtimeId0], [s].[CustomPrice], [s].[EndTime], [s].[HallId], [s].[IsPriceOverride], [s].[MovieId], [s].[PriceId], [s].[RowVersion] AS [RowVersion0], [s].[StartTime], [t].[MovieId] AS [MovieId0], [t].[AgeRatingId], [t].[BannerUrl], [t].[CreatedAt] AS [CreatedAt1], [t].[CreatedBy], [t].[DeletedAt], [t].[DeletedBy], [t].[Description], [t].[DirectorId], [t].[Duration], [t].[EndDate], [t].[GenreId], [t].[IsDeleted], [t].[IsFeatured], [t].[Language], [t].[LastModifiedAt], [t].[LastModifiedBy], [t].[PosterUrl], [t].[Rating], [t].[ReleaseDate], [t].[Slug], [t].[Status], [t].[Title], [t].[TrailerUrl], [t0].[HallId] AS [HallId0], [t0].[Capacity], [t0].[CinemaId], [t0].[CreatedAt] AS [CreatedAt2], [t0].[CreatedBy] AS [CreatedBy0], [t0].[DeletedAt] AS [DeletedAt0], [t0].[DeletedBy] AS [DeletedBy0], [t0].[Description] AS [Description0], [t0].[HallName], [t0].[HallTypeId], [t0].[IsDeleted] AS [IsDeleted0], [t0].[LastModifiedAt] AS [LastModifiedAt0], [t0].[LastModifiedBy] AS [LastModifiedBy0], [t1].[CinemaId] AS [CinemaId0], [t1].[Address], [t1].[BannerUrl] AS [BannerUrl0], [t1].[CinemaName], [t1].[CityId], [t1].[ClosingTime], [t1].[CreatedAt] AS [CreatedAt3], [t1].[CreatedBy] AS [CreatedBy1], [t1].[DeletedAt] AS [DeletedAt1], [t1].[DeletedBy] AS [DeletedBy1], [t1].[Email] AS [Email0], [t1].[GalleryUrls], [t1].[GoogleMapsUrl], [t1].[ImageUrl], [t1].[IsDeleted] AS [IsDeleted1], [t1].[LastModifiedAt] AS [LastModifiedAt1], [t1].[LastModifiedBy] AS [LastModifiedBy1], [t1].[Latitude], [t1].[LogoUrl], [t1].[Longitude], [t1].[OpeningTime], [t1].[Phone], [t1].[Status] AS [Status0]
          FROM [Bookings] AS [b]
          INNER JOIN [Users] AS [u] ON [b].[UserId] = [u].[UserId]
          INNER JOIN [Showtimes] AS [s] ON [b].[ShowtimeId] = [s].[ShowtimeId]
          INNER JOIN (
              SELECT [m].[MovieId], [m].[AgeRatingId], [m].[BannerUrl], [m].[CreatedAt], [m].[CreatedBy], [m].[DeletedAt], [m].[DeletedBy], [m].[Description], [m].[DirectorId], [m].[Duration], [m].[EndDate], [m].[GenreId], [m].[IsDeleted], [m].[IsFeatured], [m].[Language], [m].[LastModifiedAt], [m].[LastModifiedBy], [m].[PosterUrl], [m].[Rating], [m].[ReleaseDate], [m].[Slug], [m].[Status], [m].[Title], [m].[TrailerUrl]
              FROM [Movies] AS [m]
              WHERE [m].[IsDeleted] = CAST(0 AS bit)
          ) AS [t] ON [s].[MovieId] = [t].[MovieId]
          INNER JOIN (
              SELECT [h].[HallId], [h].[Capacity], [h].[CinemaId], [h].[CreatedAt], [h].[CreatedBy], [h].[DeletedAt], [h].[DeletedBy], [h].[Description], [h].[HallName], [h].[HallTypeId], [h].[IsDeleted], [h].[LastModifiedAt], [h].[LastModifiedBy]
              FROM [Halls] AS [h]
              WHERE [h].[IsDeleted] = CAST(0 AS bit)
          ) AS [t0] ON [s].[HallId] = [t0].[HallId]
          INNER JOIN (
              SELECT [c].[CinemaId], [c].[Address], [c].[BannerUrl], [c].[CinemaName], [c].[CityId], [c].[ClosingTime], [c].[CreatedAt], [c].[CreatedBy], [c].[DeletedAt], [c].[DeletedBy], [c].[Email], [c].[GalleryUrls], [c].[GoogleMapsUrl], [c].[ImageUrl], [c].[IsDeleted], [c].[LastModifiedAt], [c].[LastModifiedBy], [c].[Latitude], [c].[LogoUrl], [c].[Longitude], [c].[OpeningTime], [c].[Phone], [c].[Status]
              FROM [Cinemas] AS [c]
              WHERE [c].[IsDeleted] = CAST(0 AS bit)
          ) AS [t1] ON [t0].[CinemaId] = [t1].[CinemaId]
          WHERE [b].[BookingId] = @__id_0
      ) AS [t2]
      LEFT JOIN (
          SELECT [b0].[BookingSeatId], [b0].[BookingId], [b0].[SeatId], [b0].[UnitPrice], [t4].[SeatId] AS [SeatId0], [t4].[CreatedAt], [t4].[CreatedBy], [t4].[DeletedAt], [t4].[DeletedBy], [t4].[HallId], [t4].[IsDeleted], [t4].[LastModifiedAt], [t4].[LastModifiedBy], [t4].[SeatCode], [t4].[SeatTypeId]
          FROM [BookingSeats] AS [b0]
          INNER JOIN (
              SELECT [s0].[SeatId], [s0].[CreatedAt], [s0].[CreatedBy], [s0].[DeletedAt], [s0].[DeletedBy], [s0].[HallId], [s0].[IsDeleted], [s0].[LastModifiedAt], [s0].[LastModifiedBy], [s0].[SeatCode], [s0].[SeatTypeId]
              FROM [Seats] AS [s0]
              WHERE [s0].[IsDeleted] = CAST(0 AS bit)
          ) AS [t4] ON [b0].[SeatId] = [t4].[SeatId]
      ) AS [t3] ON [t2].[BookingId] = [t3].[BookingId]
      ORDER BY [t2].[BookingId], [t2].[UserId0], [t2].[ShowtimeId0], [t2].[MovieId0], [t2].[HallId0], [t2].[CinemaId0], [t3].[BookingSeatId]
info: CinemaBooking.API.Middleware.RequestLoggingMiddleware[0]
      HTTP Request Finished. Status: 200, Duration: 10ms, CorrelationId: c083ab41-ef58-4a56-8570-46bdfb6be225, TraceId: 0HNMALRM69NUP:00000016
info: Microsoft.EntityFrameworkCore.Database.Command[20101]
      Executed DbCommand (1ms) [Parameters=[@__p_0='?' (DbType = Int32)], CommandType='Text', CommandTimeout='30']
      SELECT TOP(@__p_0) [o].[Id], [o].[Error], [o].[EventName], [o].[OccurredOn], [o].[Payload], [o].[ProcessedOn]
      FROM [OutboxEvents] AS [o]
      WHERE [o].[ProcessedOn] IS NULL
      ORDER BY [o].[OccurredOn]
info: CinemaBooking.API.Services.Implementations.BookingService[0]
      Scanning for expired pending bookings created before 06/15/2026 07:18:57
info: Microsoft.EntityFrameworkCore.Database.Command[20101]
      Executed DbCommand (1ms) [Parameters=[@__threshold_0='?' (DbType = DateTime2)], CommandType='Text', CommandTimeout='30']
      SELECT [b].[BookingId], [b].[BookingCode], [b].[BookingStatus], [b].[CreatedAt], [b].[DiscountAmount], [b].[QRCodeUrl], [b].[RowVersion], [b].[ServiceFee], [b].[ShowtimeId], [b].[TotalAmount], [b].[UserId], [b0].[BookingSeatId], [b0].[BookingId], [b0].[SeatId], [b0].[UnitPrice]
      FROM [Bookings] AS [b]
      LEFT JOIN [BookingSeats] AS [b0] ON [b].[BookingId] = [b0].[BookingId]
      WHERE [b].[BookingStatus] = N'Pending' AND [b].[CreatedAt] < @__threshold_0
      ORDER BY [b].[BookingId]
info: Microsoft.EntityFrameworkCore.Database.Command[20101]
      Executed DbCommand (1ms) [Parameters=[@__p_0='?' (DbType = Int32)], CommandType='Text', CommandTimeout='30']
      SELECT TOP(@__p_0) [o].[Id], [o].[Error], [o].[EventName], [o].[OccurredOn], [o].[Payload], [o].[ProcessedOn]
      FROM [OutboxEvents] AS [o]
      WHERE [o].[ProcessedOn] IS NULL
      ORDER BY [o].[OccurredOn]
info: Microsoft.EntityFrameworkCore.Database.Command[20101]
      Executed DbCommand (1ms) [Parameters=[@__p_0='?' (DbType = Int32)], CommandType='Text', CommandTimeout='30']
      SELECT TOP(@__p_0) [o].[Id], [o].[Error], [o].[EventName], [o].[OccurredOn], [o].[Payload], [o].[ProcessedOn]
      FROM [OutboxEvents] AS [o]
      WHERE [o].[ProcessedOn] IS NULL
      ORDER BY [o].[OccurredOn]
info: Microsoft.EntityFrameworkCore.Database.Command[20101]
      Executed DbCommand (0ms) [Parameters=[@__p_0='?' (DbType = Int32)], CommandType='Text', CommandTimeout='30']
      SELECT TOP(@__p_0) [o].[Id], [o].[Error], [o].[EventName], [o].[OccurredOn], [o].[Payload], [o].[ProcessedOn]
      FROM [OutboxEvents] AS [o]
      WHERE [o].[ProcessedOn] IS NULL
      ORDER BY [o].[OccurredOn]
info: Microsoft.EntityFrameworkCore.Database.Command[20101]
      Executed DbCommand (1ms) [Parameters=[@__p_0='?' (DbType = Int32)], CommandType='Text', CommandTimeout='30']
      SELECT TOP(@__p_0) [o].[Id], [o].[Error], [o].[EventName], [o].[OccurredOn], [o].[Payload], [o].[ProcessedOn]
      FROM [OutboxEvents] AS [o]
      WHERE [o].[ProcessedOn] IS NULL
      ORDER BY [o].[OccurredOn]
info: CinemaBooking.API.Middleware.RequestLoggingMiddleware[0]
      HTTP Request Started. Method: GET, Path: /api/bookings/7, QueryString: , CorrelationId: 185da90d-ec97-4afc-8efc-9d40aaf61687
info: CinemaBooking.API.Services.Implementations.BookingService[0]
      Retrieving booking by ID: 7
info: Microsoft.EntityFrameworkCore.Database.Command[20101]
      Executed DbCommand (1ms) [Parameters=[@__id_0='?' (DbType = Int32)], CommandType='Text', CommandTimeout='30']
      SELECT [t2].[BookingId], [t2].[BookingCode], [t2].[BookingStatus], [t2].[CreatedAt], [t2].[DiscountAmount], [t2].[QRCodeUrl], [t2].[RowVersion], [t2].[ServiceFee], [t2].[ShowtimeId], [t2].[TotalAmount], [t2].[UserId], [t2].[UserId0], [t2].[AvatarUrl], [t2].[CreatedAt0], [t2].[DateOfBirth], [t2].[Email], [t2].[EmailVerificationToken], [t2].[FullName], [t2].[Gender], [t2].[IsActive], [t2].[IsEmailVerified], [t2].[IsPhoneVerified], [t2].[MembershipPoints], [t2].[PasswordHash], [t2].[PasswordResetToken], [t2].[PhoneNumber], [t2].[ResetTokenExpires], [t2].[ShowtimeId0], [t2].[MovieId0], [t2].[HallId0], [t2].[CinemaId0], [t3].[BookingSeatId], [t3].[BookingId], [t3].[SeatId], [t3].[UnitPrice], [t3].[SeatId0], [t3].[CreatedAt], [t3].[CreatedBy], [t3].[DeletedAt], [t3].[DeletedBy], [t3].[HallId], [t3].[IsDeleted], [t3].[LastModifiedAt], [t3].[LastModifiedBy], [t3].[SeatCode], [t3].[SeatTypeId], [t2].[CustomPrice], [t2].[EndTime], [t2].[HallId], [t2].[IsPriceOverride], [t2].[MovieId], [t2].[PriceId], [t2].[RowVersion0], [t2].[StartTime], [t2].[AgeRatingId], [t2].[BannerUrl], [t2].[CreatedAt1], [t2].[CreatedBy], [t2].[DeletedAt], [t2].[DeletedBy], [t2].[Description], [t2].[DirectorId], [t2].[Duration], [t2].[EndDate], [t2].[GenreId], [t2].[IsDeleted], [t2].[IsFeatured], [t2].[Language], [t2].[LastModifiedAt], [t2].[LastModifiedBy], [t2].[PosterUrl], [t2].[Rating], [t2].[ReleaseDate], [t2].[Slug], [t2].[Status], [t2].[Title], [t2].[TrailerUrl], [t2].[Capacity], [t2].[CinemaId], [t2].[CreatedAt2], [t2].[CreatedBy0], [t2].[DeletedAt0], [t2].[DeletedBy0], [t2].[Description0], [t2].[HallName], [t2].[HallTypeId], [t2].[IsDeleted0], [t2].[LastModifiedAt0], [t2].[LastModifiedBy0], [t2].[Address], [t2].[BannerUrl0], [t2].[CinemaName], [t2].[CityId], [t2].[ClosingTime], [t2].[CreatedAt3], [t2].[CreatedBy1], [t2].[DeletedAt1], [t2].[DeletedBy1], [t2].[Email0], [t2].[GalleryUrls], [t2].[GoogleMapsUrl], [t2].[ImageUrl], [t2].[IsDeleted1], [t2].[LastModifiedAt1], [t2].[LastModifiedBy1], [t2].[Latitude], [t2].[LogoUrl], [t2].[Longitude], [t2].[OpeningTime], [t2].[Phone], [t2].[Status0]
      FROM (
          SELECT TOP(1) [b].[BookingId], [b].[BookingCode], [b].[BookingStatus], [b].[CreatedAt], [b].[DiscountAmount], [b].[QRCodeUrl], [b].[RowVersion], [b].[ServiceFee], [b].[ShowtimeId], [b].[TotalAmount], [b].[UserId], [u].[UserId] AS [UserId0], [u].[AvatarUrl], [u].[CreatedAt] AS [CreatedAt0], [u].[DateOfBirth], [u].[Email], [u].[EmailVerificationToken], [u].[FullName], [u].[Gender], [u].[IsActive], [u].[IsEmailVerified], [u].[IsPhoneVerified], [u].[MembershipPoints], [u].[PasswordHash], [u].[PasswordResetToken], [u].[PhoneNumber], [u].[ResetTokenExpires], [s].[ShowtimeId] AS [ShowtimeId0], [s].[CustomPrice], [s].[EndTime], [s].[HallId], [s].[IsPriceOverride], [s].[MovieId], [s].[PriceId], [s].[RowVersion] AS [RowVersion0], [s].[StartTime], [t].[MovieId] AS [MovieId0], [t].[AgeRatingId], [t].[BannerUrl], [t].[CreatedAt] AS [CreatedAt1], [t].[CreatedBy], [t].[DeletedAt], [t].[DeletedBy], [t].[Description], [t].[DirectorId], [t].[Duration], [t].[EndDate], [t].[GenreId], [t].[IsDeleted], [t].[IsFeatured], [t].[Language], [t].[LastModifiedAt], [t].[LastModifiedBy], [t].[PosterUrl], [t].[Rating], [t].[ReleaseDate], [t].[Slug], [t].[Status], [t].[Title], [t].[TrailerUrl], [t0].[HallId] AS [HallId0], [t0].[Capacity], [t0].[CinemaId], [t0].[CreatedAt] AS [CreatedAt2], [t0].[CreatedBy] AS [CreatedBy0], [t0].[DeletedAt] AS [DeletedAt0], [t0].[DeletedBy] AS [DeletedBy0], [t0].[Description] AS [Description0], [t0].[HallName], [t0].[HallTypeId], [t0].[IsDeleted] AS [IsDeleted0], [t0].[LastModifiedAt] AS [LastModifiedAt0], [t0].[LastModifiedBy] AS [LastModifiedBy0], [t1].[CinemaId] AS [CinemaId0], [t1].[Address], [t1].[BannerUrl] AS [BannerUrl0], [t1].[CinemaName], [t1].[CityId], [t1].[ClosingTime], [t1].[CreatedAt] AS [CreatedAt3], [t1].[CreatedBy] AS [CreatedBy1], [t1].[DeletedAt] AS [DeletedAt1], [t1].[DeletedBy] AS [DeletedBy1], [t1].[Email] AS [Email0], [t1].[GalleryUrls], [t1].[GoogleMapsUrl], [t1].[ImageUrl], [t1].[IsDeleted] AS [IsDeleted1], [t1].[LastModifiedAt] AS [LastModifiedAt1], [t1].[LastModifiedBy] AS [LastModifiedBy1], [t1].[Latitude], [t1].[LogoUrl], [t1].[Longitude], [t1].[OpeningTime], [t1].[Phone], [t1].[Status] AS [Status0]
          FROM [Bookings] AS [b]
          INNER JOIN [Users] AS [u] ON [b].[UserId] = [u].[UserId]
          INNER JOIN [Showtimes] AS [s] ON [b].[ShowtimeId] = [s].[ShowtimeId]
          INNER JOIN (
              SELECT [m].[MovieId], [m].[AgeRatingId], [m].[BannerUrl], [m].[CreatedAt], [m].[CreatedBy], [m].[DeletedAt], [m].[DeletedBy], [m].[Description], [m].[DirectorId], [m].[Duration], [m].[EndDate], [m].[GenreId], [m].[IsDeleted], [m].[IsFeatured], [m].[Language], [m].[LastModifiedAt], [m].[LastModifiedBy], [m].[PosterUrl], [m].[Rating], [m].[ReleaseDate], [m].[Slug], [m].[Status], [m].[Title], [m].[TrailerUrl]
              FROM [Movies] AS [m]
              WHERE [m].[IsDeleted] = CAST(0 AS bit)
          ) AS [t] ON [s].[MovieId] = [t].[MovieId]
          INNER JOIN (
              SELECT [h].[HallId], [h].[Capacity], [h].[CinemaId], [h].[CreatedAt], [h].[CreatedBy], [h].[DeletedAt], [h].[DeletedBy], [h].[Description], [h].[HallName], [h].[HallTypeId], [h].[IsDeleted], [h].[LastModifiedAt], [h].[LastModifiedBy]
              FROM [Halls] AS [h]
              WHERE [h].[IsDeleted] = CAST(0 AS bit)
          ) AS [t0] ON [s].[HallId] = [t0].[HallId]
          INNER JOIN (
              SELECT [c].[CinemaId], [c].[Address], [c].[BannerUrl], [c].[CinemaName], [c].[CityId], [c].[ClosingTime], [c].[CreatedAt], [c].[CreatedBy], [c].[DeletedAt], [c].[DeletedBy], [c].[Email], [c].[GalleryUrls], [c].[GoogleMapsUrl], [c].[ImageUrl], [c].[IsDeleted], [c].[LastModifiedAt], [c].[LastModifiedBy], [c].[Latitude], [c].[LogoUrl], [c].[Longitude], [c].[OpeningTime], [c].[Phone], [c].[Status]
              FROM [Cinemas] AS [c]
              WHERE [c].[IsDeleted] = CAST(0 AS bit)
          ) AS [t1] ON [t0].[CinemaId] = [t1].[CinemaId]
          WHERE [b].[BookingId] = @__id_0
      ) AS [t2]
      LEFT JOIN (
          SELECT [b0].[BookingSeatId], [b0].[BookingId], [b0].[SeatId], [b0].[UnitPrice], [t4].[SeatId] AS [SeatId0], [t4].[CreatedAt], [t4].[CreatedBy], [t4].[DeletedAt], [t4].[DeletedBy], [t4].[HallId], [t4].[IsDeleted], [t4].[LastModifiedAt], [t4].[LastModifiedBy], [t4].[SeatCode], [t4].[SeatTypeId]
          FROM [BookingSeats] AS [b0]
          INNER JOIN (
              SELECT [s0].[SeatId], [s0].[CreatedAt], [s0].[CreatedBy], [s0].[DeletedAt], [s0].[DeletedBy], [s0].[HallId], [s0].[IsDeleted], [s0].[LastModifiedAt], [s0].[LastModifiedBy], [s0].[SeatCode], [s0].[SeatTypeId]
              FROM [Seats] AS [s0]
              WHERE [s0].[IsDeleted] = CAST(0 AS bit)
          ) AS [t4] ON [b0].[SeatId] = [t4].[SeatId]
      ) AS [t3] ON [t2].[BookingId] = [t3].[BookingId]
      ORDER BY [t2].[BookingId], [t2].[UserId0], [t2].[ShowtimeId0], [t2].[MovieId0], [t2].[HallId0], [t2].[CinemaId0], [t3].[BookingSeatId]
info: CinemaBooking.API.Middleware.RequestLoggingMiddleware[0]
      HTTP Request Finished. Status: 200, Duration: 4ms, CorrelationId: 185da90d-ec97-4afc-8efc-9d40aaf61687, TraceId: 0HNMALRM69NUP:00000017
info: Microsoft.EntityFrameworkCore.Database.Command[20101]
      Executed DbCommand (1ms) [Parameters=[@__p_0='?' (DbType = Int32)], CommandType='Text', CommandTimeout='30']
      SELECT TOP(@__p_0) [o].[Id], [o].[Error], [o].[EventName], [o].[OccurredOn], [o].[Payload], [o].[ProcessedOn]
      FROM [OutboxEvents] AS [o]
      WHERE [o].[ProcessedOn] IS NULL
      ORDER BY [o].[OccurredOn]
info: Microsoft.EntityFrameworkCore.Database.Command[20101]
      Executed DbCommand (0ms) [Parameters=[@__p_0='?' (DbType = Int32)], CommandType='Text', CommandTimeout='30']
      SELECT TOP(@__p_0) [o].[Id], [o].[Error], [o].[EventName], [o].[OccurredOn], [o].[Payload], [o].[ProcessedOn]
      FROM [OutboxEvents] AS [o]
      WHERE [o].[ProcessedOn] IS NULL
      ORDER BY [o].[OccurredOn]
info: Microsoft.EntityFrameworkCore.Database.Command[20101]
      Executed DbCommand (1ms) [Parameters=[@__p_0='?' (DbType = Int32)], CommandType='Text', CommandTimeout='30']
      SELECT TOP(@__p_0) [o].[Id], [o].[Error], [o].[EventName], [o].[OccurredOn], [o].[Payload], [o].[ProcessedOn]
      FROM [OutboxEvents] AS [o]
      WHERE [o].[ProcessedOn] IS NULL
      ORDER BY [o].[OccurredOn]
info: Microsoft.EntityFrameworkCore.Database.Command[20101]
      Executed DbCommand (0ms) [Parameters=[@__p_0='?' (DbType = Int32)], CommandType='Text', CommandTimeout='30']
      SELECT TOP(@__p_0) [o].[Id], [o].[Error], [o].[EventName], [o].[OccurredOn], [o].[Payload], [o].[ProcessedOn]
      FROM [OutboxEvents] AS [o]
      WHERE [o].[ProcessedOn] IS NULL
      ORDER BY [o].[OccurredOn]
info: CinemaBooking.API.Middleware.RequestLoggingMiddleware[0]
      HTTP Request Started. Method: OPTIONS, Path: /api/bookings/7, QueryString: , CorrelationId: 115538f0-50bf-46a9-b230-03f1279e842b
info: CinemaBooking.API.Middleware.RequestLoggingMiddleware[0]
      HTTP Request Finished. Status: 204, Duration: 0ms, CorrelationId: 115538f0-50bf-46a9-b230-03f1279e842b, TraceId: 0HNMALRM69NUP:00000018
info: CinemaBooking.API.Middleware.RequestLoggingMiddleware[0]
      HTTP Request Started. Method: GET, Path: /api/bookings/7, QueryString: , CorrelationId: 6ee1b201-8fcc-4d65-8eea-70b34bbc2b4b
info: CinemaBooking.API.Services.Implementations.BookingService[0]
      Retrieving booking by ID: 7
info: Microsoft.EntityFrameworkCore.Database.Command[20101]
      Executed DbCommand (1ms) [Parameters=[@__id_0='?' (DbType = Int32)], CommandType='Text', CommandTimeout='30']
      SELECT [t2].[BookingId], [t2].[BookingCode], [t2].[BookingStatus], [t2].[CreatedAt], [t2].[DiscountAmount], [t2].[QRCodeUrl], [t2].[RowVersion], [t2].[ServiceFee], [t2].[ShowtimeId], [t2].[TotalAmount], [t2].[UserId], [t2].[UserId0], [t2].[AvatarUrl], [t2].[CreatedAt0], [t2].[DateOfBirth], [t2].[Email], [t2].[EmailVerificationToken], [t2].[FullName], [t2].[Gender], [t2].[IsActive], [t2].[IsEmailVerified], [t2].[IsPhoneVerified], [t2].[MembershipPoints], [t2].[PasswordHash], [t2].[PasswordResetToken], [t2].[PhoneNumber], [t2].[ResetTokenExpires], [t2].[ShowtimeId0], [t2].[MovieId0], [t2].[HallId0], [t2].[CinemaId0], [t3].[BookingSeatId], [t3].[BookingId], [t3].[SeatId], [t3].[UnitPrice], [t3].[SeatId0], [t3].[CreatedAt], [t3].[CreatedBy], [t3].[DeletedAt], [t3].[DeletedBy], [t3].[HallId], [t3].[IsDeleted], [t3].[LastModifiedAt], [t3].[LastModifiedBy], [t3].[SeatCode], [t3].[SeatTypeId], [t2].[CustomPrice], [t2].[EndTime], [t2].[HallId], [t2].[IsPriceOverride], [t2].[MovieId], [t2].[PriceId], [t2].[RowVersion0], [t2].[StartTime], [t2].[AgeRatingId], [t2].[BannerUrl], [t2].[CreatedAt1], [t2].[CreatedBy], [t2].[DeletedAt], [t2].[DeletedBy], [t2].[Description], [t2].[DirectorId], [t2].[Duration], [t2].[EndDate], [t2].[GenreId], [t2].[IsDeleted], [t2].[IsFeatured], [t2].[Language], [t2].[LastModifiedAt], [t2].[LastModifiedBy], [t2].[PosterUrl], [t2].[Rating], [t2].[ReleaseDate], [t2].[Slug], [t2].[Status], [t2].[Title], [t2].[TrailerUrl], [t2].[Capacity], [t2].[CinemaId], [t2].[CreatedAt2], [t2].[CreatedBy0], [t2].[DeletedAt0], [t2].[DeletedBy0], [t2].[Description0], [t2].[HallName], [t2].[HallTypeId], [t2].[IsDeleted0], [t2].[LastModifiedAt0], [t2].[LastModifiedBy0], [t2].[Address], [t2].[BannerUrl0], [t2].[CinemaName], [t2].[CityId], [t2].[ClosingTime], [t2].[CreatedAt3], [t2].[CreatedBy1], [t2].[DeletedAt1], [t2].[DeletedBy1], [t2].[Email0], [t2].[GalleryUrls], [t2].[GoogleMapsUrl], [t2].[ImageUrl], [t2].[IsDeleted1], [t2].[LastModifiedAt1], [t2].[LastModifiedBy1], [t2].[Latitude], [t2].[LogoUrl], [t2].[Longitude], [t2].[OpeningTime], [t2].[Phone], [t2].[Status0]
      FROM (
          SELECT TOP(1) [b].[BookingId], [b].[BookingCode], [b].[BookingStatus], [b].[CreatedAt], [b].[DiscountAmount], [b].[QRCodeUrl], [b].[RowVersion], [b].[ServiceFee], [b].[ShowtimeId], [b].[TotalAmount], [b].[UserId], [u].[UserId] AS [UserId0], [u].[AvatarUrl], [u].[CreatedAt] AS [CreatedAt0], [u].[DateOfBirth], [u].[Email], [u].[EmailVerificationToken], [u].[FullName], [u].[Gender], [u].[IsActive], [u].[IsEmailVerified], [u].[IsPhoneVerified], [u].[MembershipPoints], [u].[PasswordHash], [u].[PasswordResetToken], [u].[PhoneNumber], [u].[ResetTokenExpires], [s].[ShowtimeId] AS [ShowtimeId0], [s].[CustomPrice], [s].[EndTime], [s].[HallId], [s].[IsPriceOverride], [s].[MovieId], [s].[PriceId], [s].[RowVersion] AS [RowVersion0], [s].[StartTime], [t].[MovieId] AS [MovieId0], [t].[AgeRatingId], [t].[BannerUrl], [t].[CreatedAt] AS [CreatedAt1], [t].[CreatedBy], [t].[DeletedAt], [t].[DeletedBy], [t].[Description], [t].[DirectorId], [t].[Duration], [t].[EndDate], [t].[GenreId], [t].[IsDeleted], [t].[IsFeatured], [t].[Language], [t].[LastModifiedAt], [t].[LastModifiedBy], [t].[PosterUrl], [t].[Rating], [t].[ReleaseDate], [t].[Slug], [t].[Status], [t].[Title], [t].[TrailerUrl], [t0].[HallId] AS [HallId0], [t0].[Capacity], [t0].[CinemaId], [t0].[CreatedAt] AS [CreatedAt2], [t0].[CreatedBy] AS [CreatedBy0], [t0].[DeletedAt] AS [DeletedAt0], [t0].[DeletedBy] AS [DeletedBy0], [t0].[Description] AS [Description0], [t0].[HallName], [t0].[HallTypeId], [t0].[IsDeleted] AS [IsDeleted0], [t0].[LastModifiedAt] AS [LastModifiedAt0], [t0].[LastModifiedBy] AS [LastModifiedBy0], [t1].[CinemaId] AS [CinemaId0], [t1].[Address], [t1].[BannerUrl] AS [BannerUrl0], [t1].[CinemaName], [t1].[CityId], [t1].[ClosingTime], [t1].[CreatedAt] AS [CreatedAt3], [t1].[CreatedBy] AS [CreatedBy1], [t1].[DeletedAt] AS [DeletedAt1], [t1].[DeletedBy] AS [DeletedBy1], [t1].[Email] AS [Email0], [t1].[GalleryUrls], [t1].[GoogleMapsUrl], [t1].[ImageUrl], [t1].[IsDeleted] AS [IsDeleted1], [t1].[LastModifiedAt] AS [LastModifiedAt1], [t1].[LastModifiedBy] AS [LastModifiedBy1], [t1].[Latitude], [t1].[LogoUrl], [t1].[Longitude], [t1].[OpeningTime], [t1].[Phone], [t1].[Status] AS [Status0]
          FROM [Bookings] AS [b]
          INNER JOIN [Users] AS [u] ON [b].[UserId] = [u].[UserId]
          INNER JOIN [Showtimes] AS [s] ON [b].[ShowtimeId] = [s].[ShowtimeId]
          INNER JOIN (
              SELECT [m].[MovieId], [m].[AgeRatingId], [m].[BannerUrl], [m].[CreatedAt], [m].[CreatedBy], [m].[DeletedAt], [m].[DeletedBy], [m].[Description], [m].[DirectorId], [m].[Duration], [m].[EndDate], [m].[GenreId], [m].[IsDeleted], [m].[IsFeatured], [m].[Language], [m].[LastModifiedAt], [m].[LastModifiedBy], [m].[PosterUrl], [m].[Rating], [m].[ReleaseDate], [m].[Slug], [m].[Status], [m].[Title], [m].[TrailerUrl]
              FROM [Movies] AS [m]
              WHERE [m].[IsDeleted] = CAST(0 AS bit)
          ) AS [t] ON [s].[MovieId] = [t].[MovieId]
          INNER JOIN (
              SELECT [h].[HallId], [h].[Capacity], [h].[CinemaId], [h].[CreatedAt], [h].[CreatedBy], [h].[DeletedAt], [h].[DeletedBy], [h].[Description], [h].[HallName], [h].[HallTypeId], [h].[IsDeleted], [h].[LastModifiedAt], [h].[LastModifiedBy]
              FROM [Halls] AS [h]
              WHERE [h].[IsDeleted] = CAST(0 AS bit)
          ) AS [t0] ON [s].[HallId] = [t0].[HallId]
          INNER JOIN (
              SELECT [c].[CinemaId], [c].[Address], [c].[BannerUrl], [c].[CinemaName], [c].[CityId], [c].[ClosingTime], [c].[CreatedAt], [c].[CreatedBy], [c].[DeletedAt], [c].[DeletedBy], [c].[Email], [c].[GalleryUrls], [c].[GoogleMapsUrl], [c].[ImageUrl], [c].[IsDeleted], [c].[LastModifiedAt], [c].[LastModifiedBy], [c].[Latitude], [c].[LogoUrl], [c].[Longitude], [c].[OpeningTime], [c].[Phone], [c].[Status]
              FROM [Cinemas] AS [c]
              WHERE [c].[IsDeleted] = CAST(0 AS bit)
          ) AS [t1] ON [t0].[CinemaId] = [t1].[CinemaId]
          WHERE [b].[BookingId] = @__id_0
      ) AS [t2]
      LEFT JOIN (
          SELECT [b0].[BookingSeatId], [b0].[BookingId], [b0].[SeatId], [b0].[UnitPrice], [t4].[SeatId] AS [SeatId0], [t4].[CreatedAt], [t4].[CreatedBy], [t4].[DeletedAt], [t4].[DeletedBy], [t4].[HallId], [t4].[IsDeleted], [t4].[LastModifiedAt], [t4].[LastModifiedBy], [t4].[SeatCode], [t4].[SeatTypeId]
          FROM [BookingSeats] AS [b0]
          INNER JOIN (
              SELECT [s0].[SeatId], [s0].[CreatedAt], [s0].[CreatedBy], [s0].[DeletedAt], [s0].[DeletedBy], [s0].[HallId], [s0].[IsDeleted], [s0].[LastModifiedAt], [s0].[LastModifiedBy], [s0].[SeatCode], [s0].[SeatTypeId]
              FROM [Seats] AS [s0]
              WHERE [s0].[IsDeleted] = CAST(0 AS bit)
          ) AS [t4] ON [b0].[SeatId] = [t4].[SeatId]
      ) AS [t3] ON [t2].[BookingId] = [t3].[BookingId]
      ORDER BY [t2].[BookingId], [t2].[UserId0], [t2].[ShowtimeId0], [t2].[MovieId0], [t2].[HallId0], [t2].[CinemaId0], [t3].[BookingSeatId]
info: CinemaBooking.API.Middleware.RequestLoggingMiddleware[0]
      HTTP Request Finished. Status: 200, Duration: 3ms, CorrelationId: 6ee1b201-8fcc-4d65-8eea-70b34bbc2b4b, TraceId: 0HNMALRM69NUP:00000019
info: Microsoft.EntityFrameworkCore.Database.Command[20101]
      Executed DbCommand (1ms) [Parameters=[@__p_0='?' (DbType = Int32)], CommandType='Text', CommandTimeout='30']
      SELECT TOP(@__p_0) [o].[Id], [o].[Error], [o].[EventName], [o].[OccurredOn], [o].[Payload], [o].[ProcessedOn]
      FROM [OutboxEvents] AS [o]
      WHERE [o].[ProcessedOn] IS NULL
      ORDER BY [o].[OccurredOn]
info: Microsoft.EntityFrameworkCore.Database.Command[20101]
      Executed DbCommand (0ms) [Parameters=[@__p_0='?' (DbType = Int32)], CommandType='Text', CommandTimeout='30']
      SELECT TOP(@__p_0) [o].[Id], [o].[Error], [o].[EventName], [o].[OccurredOn], [o].[Payload], [o].[ProcessedOn]
      FROM [OutboxEvents] AS [o]
      WHERE [o].[ProcessedOn] IS NULL
      ORDER BY [o].[OccurredOn]
info: Microsoft.EntityFrameworkCore.Database.Command[20101]
      Executed DbCommand (0ms) [Parameters=[@__p_0='?' (DbType = Int32)], CommandType='Text', CommandTimeout='30']
      SELECT TOP(@__p_0) [o].[Id], [o].[Error], [o].[EventName], [o].[OccurredOn], [o].[Payload], [o].[ProcessedOn]
      FROM [OutboxEvents] AS [o]
      WHERE [o].[ProcessedOn] IS NULL
      ORDER BY [o].[OccurredOn]
info: Microsoft.EntityFrameworkCore.Database.Command[20101]
      Executed DbCommand (0ms) [Parameters=[@__p_0='?' (DbType = Int32)], CommandType='Text', CommandTimeout='30']
      SELECT TOP(@__p_0) [o].[Id], [o].[Error], [o].[EventName], [o].[OccurredOn], [o].[Payload], [o].[ProcessedOn]
      FROM [OutboxEvents] AS [o]
      WHERE [o].[ProcessedOn] IS NULL
      ORDER BY [o].[OccurredOn]
info: Microsoft.EntityFrameworkCore.Database.Command[20101]
      Executed DbCommand (0ms) [Parameters=[@__p_0='?' (DbType = Int32)], CommandType='Text', CommandTimeout='30']
      SELECT TOP(@__p_0) [o].[Id], [o].[Error], [o].[EventName], [o].[OccurredOn], [o].[Payload], [o].[ProcessedOn]
      FROM [OutboxEvents] AS [o]
      WHERE [o].[ProcessedOn] IS NULL
      ORDER BY [o].[OccurredOn]
info: CinemaBooking.API.Middleware.RequestLoggingMiddleware[0]
      HTTP Request Started. Method: GET, Path: /api/bookings/7, QueryString: , CorrelationId: 3123e061-d3cf-4710-9218-15392b3869e5
info: CinemaBooking.API.Services.Implementations.BookingService[0]
      Retrieving booking by ID: 7
info: Microsoft.EntityFrameworkCore.Database.Command[20101]
      Executed DbCommand (1ms) [Parameters=[@__id_0='?' (DbType = Int32)], CommandType='Text', CommandTimeout='30']
      SELECT [t2].[BookingId], [t2].[BookingCode], [t2].[BookingStatus], [t2].[CreatedAt], [t2].[DiscountAmount], [t2].[QRCodeUrl], [t2].[RowVersion], [t2].[ServiceFee], [t2].[ShowtimeId], [t2].[TotalAmount], [t2].[UserId], [t2].[UserId0], [t2].[AvatarUrl], [t2].[CreatedAt0], [t2].[DateOfBirth], [t2].[Email], [t2].[EmailVerificationToken], [t2].[FullName], [t2].[Gender], [t2].[IsActive], [t2].[IsEmailVerified], [t2].[IsPhoneVerified], [t2].[MembershipPoints], [t2].[PasswordHash], [t2].[PasswordResetToken], [t2].[PhoneNumber], [t2].[ResetTokenExpires], [t2].[ShowtimeId0], [t2].[MovieId0], [t2].[HallId0], [t2].[CinemaId0], [t3].[BookingSeatId], [t3].[BookingId], [t3].[SeatId], [t3].[UnitPrice], [t3].[SeatId0], [t3].[CreatedAt], [t3].[CreatedBy], [t3].[DeletedAt], [t3].[DeletedBy], [t3].[HallId], [t3].[IsDeleted], [t3].[LastModifiedAt], [t3].[LastModifiedBy], [t3].[SeatCode], [t3].[SeatTypeId], [t2].[CustomPrice], [t2].[EndTime], [t2].[HallId], [t2].[IsPriceOverride], [t2].[MovieId], [t2].[PriceId], [t2].[RowVersion0], [t2].[StartTime], [t2].[AgeRatingId], [t2].[BannerUrl], [t2].[CreatedAt1], [t2].[CreatedBy], [t2].[DeletedAt], [t2].[DeletedBy], [t2].[Description], [t2].[DirectorId], [t2].[Duration], [t2].[EndDate], [t2].[GenreId], [t2].[IsDeleted], [t2].[IsFeatured], [t2].[Language], [t2].[LastModifiedAt], [t2].[LastModifiedBy], [t2].[PosterUrl], [t2].[Rating], [t2].[ReleaseDate], [t2].[Slug], [t2].[Status], [t2].[Title], [t2].[TrailerUrl], [t2].[Capacity], [t2].[CinemaId], [t2].[CreatedAt2], [t2].[CreatedBy0], [t2].[DeletedAt0], [t2].[DeletedBy0], [t2].[Description0], [t2].[HallName], [t2].[HallTypeId], [t2].[IsDeleted0], [t2].[LastModifiedAt0], [t2].[LastModifiedBy0], [t2].[Address], [t2].[BannerUrl0], [t2].[CinemaName], [t2].[CityId], [t2].[ClosingTime], [t2].[CreatedAt3], [t2].[CreatedBy1], [t2].[DeletedAt1], [t2].[DeletedBy1], [t2].[Email0], [t2].[GalleryUrls], [t2].[GoogleMapsUrl], [t2].[ImageUrl], [t2].[IsDeleted1], [t2].[LastModifiedAt1], [t2].[LastModifiedBy1], [t2].[Latitude], [t2].[LogoUrl], [t2].[Longitude], [t2].[OpeningTime], [t2].[Phone], [t2].[Status0]
      FROM (
          SELECT TOP(1) [b].[BookingId], [b].[BookingCode], [b].[BookingStatus], [b].[CreatedAt], [b].[DiscountAmount], [b].[QRCodeUrl], [b].[RowVersion], [b].[ServiceFee], [b].[ShowtimeId], [b].[TotalAmount], [b].[UserId], [u].[UserId] AS [UserId0], [u].[AvatarUrl], [u].[CreatedAt] AS [CreatedAt0], [u].[DateOfBirth], [u].[Email], [u].[EmailVerificationToken], [u].[FullName], [u].[Gender], [u].[IsActive], [u].[IsEmailVerified], [u].[IsPhoneVerified], [u].[MembershipPoints], [u].[PasswordHash], [u].[PasswordResetToken], [u].[PhoneNumber], [u].[ResetTokenExpires], [s].[ShowtimeId] AS [ShowtimeId0], [s].[CustomPrice], [s].[EndTime], [s].[HallId], [s].[IsPriceOverride], [s].[MovieId], [s].[PriceId], [s].[RowVersion] AS [RowVersion0], [s].[StartTime], [t].[MovieId] AS [MovieId0], [t].[AgeRatingId], [t].[BannerUrl], [t].[CreatedAt] AS [CreatedAt1], [t].[CreatedBy], [t].[DeletedAt], [t].[DeletedBy], [t].[Description], [t].[DirectorId], [t].[Duration], [t].[EndDate], [t].[GenreId], [t].[IsDeleted], [t].[IsFeatured], [t].[Language], [t].[LastModifiedAt], [t].[LastModifiedBy], [t].[PosterUrl], [t].[Rating], [t].[ReleaseDate], [t].[Slug], [t].[Status], [t].[Title], [t].[TrailerUrl], [t0].[HallId] AS [HallId0], [t0].[Capacity], [t0].[CinemaId], [t0].[CreatedAt] AS [CreatedAt2], [t0].[CreatedBy] AS [CreatedBy0], [t0].[DeletedAt] AS [DeletedAt0], [t0].[DeletedBy] AS [DeletedBy0], [t0].[Description] AS [Description0], [t0].[HallName], [t0].[HallTypeId], [t0].[IsDeleted] AS [IsDeleted0], [t0].[LastModifiedAt] AS [LastModifiedAt0], [t0].[LastModifiedBy] AS [LastModifiedBy0], [t1].[CinemaId] AS [CinemaId0], [t1].[Address], [t1].[BannerUrl] AS [BannerUrl0], [t1].[CinemaName], [t1].[CityId], [t1].[ClosingTime], [t1].[CreatedAt] AS [CreatedAt3], [t1].[CreatedBy] AS [CreatedBy1], [t1].[DeletedAt] AS [DeletedAt1], [t1].[DeletedBy] AS [DeletedBy1], [t1].[Email] AS [Email0], [t1].[GalleryUrls], [t1].[GoogleMapsUrl], [t1].[ImageUrl], [t1].[IsDeleted] AS [IsDeleted1], [t1].[LastModifiedAt] AS [LastModifiedAt1], [t1].[LastModifiedBy] AS [LastModifiedBy1], [t1].[Latitude], [t1].[LogoUrl], [t1].[Longitude], [t1].[OpeningTime], [t1].[Phone], [t1].[Status] AS [Status0]
          FROM [Bookings] AS [b]
          INNER JOIN [Users] AS [u] ON [b].[UserId] = [u].[UserId]
          INNER JOIN [Showtimes] AS [s] ON [b].[ShowtimeId] = [s].[ShowtimeId]
          INNER JOIN (
              SELECT [m].[MovieId], [m].[AgeRatingId], [m].[BannerUrl], [m].[CreatedAt], [m].[CreatedBy], [m].[DeletedAt], [m].[DeletedBy], [m].[Description], [m].[DirectorId], [m].[Duration], [m].[EndDate], [m].[GenreId], [m].[IsDeleted], [m].[IsFeatured], [m].[Language], [m].[LastModifiedAt], [m].[LastModifiedBy], [m].[PosterUrl], [m].[Rating], [m].[ReleaseDate], [m].[Slug], [m].[Status], [m].[Title], [m].[TrailerUrl]
              FROM [Movies] AS [m]
              WHERE [m].[IsDeleted] = CAST(0 AS bit)
          ) AS [t] ON [s].[MovieId] = [t].[MovieId]
          INNER JOIN (
              SELECT [h].[HallId], [h].[Capacity], [h].[CinemaId], [h].[CreatedAt], [h].[CreatedBy], [h].[DeletedAt], [h].[DeletedBy], [h].[Description], [h].[HallName], [h].[HallTypeId], [h].[IsDeleted], [h].[LastModifiedAt], [h].[LastModifiedBy]
              FROM [Halls] AS [h]
              WHERE [h].[IsDeleted] = CAST(0 AS bit)
          ) AS [t0] ON [s].[HallId] = [t0].[HallId]
          INNER JOIN (
              SELECT [c].[CinemaId], [c].[Address], [c].[BannerUrl], [c].[CinemaName], [c].[CityId], [c].[ClosingTime], [c].[CreatedAt], [c].[CreatedBy], [c].[DeletedAt], [c].[DeletedBy], [c].[Email], [c].[GalleryUrls], [c].[GoogleMapsUrl], [c].[ImageUrl], [c].[IsDeleted], [c].[LastModifiedAt], [c].[LastModifiedBy], [c].[Latitude], [c].[LogoUrl], [c].[Longitude], [c].[OpeningTime], [c].[Phone], [c].[Status]
              FROM [Cinemas] AS [c]
              WHERE [c].[IsDeleted] = CAST(0 AS bit)
          ) AS [t1] ON [t0].[CinemaId] = [t1].[CinemaId]
          WHERE [b].[BookingId] = @__id_0
      ) AS [t2]
      LEFT JOIN (
          SELECT [b0].[BookingSeatId], [b0].[BookingId], [b0].[SeatId], [b0].[UnitPrice], [t4].[SeatId] AS [SeatId0], [t4].[CreatedAt], [t4].[CreatedBy], [t4].[DeletedAt], [t4].[DeletedBy], [t4].[HallId], [t4].[IsDeleted], [t4].[LastModifiedAt], [t4].[LastModifiedBy], [t4].[SeatCode], [t4].[SeatTypeId]
          FROM [BookingSeats] AS [b0]
          INNER JOIN (
              SELECT [s0].[SeatId], [s0].[CreatedAt], [s0].[CreatedBy], [s0].[DeletedAt], [s0].[DeletedBy], [s0].[HallId], [s0].[IsDeleted], [s0].[LastModifiedAt], [s0].[LastModifiedBy], [s0].[SeatCode], [s0].[SeatTypeId]
              FROM [Seats] AS [s0]
              WHERE [s0].[IsDeleted] = CAST(0 AS bit)
          ) AS [t4] ON [b0].[SeatId] = [t4].[SeatId]
      ) AS [t3] ON [t2].[BookingId] = [t3].[BookingId]
      ORDER BY [t2].[BookingId], [t2].[UserId0], [t2].[ShowtimeId0], [t2].[MovieId0], [t2].[HallId0], [t2].[CinemaId0], [t3].[BookingSeatId]
info: CinemaBooking.API.Middleware.RequestLoggingMiddleware[0]
      HTTP Request Finished. Status: 200, Duration: 3ms, CorrelationId: 3123e061-d3cf-4710-9218-15392b3869e5, TraceId: 0HNMALRM69NUP:0000001A
info: Microsoft.EntityFrameworkCore.Database.Command[20101]
      Executed DbCommand (1ms) [Parameters=[@__p_0='?' (DbType = Int32)], CommandType='Text', CommandTimeout='30']
      SELECT TOP(@__p_0) [o].[Id], [o].[Error], [o].[EventName], [o].[OccurredOn], [o].[Payload], [o].[ProcessedOn]
      FROM [OutboxEvents] AS [o]
      WHERE [o].[ProcessedOn] IS NULL
      ORDER BY [o].[OccurredOn]
info: Microsoft.EntityFrameworkCore.Database.Command[20101]
      Executed DbCommand (1ms) [Parameters=[@__p_0='?' (DbType = Int32)], CommandType='Text', CommandTimeout='30']
      SELECT TOP(@__p_0) [o].[Id], [o].[Error], [o].[EventName], [o].[OccurredOn], [o].[Payload], [o].[ProcessedOn]
      FROM [OutboxEvents] AS [o]
      WHERE [o].[ProcessedOn] IS NULL
      ORDER BY [o].[OccurredOn]
info: Microsoft.EntityFrameworkCore.Database.Command[20101]
      Executed DbCommand (1ms) [Parameters=[@__p_0='?' (DbType = Int32)], CommandType='Text', CommandTimeout='30']
      SELECT TOP(@__p_0) [o].[Id], [o].[Error], [o].[EventName], [o].[OccurredOn], [o].[Payload], [o].[ProcessedOn]
      FROM [OutboxEvents] AS [o]
      WHERE [o].[ProcessedOn] IS NULL
      ORDER BY [o].[OccurredOn]
info: Microsoft.EntityFrameworkCore.Database.Command[20101]
      Executed DbCommand (1ms) [Parameters=[@__p_0='?' (DbType = Int32)], CommandType='Text', CommandTimeout='30']
      SELECT TOP(@__p_0) [o].[Id], [o].[Error], [o].[EventName], [o].[OccurredOn], [o].[Payload], [o].[ProcessedOn]
      FROM [OutboxEvents] AS [o]
      WHERE [o].[ProcessedOn] IS NULL
      ORDER BY [o].[OccurredOn]
info: Microsoft.EntityFrameworkCore.Database.Command[20101]
      Executed DbCommand (1ms) [Parameters=[@__p_0='?' (DbType = Int32)], CommandType='Text', CommandTimeout='30']
      SELECT TOP(@__p_0) [o].[Id], [o].[Error], [o].[EventName], [o].[OccurredOn], [o].[Payload], [o].[ProcessedOn]
      FROM [OutboxEvents] AS [o]
      WHERE [o].[ProcessedOn] IS NULL
      ORDER BY [o].[OccurredOn]
info: CinemaBooking.API.Middleware.RequestLoggingMiddleware[0]
      HTTP Request Started. Method: OPTIONS, Path: /api/bookings/7, QueryString: , CorrelationId: f5108295-85c0-4ec5-8f2a-69b420301a99
info: CinemaBooking.API.Middleware.RequestLoggingMiddleware[0]
      HTTP Request Finished. Status: 204, Duration: 0ms, CorrelationId: f5108295-85c0-4ec5-8f2a-69b420301a99, TraceId: 0HNMALRM69NUP:0000001B
info: CinemaBooking.API.Middleware.RequestLoggingMiddleware[0]
      HTTP Request Started. Method: GET, Path: /api/bookings/7, QueryString: , CorrelationId: 37e623fa-2ae6-47be-8ead-ff27d48a9a55
info: CinemaBooking.API.Services.Implementations.BookingService[0]
      Retrieving booking by ID: 7
info: Microsoft.EntityFrameworkCore.Database.Command[20101]
      Executed DbCommand (1ms) [Parameters=[@__id_0='?' (DbType = Int32)], CommandType='Text', CommandTimeout='30']
      SELECT [t2].[BookingId], [t2].[BookingCode], [t2].[BookingStatus], [t2].[CreatedAt], [t2].[DiscountAmount], [t2].[QRCodeUrl], [t2].[RowVersion], [t2].[ServiceFee], [t2].[ShowtimeId], [t2].[TotalAmount], [t2].[UserId], [t2].[UserId0], [t2].[AvatarUrl], [t2].[CreatedAt0], [t2].[DateOfBirth], [t2].[Email], [t2].[EmailVerificationToken], [t2].[FullName], [t2].[Gender], [t2].[IsActive], [t2].[IsEmailVerified], [t2].[IsPhoneVerified], [t2].[MembershipPoints], [t2].[PasswordHash], [t2].[PasswordResetToken], [t2].[PhoneNumber], [t2].[ResetTokenExpires], [t2].[ShowtimeId0], [t2].[MovieId0], [t2].[HallId0], [t2].[CinemaId0], [t3].[BookingSeatId], [t3].[BookingId], [t3].[SeatId], [t3].[UnitPrice], [t3].[SeatId0], [t3].[CreatedAt], [t3].[CreatedBy], [t3].[DeletedAt], [t3].[DeletedBy], [t3].[HallId], [t3].[IsDeleted], [t3].[LastModifiedAt], [t3].[LastModifiedBy], [t3].[SeatCode], [t3].[SeatTypeId], [t2].[CustomPrice], [t2].[EndTime], [t2].[HallId], [t2].[IsPriceOverride], [t2].[MovieId], [t2].[PriceId], [t2].[RowVersion0], [t2].[StartTime], [t2].[AgeRatingId], [t2].[BannerUrl], [t2].[CreatedAt1], [t2].[CreatedBy], [t2].[DeletedAt], [t2].[DeletedBy], [t2].[Description], [t2].[DirectorId], [t2].[Duration], [t2].[EndDate], [t2].[GenreId], [t2].[IsDeleted], [t2].[IsFeatured], [t2].[Language], [t2].[LastModifiedAt], [t2].[LastModifiedBy], [t2].[PosterUrl], [t2].[Rating], [t2].[ReleaseDate], [t2].[Slug], [t2].[Status], [t2].[Title], [t2].[TrailerUrl], [t2].[Capacity], [t2].[CinemaId], [t2].[CreatedAt2], [t2].[CreatedBy0], [t2].[DeletedAt0], [t2].[DeletedBy0], [t2].[Description0], [t2].[HallName], [t2].[HallTypeId], [t2].[IsDeleted0], [t2].[LastModifiedAt0], [t2].[LastModifiedBy0], [t2].[Address], [t2].[BannerUrl0], [t2].[CinemaName], [t2].[CityId], [t2].[ClosingTime], [t2].[CreatedAt3], [t2].[CreatedBy1], [t2].[DeletedAt1], [t2].[DeletedBy1], [t2].[Email0], [t2].[GalleryUrls], [t2].[GoogleMapsUrl], [t2].[ImageUrl], [t2].[IsDeleted1], [t2].[LastModifiedAt1], [t2].[LastModifiedBy1], [t2].[Latitude], [t2].[LogoUrl], [t2].[Longitude], [t2].[OpeningTime], [t2].[Phone], [t2].[Status0]
      FROM (
          SELECT TOP(1) [b].[BookingId], [b].[BookingCode], [b].[BookingStatus], [b].[CreatedAt], [b].[DiscountAmount], [b].[QRCodeUrl], [b].[RowVersion], [b].[ServiceFee], [b].[ShowtimeId], [b].[TotalAmount], [b].[UserId], [u].[UserId] AS [UserId0], [u].[AvatarUrl], [u].[CreatedAt] AS [CreatedAt0], [u].[DateOfBirth], [u].[Email], [u].[EmailVerificationToken], [u].[FullName], [u].[Gender], [u].[IsActive], [u].[IsEmailVerified], [u].[IsPhoneVerified], [u].[MembershipPoints], [u].[PasswordHash], [u].[PasswordResetToken], [u].[PhoneNumber], [u].[ResetTokenExpires], [s].[ShowtimeId] AS [ShowtimeId0], [s].[CustomPrice], [s].[EndTime], [s].[HallId], [s].[IsPriceOverride], [s].[MovieId], [s].[PriceId], [s].[RowVersion] AS [RowVersion0], [s].[StartTime], [t].[MovieId] AS [MovieId0], [t].[AgeRatingId], [t].[BannerUrl], [t].[CreatedAt] AS [CreatedAt1], [t].[CreatedBy], [t].[DeletedAt], [t].[DeletedBy], [t].[Description], [t].[DirectorId], [t].[Duration], [t].[EndDate], [t].[GenreId], [t].[IsDeleted], [t].[IsFeatured], [t].[Language], [t].[LastModifiedAt], [t].[LastModifiedBy], [t].[PosterUrl], [t].[Rating], [t].[ReleaseDate], [t].[Slug], [t].[Status], [t].[Title], [t].[TrailerUrl], [t0].[HallId] AS [HallId0], [t0].[Capacity], [t0].[CinemaId], [t0].[CreatedAt] AS [CreatedAt2], [t0].[CreatedBy] AS [CreatedBy0], [t0].[DeletedAt] AS [DeletedAt0], [t0].[DeletedBy] AS [DeletedBy0], [t0].[Description] AS [Description0], [t0].[HallName], [t0].[HallTypeId], [t0].[IsDeleted] AS [IsDeleted0], [t0].[LastModifiedAt] AS [LastModifiedAt0], [t0].[LastModifiedBy] AS [LastModifiedBy0], [t1].[CinemaId] AS [CinemaId0], [t1].[Address], [t1].[BannerUrl] AS [BannerUrl0], [t1].[CinemaName], [t1].[CityId], [t1].[ClosingTime], [t1].[CreatedAt] AS [CreatedAt3], [t1].[CreatedBy] AS [CreatedBy1], [t1].[DeletedAt] AS [DeletedAt1], [t1].[DeletedBy] AS [DeletedBy1], [t1].[Email] AS [Email0], [t1].[GalleryUrls], [t1].[GoogleMapsUrl], [t1].[ImageUrl], [t1].[IsDeleted] AS [IsDeleted1], [t1].[LastModifiedAt] AS [LastModifiedAt1], [t1].[LastModifiedBy] AS [LastModifiedBy1], [t1].[Latitude], [t1].[LogoUrl], [t1].[Longitude], [t1].[OpeningTime], [t1].[Phone], [t1].[Status] AS [Status0]
          FROM [Bookings] AS [b]
          INNER JOIN [Users] AS [u] ON [b].[UserId] = [u].[UserId]
          INNER JOIN [Showtimes] AS [s] ON [b].[ShowtimeId] = [s].[ShowtimeId]
          INNER JOIN (
              SELECT [m].[MovieId], [m].[AgeRatingId], [m].[BannerUrl], [m].[CreatedAt], [m].[CreatedBy], [m].[DeletedAt], [m].[DeletedBy], [m].[Description], [m].[DirectorId], [m].[Duration], [m].[EndDate], [m].[GenreId], [m].[IsDeleted], [m].[IsFeatured], [m].[Language], [m].[LastModifiedAt], [m].[LastModifiedBy], [m].[PosterUrl], [m].[Rating], [m].[ReleaseDate], [m].[Slug], [m].[Status], [m].[Title], [m].[TrailerUrl]
              FROM [Movies] AS [m]
              WHERE [m].[IsDeleted] = CAST(0 AS bit)
          ) AS [t] ON [s].[MovieId] = [t].[MovieId]
          INNER JOIN (
              SELECT [h].[HallId], [h].[Capacity], [h].[CinemaId], [h].[CreatedAt], [h].[CreatedBy], [h].[DeletedAt], [h].[DeletedBy], [h].[Description], [h].[HallName], [h].[HallTypeId], [h].[IsDeleted], [h].[LastModifiedAt], [h].[LastModifiedBy]
              FROM [Halls] AS [h]
              WHERE [h].[IsDeleted] = CAST(0 AS bit)
          ) AS [t0] ON [s].[HallId] = [t0].[HallId]
          INNER JOIN (
              SELECT [c].[CinemaId], [c].[Address], [c].[BannerUrl], [c].[CinemaName], [c].[CityId], [c].[ClosingTime], [c].[CreatedAt], [c].[CreatedBy], [c].[DeletedAt], [c].[DeletedBy], [c].[Email], [c].[GalleryUrls], [c].[GoogleMapsUrl], [c].[ImageUrl], [c].[IsDeleted], [c].[LastModifiedAt], [c].[LastModifiedBy], [c].[Latitude], [c].[LogoUrl], [c].[Longitude], [c].[OpeningTime], [c].[Phone], [c].[Status]
              FROM [Cinemas] AS [c]
              WHERE [c].[IsDeleted] = CAST(0 AS bit)
          ) AS [t1] ON [t0].[CinemaId] = [t1].[CinemaId]
          WHERE [b].[BookingId] = @__id_0
      ) AS [t2]
      LEFT JOIN (
          SELECT [b0].[BookingSeatId], [b0].[BookingId], [b0].[SeatId], [b0].[UnitPrice], [t4].[SeatId] AS [SeatId0], [t4].[CreatedAt], [t4].[CreatedBy], [t4].[DeletedAt], [t4].[DeletedBy], [t4].[HallId], [t4].[IsDeleted], [t4].[LastModifiedAt], [t4].[LastModifiedBy], [t4].[SeatCode], [t4].[SeatTypeId]
          FROM [BookingSeats] AS [b0]
          INNER JOIN (
              SELECT [s0].[SeatId], [s0].[CreatedAt], [s0].[CreatedBy], [s0].[DeletedAt], [s0].[DeletedBy], [s0].[HallId], [s0].[IsDeleted], [s0].[LastModifiedAt], [s0].[LastModifiedBy], [s0].[SeatCode], [s0].[SeatTypeId]
              FROM [Seats] AS [s0]
              WHERE [s0].[IsDeleted] = CAST(0 AS bit)
          ) AS [t4] ON [b0].[SeatId] = [t4].[SeatId]
      ) AS [t3] ON [t2].[BookingId] = [t3].[BookingId]
      ORDER BY [t2].[BookingId], [t2].[UserId0], [t2].[ShowtimeId0], [t2].[MovieId0], [t2].[HallId0], [t2].[CinemaId0], [t3].[BookingSeatId]
info: CinemaBooking.API.Middleware.RequestLoggingMiddleware[0]
      HTTP Request Finished. Status: 200, Duration: 3ms, CorrelationId: 37e623fa-2ae6-47be-8ead-ff27d48a9a55, TraceId: 0HNMALRM69NUP:0000001C
info: Microsoft.EntityFrameworkCore.Database.Command[20101]
      Executed DbCommand (1ms) [Parameters=[@__p_0='?' (DbType = Int32)], CommandType='Text', CommandTimeout='30']
      SELECT TOP(@__p_0) [o].[Id], [o].[Error], [o].[EventName], [o].[OccurredOn], [o].[Payload], [o].[ProcessedOn]
      FROM [OutboxEvents] AS [o]
      WHERE [o].[ProcessedOn] IS NULL
      ORDER BY [o].[OccurredOn]
info: Microsoft.EntityFrameworkCore.Database.Command[20101]
      Executed DbCommand (1ms) [Parameters=[@__p_0='?' (DbType = Int32)], CommandType='Text', CommandTimeout='30']
      SELECT TOP(@__p_0) [o].[Id], [o].[Error], [o].[EventName], [o].[OccurredOn], [o].[Payload], [o].[ProcessedOn]
      FROM [OutboxEvents] AS [o]
      WHERE [o].[ProcessedOn] IS NULL
      ORDER BY [o].[OccurredOn]
info: Microsoft.EntityFrameworkCore.Database.Command[20101]
      Executed DbCommand (0ms) [Parameters=[@__p_0='?' (DbType = Int32)], CommandType='Text', CommandTimeout='30']
      SELECT TOP(@__p_0) [o].[Id], [o].[Error], [o].[EventName], [o].[OccurredOn], [o].[Payload], [o].[ProcessedOn]
      FROM [OutboxEvents] AS [o]
      WHERE [o].[ProcessedOn] IS NULL
      ORDER BY [o].[OccurredOn]
info: Microsoft.EntityFrameworkCore.Database.Command[20101]
      Executed DbCommand (1ms) [Parameters=[@__p_0='?' (DbType = Int32)], CommandType='Text', CommandTimeout='30']
      SELECT TOP(@__p_0) [o].[Id], [o].[Error], [o].[EventName], [o].[OccurredOn], [o].[Payload], [o].[ProcessedOn]
      FROM [OutboxEvents] AS [o]
      WHERE [o].[ProcessedOn] IS NULL
      ORDER BY [o].[OccurredOn]
info: CinemaBooking.API.Middleware.RequestLoggingMiddleware[0]
      HTTP Request Started. Method: GET, Path: /api/bookings/7, QueryString: , CorrelationId: 9521d69a-7c03-478c-ba27-6c563e023764
info: CinemaBooking.API.Services.Implementations.BookingService[0]
      Retrieving booking by ID: 7
info: Microsoft.EntityFrameworkCore.Database.Command[20101]
      Executed DbCommand (1ms) [Parameters=[@__id_0='?' (DbType = Int32)], CommandType='Text', CommandTimeout='30']
      SELECT [t2].[BookingId], [t2].[BookingCode], [t2].[BookingStatus], [t2].[CreatedAt], [t2].[DiscountAmount], [t2].[QRCodeUrl], [t2].[RowVersion], [t2].[ServiceFee], [t2].[ShowtimeId], [t2].[TotalAmount], [t2].[UserId], [t2].[UserId0], [t2].[AvatarUrl], [t2].[CreatedAt0], [t2].[DateOfBirth], [t2].[Email], [t2].[EmailVerificationToken], [t2].[FullName], [t2].[Gender], [t2].[IsActive], [t2].[IsEmailVerified], [t2].[IsPhoneVerified], [t2].[MembershipPoints], [t2].[PasswordHash], [t2].[PasswordResetToken], [t2].[PhoneNumber], [t2].[ResetTokenExpires], [t2].[ShowtimeId0], [t2].[MovieId0], [t2].[HallId0], [t2].[CinemaId0], [t3].[BookingSeatId], [t3].[BookingId], [t3].[SeatId], [t3].[UnitPrice], [t3].[SeatId0], [t3].[CreatedAt], [t3].[CreatedBy], [t3].[DeletedAt], [t3].[DeletedBy], [t3].[HallId], [t3].[IsDeleted], [t3].[LastModifiedAt], [t3].[LastModifiedBy], [t3].[SeatCode], [t3].[SeatTypeId], [t2].[CustomPrice], [t2].[EndTime], [t2].[HallId], [t2].[IsPriceOverride], [t2].[MovieId], [t2].[PriceId], [t2].[RowVersion0], [t2].[StartTime], [t2].[AgeRatingId], [t2].[BannerUrl], [t2].[CreatedAt1], [t2].[CreatedBy], [t2].[DeletedAt], [t2].[DeletedBy], [t2].[Description], [t2].[DirectorId], [t2].[Duration], [t2].[EndDate], [t2].[GenreId], [t2].[IsDeleted], [t2].[IsFeatured], [t2].[Language], [t2].[LastModifiedAt], [t2].[LastModifiedBy], [t2].[PosterUrl], [t2].[Rating], [t2].[ReleaseDate], [t2].[Slug], [t2].[Status], [t2].[Title], [t2].[TrailerUrl], [t2].[Capacity], [t2].[CinemaId], [t2].[CreatedAt2], [t2].[CreatedBy0], [t2].[DeletedAt0], [t2].[DeletedBy0], [t2].[Description0], [t2].[HallName], [t2].[HallTypeId], [t2].[IsDeleted0], [t2].[LastModifiedAt0], [t2].[LastModifiedBy0], [t2].[Address], [t2].[BannerUrl0], [t2].[CinemaName], [t2].[CityId], [t2].[ClosingTime], [t2].[CreatedAt3], [t2].[CreatedBy1], [t2].[DeletedAt1], [t2].[DeletedBy1], [t2].[Email0], [t2].[GalleryUrls], [t2].[GoogleMapsUrl], [t2].[ImageUrl], [t2].[IsDeleted1], [t2].[LastModifiedAt1], [t2].[LastModifiedBy1], [t2].[Latitude], [t2].[LogoUrl], [t2].[Longitude], [t2].[OpeningTime], [t2].[Phone], [t2].[Status0]
      FROM (
          SELECT TOP(1) [b].[BookingId], [b].[BookingCode], [b].[BookingStatus], [b].[CreatedAt], [b].[DiscountAmount], [b].[QRCodeUrl], [b].[RowVersion], [b].[ServiceFee], [b].[ShowtimeId], [b].[TotalAmount], [b].[UserId], [u].[UserId] AS [UserId0], [u].[AvatarUrl], [u].[CreatedAt] AS [CreatedAt0], [u].[DateOfBirth], [u].[Email], [u].[EmailVerificationToken], [u].[FullName], [u].[Gender], [u].[IsActive], [u].[IsEmailVerified], [u].[IsPhoneVerified], [u].[MembershipPoints], [u].[PasswordHash], [u].[PasswordResetToken], [u].[PhoneNumber], [u].[ResetTokenExpires], [s].[ShowtimeId] AS [ShowtimeId0], [s].[CustomPrice], [s].[EndTime], [s].[HallId], [s].[IsPriceOverride], [s].[MovieId], [s].[PriceId], [s].[RowVersion] AS [RowVersion0], [s].[StartTime], [t].[MovieId] AS [MovieId0], [t].[AgeRatingId], [t].[BannerUrl], [t].[CreatedAt] AS [CreatedAt1], [t].[CreatedBy], [t].[DeletedAt], [t].[DeletedBy], [t].[Description], [t].[DirectorId], [t].[Duration], [t].[EndDate], [t].[GenreId], [t].[IsDeleted], [t].[IsFeatured], [t].[Language], [t].[LastModifiedAt], [t].[LastModifiedBy], [t].[PosterUrl], [t].[Rating], [t].[ReleaseDate], [t].[Slug], [t].[Status], [t].[Title], [t].[TrailerUrl], [t0].[HallId] AS [HallId0], [t0].[Capacity], [t0].[CinemaId], [t0].[CreatedAt] AS [CreatedAt2], [t0].[CreatedBy] AS [CreatedBy0], [t0].[DeletedAt] AS [DeletedAt0], [t0].[DeletedBy] AS [DeletedBy0], [t0].[Description] AS [Description0], [t0].[HallName], [t0].[HallTypeId], [t0].[IsDeleted] AS [IsDeleted0], [t0].[LastModifiedAt] AS [LastModifiedAt0], [t0].[LastModifiedBy] AS [LastModifiedBy0], [t1].[CinemaId] AS [CinemaId0], [t1].[Address], [t1].[BannerUrl] AS [BannerUrl0], [t1].[CinemaName], [t1].[CityId], [t1].[ClosingTime], [t1].[CreatedAt] AS [CreatedAt3], [t1].[CreatedBy] AS [CreatedBy1], [t1].[DeletedAt] AS [DeletedAt1], [t1].[DeletedBy] AS [DeletedBy1], [t1].[Email] AS [Email0], [t1].[GalleryUrls], [t1].[GoogleMapsUrl], [t1].[ImageUrl], [t1].[IsDeleted] AS [IsDeleted1], [t1].[LastModifiedAt] AS [LastModifiedAt1], [t1].[LastModifiedBy] AS [LastModifiedBy1], [t1].[Latitude], [t1].[LogoUrl], [t1].[Longitude], [t1].[OpeningTime], [t1].[Phone], [t1].[Status] AS [Status0]
          FROM [Bookings] AS [b]
          INNER JOIN [Users] AS [u] ON [b].[UserId] = [u].[UserId]
          INNER JOIN [Showtimes] AS [s] ON [b].[ShowtimeId] = [s].[ShowtimeId]
          INNER JOIN (
              SELECT [m].[MovieId], [m].[AgeRatingId], [m].[BannerUrl], [m].[CreatedAt], [m].[CreatedBy], [m].[DeletedAt], [m].[DeletedBy], [m].[Description], [m].[DirectorId], [m].[Duration], [m].[EndDate], [m].[GenreId], [m].[IsDeleted], [m].[IsFeatured], [m].[Language], [m].[LastModifiedAt], [m].[LastModifiedBy], [m].[PosterUrl], [m].[Rating], [m].[ReleaseDate], [m].[Slug], [m].[Status], [m].[Title], [m].[TrailerUrl]
              FROM [Movies] AS [m]
              WHERE [m].[IsDeleted] = CAST(0 AS bit)
          ) AS [t] ON [s].[MovieId] = [t].[MovieId]
          INNER JOIN (
              SELECT [h].[HallId], [h].[Capacity], [h].[CinemaId], [h].[CreatedAt], [h].[CreatedBy], [h].[DeletedAt], [h].[DeletedBy], [h].[Description], [h].[HallName], [h].[HallTypeId], [h].[IsDeleted], [h].[LastModifiedAt], [h].[LastModifiedBy]
              FROM [Halls] AS [h]
              WHERE [h].[IsDeleted] = CAST(0 AS bit)
          ) AS [t0] ON [s].[HallId] = [t0].[HallId]
          INNER JOIN (
              SELECT [c].[CinemaId], [c].[Address], [c].[BannerUrl], [c].[CinemaName], [c].[CityId], [c].[ClosingTime], [c].[CreatedAt], [c].[CreatedBy], [c].[DeletedAt], [c].[DeletedBy], [c].[Email], [c].[GalleryUrls], [c].[GoogleMapsUrl], [c].[ImageUrl], [c].[IsDeleted], [c].[LastModifiedAt], [c].[LastModifiedBy], [c].[Latitude], [c].[LogoUrl], [c].[Longitude], [c].[OpeningTime], [c].[Phone], [c].[Status]
              FROM [Cinemas] AS [c]
              WHERE [c].[IsDeleted] = CAST(0 AS bit)
          ) AS [t1] ON [t0].[CinemaId] = [t1].[CinemaId]
          WHERE [b].[BookingId] = @__id_0
      ) AS [t2]
      LEFT JOIN (
          SELECT [b0].[BookingSeatId], [b0].[BookingId], [b0].[SeatId], [b0].[UnitPrice], [t4].[SeatId] AS [SeatId0], [t4].[CreatedAt], [t4].[CreatedBy], [t4].[DeletedAt], [t4].[DeletedBy], [t4].[HallId], [t4].[IsDeleted], [t4].[LastModifiedAt], [t4].[LastModifiedBy], [t4].[SeatCode], [t4].[SeatTypeId]
          FROM [BookingSeats] AS [b0]
          INNER JOIN (
              SELECT [s0].[SeatId], [s0].[CreatedAt], [s0].[CreatedBy], [s0].[DeletedAt], [s0].[DeletedBy], [s0].[HallId], [s0].[IsDeleted], [s0].[LastModifiedAt], [s0].[LastModifiedBy], [s0].[SeatCode], [s0].[SeatTypeId]
              FROM [Seats] AS [s0]
              WHERE [s0].[IsDeleted] = CAST(0 AS bit)
          ) AS [t4] ON [b0].[SeatId] = [t4].[SeatId]
      ) AS [t3] ON [t2].[BookingId] = [t3].[BookingId]
      ORDER BY [t2].[BookingId], [t2].[UserId0], [t2].[ShowtimeId0], [t2].[MovieId0], [t2].[HallId0], [t2].[CinemaId0], [t3].[BookingSeatId]
info: CinemaBooking.API.Middleware.RequestLoggingMiddleware[0]
      HTTP Request Finished. Status: 200, Duration: 3ms, CorrelationId: 9521d69a-7c03-478c-ba27-6c563e023764, TraceId: 0HNMALRM69NUP:0000001D
info: Microsoft.EntityFrameworkCore.Database.Command[20101]
      Executed DbCommand (0ms) [Parameters=[@__p_0='?' (DbType = Int32)], CommandType='Text', CommandTimeout='30']
      SELECT TOP(@__p_0) [o].[Id], [o].[Error], [o].[EventName], [o].[OccurredOn], [o].[Payload], [o].[ProcessedOn]
      FROM [OutboxEvents] AS [o]
      WHERE [o].[ProcessedOn] IS NULL
      ORDER BY [o].[OccurredOn]
info: Microsoft.EntityFrameworkCore.Database.Command[20101]
      Executed DbCommand (1ms) [Parameters=[@__p_0='?' (DbType = Int32)], CommandType='Text', CommandTimeout='30']
      SELECT TOP(@__p_0) [o].[Id], [o].[Error], [o].[EventName], [o].[OccurredOn], [o].[Payload], [o].[ProcessedOn]
      FROM [OutboxEvents] AS [o]
      WHERE [o].[ProcessedOn] IS NULL
      ORDER BY [o].[OccurredOn]
info: Microsoft.EntityFrameworkCore.Database.Command[20101]
      Executed DbCommand (1ms) [Parameters=[@__p_0='?' (DbType = Int32)], CommandType='Text', CommandTimeout='30']
      SELECT TOP(@__p_0) [o].[Id], [o].[Error], [o].[EventName], [o].[OccurredOn], [o].[Payload], [o].[ProcessedOn]
      FROM [OutboxEvents] AS [o]
      WHERE [o].[ProcessedOn] IS NULL
      ORDER BY [o].[OccurredOn]
info: Microsoft.EntityFrameworkCore.Database.Command[20101]
      Executed DbCommand (0ms) [Parameters=[@__p_0='?' (DbType = Int32)], CommandType='Text', CommandTimeout='30']
      SELECT TOP(@__p_0) [o].[Id], [o].[Error], [o].[EventName], [o].[OccurredOn], [o].[Payload], [o].[ProcessedOn]
      FROM [OutboxEvents] AS [o]
      WHERE [o].[ProcessedOn] IS NULL
      ORDER BY [o].[OccurredOn]
info: Microsoft.EntityFrameworkCore.Database.Command[20101]
      Executed DbCommand (1ms) [Parameters=[@__p_0='?' (DbType = Int32)], CommandType='Text', CommandTimeout='30']
      SELECT TOP(@__p_0) [o].[Id], [o].[Error], [o].[EventName], [o].[OccurredOn], [o].[Payload], [o].[ProcessedOn]
      FROM [OutboxEvents] AS [o]
      WHERE [o].[ProcessedOn] IS NULL
      ORDER BY [o].[OccurredOn]
info: CinemaBooking.API.Middleware.RequestLoggingMiddleware[0]
      HTTP Request Started. Method: OPTIONS, Path: /api/bookings/7, QueryString: , CorrelationId: c41aee90-2fbf-467b-aea9-bc1b04058a7f
info: CinemaBooking.API.Middleware.RequestLoggingMiddleware[0]
      HTTP Request Finished. Status: 204, Duration: 0ms, CorrelationId: c41aee90-2fbf-467b-aea9-bc1b04058a7f, TraceId: 0HNMALRM69NUP:0000001E
info: CinemaBooking.API.Middleware.RequestLoggingMiddleware[0]
      HTTP Request Started. Method: GET, Path: /api/bookings/7, QueryString: , CorrelationId: 93254c0d-a0a0-4ec0-af29-9e5c586c87af
info: CinemaBooking.API.Services.Implementations.BookingService[0]
      Retrieving booking by ID: 7
info: Microsoft.EntityFrameworkCore.Database.Command[20101]
      Executed DbCommand (1ms) [Parameters=[@__id_0='?' (DbType = Int32)], CommandType='Text', CommandTimeout='30']
      SELECT [t2].[BookingId], [t2].[BookingCode], [t2].[BookingStatus], [t2].[CreatedAt], [t2].[DiscountAmount], [t2].[QRCodeUrl], [t2].[RowVersion], [t2].[ServiceFee], [t2].[ShowtimeId], [t2].[TotalAmount], [t2].[UserId], [t2].[UserId0], [t2].[AvatarUrl], [t2].[CreatedAt0], [t2].[DateOfBirth], [t2].[Email], [t2].[EmailVerificationToken], [t2].[FullName], [t2].[Gender], [t2].[IsActive], [t2].[IsEmailVerified], [t2].[IsPhoneVerified], [t2].[MembershipPoints], [t2].[PasswordHash], [t2].[PasswordResetToken], [t2].[PhoneNumber], [t2].[ResetTokenExpires], [t2].[ShowtimeId0], [t2].[MovieId0], [t2].[HallId0], [t2].[CinemaId0], [t3].[BookingSeatId], [t3].[BookingId], [t3].[SeatId], [t3].[UnitPrice], [t3].[SeatId0], [t3].[CreatedAt], [t3].[CreatedBy], [t3].[DeletedAt], [t3].[DeletedBy], [t3].[HallId], [t3].[IsDeleted], [t3].[LastModifiedAt], [t3].[LastModifiedBy], [t3].[SeatCode], [t3].[SeatTypeId], [t2].[CustomPrice], [t2].[EndTime], [t2].[HallId], [t2].[IsPriceOverride], [t2].[MovieId], [t2].[PriceId], [t2].[RowVersion0], [t2].[StartTime], [t2].[AgeRatingId], [t2].[BannerUrl], [t2].[CreatedAt1], [t2].[CreatedBy], [t2].[DeletedAt], [t2].[DeletedBy], [t2].[Description], [t2].[DirectorId], [t2].[Duration], [t2].[EndDate], [t2].[GenreId], [t2].[IsDeleted], [t2].[IsFeatured], [t2].[Language], [t2].[LastModifiedAt], [t2].[LastModifiedBy], [t2].[PosterUrl], [t2].[Rating], [t2].[ReleaseDate], [t2].[Slug], [t2].[Status], [t2].[Title], [t2].[TrailerUrl], [t2].[Capacity], [t2].[CinemaId], [t2].[CreatedAt2], [t2].[CreatedBy0], [t2].[DeletedAt0], [t2].[DeletedBy0], [t2].[Description0], [t2].[HallName], [t2].[HallTypeId], [t2].[IsDeleted0], [t2].[LastModifiedAt0], [t2].[LastModifiedBy0], [t2].[Address], [t2].[BannerUrl0], [t2].[CinemaName], [t2].[CityId], [t2].[ClosingTime], [t2].[CreatedAt3], [t2].[CreatedBy1], [t2].[DeletedAt1], [t2].[DeletedBy1], [t2].[Email0], [t2].[GalleryUrls], [t2].[GoogleMapsUrl], [t2].[ImageUrl], [t2].[IsDeleted1], [t2].[LastModifiedAt1], [t2].[LastModifiedBy1], [t2].[Latitude], [t2].[LogoUrl], [t2].[Longitude], [t2].[OpeningTime], [t2].[Phone], [t2].[Status0]
      FROM (
          SELECT TOP(1) [b].[BookingId], [b].[BookingCode], [b].[BookingStatus], [b].[CreatedAt], [b].[DiscountAmount], [b].[QRCodeUrl], [b].[RowVersion], [b].[ServiceFee], [b].[ShowtimeId], [b].[TotalAmount], [b].[UserId], [u].[UserId] AS [UserId0], [u].[AvatarUrl], [u].[CreatedAt] AS [CreatedAt0], [u].[DateOfBirth], [u].[Email], [u].[EmailVerificationToken], [u].[FullName], [u].[Gender], [u].[IsActive], [u].[IsEmailVerified], [u].[IsPhoneVerified], [u].[MembershipPoints], [u].[PasswordHash], [u].[PasswordResetToken], [u].[PhoneNumber], [u].[ResetTokenExpires], [s].[ShowtimeId] AS [ShowtimeId0], [s].[CustomPrice], [s].[EndTime], [s].[HallId], [s].[IsPriceOverride], [s].[MovieId], [s].[PriceId], [s].[RowVersion] AS [RowVersion0], [s].[StartTime], [t].[MovieId] AS [MovieId0], [t].[AgeRatingId], [t].[BannerUrl], [t].[CreatedAt] AS [CreatedAt1], [t].[CreatedBy], [t].[DeletedAt], [t].[DeletedBy], [t].[Description], [t].[DirectorId], [t].[Duration], [t].[EndDate], [t].[GenreId], [t].[IsDeleted], [t].[IsFeatured], [t].[Language], [t].[LastModifiedAt], [t].[LastModifiedBy], [t].[PosterUrl], [t].[Rating], [t].[ReleaseDate], [t].[Slug], [t].[Status], [t].[Title], [t].[TrailerUrl], [t0].[HallId] AS [HallId0], [t0].[Capacity], [t0].[CinemaId], [t0].[CreatedAt] AS [CreatedAt2], [t0].[CreatedBy] AS [CreatedBy0], [t0].[DeletedAt] AS [DeletedAt0], [t0].[DeletedBy] AS [DeletedBy0], [t0].[Description] AS [Description0], [t0].[HallName], [t0].[HallTypeId], [t0].[IsDeleted] AS [IsDeleted0], [t0].[LastModifiedAt] AS [LastModifiedAt0], [t0].[LastModifiedBy] AS [LastModifiedBy0], [t1].[CinemaId] AS [CinemaId0], [t1].[Address], [t1].[BannerUrl] AS [BannerUrl0], [t1].[CinemaName], [t1].[CityId], [t1].[ClosingTime], [t1].[CreatedAt] AS [CreatedAt3], [t1].[CreatedBy] AS [CreatedBy1], [t1].[DeletedAt] AS [DeletedAt1], [t1].[DeletedBy] AS [DeletedBy1], [t1].[Email] AS [Email0], [t1].[GalleryUrls], [t1].[GoogleMapsUrl], [t1].[ImageUrl], [t1].[IsDeleted] AS [IsDeleted1], [t1].[LastModifiedAt] AS [LastModifiedAt1], [t1].[LastModifiedBy] AS [LastModifiedBy1], [t1].[Latitude], [t1].[LogoUrl], [t1].[Longitude], [t1].[OpeningTime], [t1].[Phone], [t1].[Status] AS [Status0]
          FROM [Bookings] AS [b]
          INNER JOIN [Users] AS [u] ON [b].[UserId] = [u].[UserId]
          INNER JOIN [Showtimes] AS [s] ON [b].[ShowtimeId] = [s].[ShowtimeId]
          INNER JOIN (
              SELECT [m].[MovieId], [m].[AgeRatingId], [m].[BannerUrl], [m].[CreatedAt], [m].[CreatedBy], [m].[DeletedAt], [m].[DeletedBy], [m].[Description], [m].[DirectorId], [m].[Duration], [m].[EndDate], [m].[GenreId], [m].[IsDeleted], [m].[IsFeatured], [m].[Language], [m].[LastModifiedAt], [m].[LastModifiedBy], [m].[PosterUrl], [m].[Rating], [m].[ReleaseDate], [m].[Slug], [m].[Status], [m].[Title], [m].[TrailerUrl]
              FROM [Movies] AS [m]
              WHERE [m].[IsDeleted] = CAST(0 AS bit)
          ) AS [t] ON [s].[MovieId] = [t].[MovieId]
          INNER JOIN (
              SELECT [h].[HallId], [h].[Capacity], [h].[CinemaId], [h].[CreatedAt], [h].[CreatedBy], [h].[DeletedAt], [h].[DeletedBy], [h].[Description], [h].[HallName], [h].[HallTypeId], [h].[IsDeleted], [h].[LastModifiedAt], [h].[LastModifiedBy]
              FROM [Halls] AS [h]
              WHERE [h].[IsDeleted] = CAST(0 AS bit)
          ) AS [t0] ON [s].[HallId] = [t0].[HallId]
          INNER JOIN (
              SELECT [c].[CinemaId], [c].[Address], [c].[BannerUrl], [c].[CinemaName], [c].[CityId], [c].[ClosingTime], [c].[CreatedAt], [c].[CreatedBy], [c].[DeletedAt], [c].[DeletedBy], [c].[Email], [c].[GalleryUrls], [c].[GoogleMapsUrl], [c].[ImageUrl], [c].[IsDeleted], [c].[LastModifiedAt], [c].[LastModifiedBy], [c].[Latitude], [c].[LogoUrl], [c].[Longitude], [c].[OpeningTime], [c].[Phone], [c].[Status]
              FROM [Cinemas] AS [c]
              WHERE [c].[IsDeleted] = CAST(0 AS bit)
          ) AS [t1] ON [t0].[CinemaId] = [t1].[CinemaId]
          WHERE [b].[BookingId] = @__id_0
      ) AS [t2]
      LEFT JOIN (
          SELECT [b0].[BookingSeatId], [b0].[BookingId], [b0].[SeatId], [b0].[UnitPrice], [t4].[SeatId] AS [SeatId0], [t4].[CreatedAt], [t4].[CreatedBy], [t4].[DeletedAt], [t4].[DeletedBy], [t4].[HallId], [t4].[IsDeleted], [t4].[LastModifiedAt], [t4].[LastModifiedBy], [t4].[SeatCode], [t4].[SeatTypeId]
          FROM [BookingSeats] AS [b0]
          INNER JOIN (
              SELECT [s0].[SeatId], [s0].[CreatedAt], [s0].[CreatedBy], [s0].[DeletedAt], [s0].[DeletedBy], [s0].[HallId], [s0].[IsDeleted], [s0].[LastModifiedAt], [s0].[LastModifiedBy], [s0].[SeatCode], [s0].[SeatTypeId]
              FROM [Seats] AS [s0]
              WHERE [s0].[IsDeleted] = CAST(0 AS bit)
          ) AS [t4] ON [b0].[SeatId] = [t4].[SeatId]
      ) AS [t3] ON [t2].[BookingId] = [t3].[BookingId]
      ORDER BY [t2].[BookingId], [t2].[UserId0], [t2].[ShowtimeId0], [t2].[MovieId0], [t2].[HallId0], [t2].[CinemaId0], [t3].[BookingSeatId]
info: CinemaBooking.API.Middleware.RequestLoggingMiddleware[0]
      HTTP Request Finished. Status: 200, Duration: 3ms, CorrelationId: 93254c0d-a0a0-4ec0-af29-9e5c586c87af, TraceId: 0HNMALRM69NUP:0000001F
info: Microsoft.EntityFrameworkCore.Database.Command[20101]
      Executed DbCommand (1ms) [Parameters=[@__p_0='?' (DbType = Int32)], CommandType='Text', CommandTimeout='30']
      SELECT TOP(@__p_0) [o].[Id], [o].[Error], [o].[EventName], [o].[OccurredOn], [o].[Payload], [o].[ProcessedOn]
      FROM [OutboxEvents] AS [o]
      WHERE [o].[ProcessedOn] IS NULL
      ORDER BY [o].[OccurredOn]
info: Microsoft.EntityFrameworkCore.Database.Command[20101]
      Executed DbCommand (0ms) [Parameters=[@__p_0='?' (DbType = Int32)], CommandType='Text', CommandTimeout='30']
      SELECT TOP(@__p_0) [o].[Id], [o].[Error], [o].[EventName], [o].[OccurredOn], [o].[Payload], [o].[ProcessedOn]
      FROM [OutboxEvents] AS [o]
      WHERE [o].[ProcessedOn] IS NULL
      ORDER BY [o].[OccurredOn]
info: CinemaBooking.API.Services.Implementations.BookingService[0]
      Scanning for expired pending bookings created before 06/15/2026 07:19:27
info: Microsoft.EntityFrameworkCore.Database.Command[20101]
      Executed DbCommand (0ms) [Parameters=[@__threshold_0='?' (DbType = DateTime2)], CommandType='Text', CommandTimeout='30']
      SELECT [b].[BookingId], [b].[BookingCode], [b].[BookingStatus], [b].[CreatedAt], [b].[DiscountAmount], [b].[QRCodeUrl], [b].[RowVersion], [b].[ServiceFee], [b].[ShowtimeId], [b].[TotalAmount], [b].[UserId], [b0].[BookingSeatId], [b0].[BookingId], [b0].[SeatId], [b0].[UnitPrice]
      FROM [Bookings] AS [b]
      LEFT JOIN [BookingSeats] AS [b0] ON [b].[BookingId] = [b0].[BookingId]
      WHERE [b].[BookingStatus] = N'Pending' AND [b].[CreatedAt] < @__threshold_0
      ORDER BY [b].[BookingId]
info: Microsoft.EntityFrameworkCore.Database.Command[20101]
      Executed DbCommand (1ms) [Parameters=[@__p_0='?' (DbType = Int32)], CommandType='Text', CommandTimeout='30']
      SELECT TOP(@__p_0) [o].[Id], [o].[Error], [o].[EventName], [o].[OccurredOn], [o].[Payload], [o].[ProcessedOn]
      FROM [OutboxEvents] AS [o]
      WHERE [o].[ProcessedOn] IS NULL
      ORDER BY [o].[OccurredOn]
info: Microsoft.EntityFrameworkCore.Database.Command[20101]
      Executed DbCommand (0ms) [Parameters=[@__p_0='?' (DbType = Int32)], CommandType='Text', CommandTimeout='30']
      SELECT TOP(@__p_0) [o].[Id], [o].[Error], [o].[EventName], [o].[OccurredOn], [o].[Payload], [o].[ProcessedOn]
      FROM [OutboxEvents] AS [o]
      WHERE [o].[ProcessedOn] IS NULL
      ORDER BY [o].[OccurredOn]
info: Microsoft.EntityFrameworkCore.Database.Command[20101]
      Executed DbCommand (0ms) [Parameters=[@__p_0='?' (DbType = Int32)], CommandType='Text', CommandTimeout='30']
      SELECT TOP(@__p_0) [o].[Id], [o].[Error], [o].[EventName], [o].[OccurredOn], [o].[Payload], [o].[ProcessedOn]
      FROM [OutboxEvents] AS [o]
      WHERE [o].[ProcessedOn] IS NULL
      ORDER BY [o].[OccurredOn]
info: CinemaBooking.API.Middleware.RequestLoggingMiddleware[0]
      HTTP Request Started. Method: GET, Path: /api/bookings/7, QueryString: , CorrelationId: ce9e94ed-0b24-470b-922f-528f74ad6abe
info: CinemaBooking.API.Services.Implementations.BookingService[0]
      Retrieving booking by ID: 7
info: Microsoft.EntityFrameworkCore.Database.Command[20101]
      Executed DbCommand (0ms) [Parameters=[@__id_0='?' (DbType = Int32)], CommandType='Text', CommandTimeout='30']
      SELECT [t2].[BookingId], [t2].[BookingCode], [t2].[BookingStatus], [t2].[CreatedAt], [t2].[DiscountAmount], [t2].[QRCodeUrl], [t2].[RowVersion], [t2].[ServiceFee], [t2].[ShowtimeId], [t2].[TotalAmount], [t2].[UserId], [t2].[UserId0], [t2].[AvatarUrl], [t2].[CreatedAt0], [t2].[DateOfBirth], [t2].[Email], [t2].[EmailVerificationToken], [t2].[FullName], [t2].[Gender], [t2].[IsActive], [t2].[IsEmailVerified], [t2].[IsPhoneVerified], [t2].[MembershipPoints], [t2].[PasswordHash], [t2].[PasswordResetToken], [t2].[PhoneNumber], [t2].[ResetTokenExpires], [t2].[ShowtimeId0], [t2].[MovieId0], [t2].[HallId0], [t2].[CinemaId0], [t3].[BookingSeatId], [t3].[BookingId], [t3].[SeatId], [t3].[UnitPrice], [t3].[SeatId0], [t3].[CreatedAt], [t3].[CreatedBy], [t3].[DeletedAt], [t3].[DeletedBy], [t3].[HallId], [t3].[IsDeleted], [t3].[LastModifiedAt], [t3].[LastModifiedBy], [t3].[SeatCode], [t3].[SeatTypeId], [t2].[CustomPrice], [t2].[EndTime], [t2].[HallId], [t2].[IsPriceOverride], [t2].[MovieId], [t2].[PriceId], [t2].[RowVersion0], [t2].[StartTime], [t2].[AgeRatingId], [t2].[BannerUrl], [t2].[CreatedAt1], [t2].[CreatedBy], [t2].[DeletedAt], [t2].[DeletedBy], [t2].[Description], [t2].[DirectorId], [t2].[Duration], [t2].[EndDate], [t2].[GenreId], [t2].[IsDeleted], [t2].[IsFeatured], [t2].[Language], [t2].[LastModifiedAt], [t2].[LastModifiedBy], [t2].[PosterUrl], [t2].[Rating], [t2].[ReleaseDate], [t2].[Slug], [t2].[Status], [t2].[Title], [t2].[TrailerUrl], [t2].[Capacity], [t2].[CinemaId], [t2].[CreatedAt2], [t2].[CreatedBy0], [t2].[DeletedAt0], [t2].[DeletedBy0], [t2].[Description0], [t2].[HallName], [t2].[HallTypeId], [t2].[IsDeleted0], [t2].[LastModifiedAt0], [t2].[LastModifiedBy0], [t2].[Address], [t2].[BannerUrl0], [t2].[CinemaName], [t2].[CityId], [t2].[ClosingTime], [t2].[CreatedAt3], [t2].[CreatedBy1], [t2].[DeletedAt1], [t2].[DeletedBy1], [t2].[Email0], [t2].[GalleryUrls], [t2].[GoogleMapsUrl], [t2].[ImageUrl], [t2].[IsDeleted1], [t2].[LastModifiedAt1], [t2].[LastModifiedBy1], [t2].[Latitude], [t2].[LogoUrl], [t2].[Longitude], [t2].[OpeningTime], [t2].[Phone], [t2].[Status0]
      FROM (
          SELECT TOP(1) [b].[BookingId], [b].[BookingCode], [b].[BookingStatus], [b].[CreatedAt], [b].[DiscountAmount], [b].[QRCodeUrl], [b].[RowVersion], [b].[ServiceFee], [b].[ShowtimeId], [b].[TotalAmount], [b].[UserId], [u].[UserId] AS [UserId0], [u].[AvatarUrl], [u].[CreatedAt] AS [CreatedAt0], [u].[DateOfBirth], [u].[Email], [u].[EmailVerificationToken], [u].[FullName], [u].[Gender], [u].[IsActive], [u].[IsEmailVerified], [u].[IsPhoneVerified], [u].[MembershipPoints], [u].[PasswordHash], [u].[PasswordResetToken], [u].[PhoneNumber], [u].[ResetTokenExpires], [s].[ShowtimeId] AS [ShowtimeId0], [s].[CustomPrice], [s].[EndTime], [s].[HallId], [s].[IsPriceOverride], [s].[MovieId], [s].[PriceId], [s].[RowVersion] AS [RowVersion0], [s].[StartTime], [t].[MovieId] AS [MovieId0], [t].[AgeRatingId], [t].[BannerUrl], [t].[CreatedAt] AS [CreatedAt1], [t].[CreatedBy], [t].[DeletedAt], [t].[DeletedBy], [t].[Description], [t].[DirectorId], [t].[Duration], [t].[EndDate], [t].[GenreId], [t].[IsDeleted], [t].[IsFeatured], [t].[Language], [t].[LastModifiedAt], [t].[LastModifiedBy], [t].[PosterUrl], [t].[Rating], [t].[ReleaseDate], [t].[Slug], [t].[Status], [t].[Title], [t].[TrailerUrl], [t0].[HallId] AS [HallId0], [t0].[Capacity], [t0].[CinemaId], [t0].[CreatedAt] AS [CreatedAt2], [t0].[CreatedBy] AS [CreatedBy0], [t0].[DeletedAt] AS [DeletedAt0], [t0].[DeletedBy] AS [DeletedBy0], [t0].[Description] AS [Description0], [t0].[HallName], [t0].[HallTypeId], [t0].[IsDeleted] AS [IsDeleted0], [t0].[LastModifiedAt] AS [LastModifiedAt0], [t0].[LastModifiedBy] AS [LastModifiedBy0], [t1].[CinemaId] AS [CinemaId0], [t1].[Address], [t1].[BannerUrl] AS [BannerUrl0], [t1].[CinemaName], [t1].[CityId], [t1].[ClosingTime], [t1].[CreatedAt] AS [CreatedAt3], [t1].[CreatedBy] AS [CreatedBy1], [t1].[DeletedAt] AS [DeletedAt1], [t1].[DeletedBy] AS [DeletedBy1], [t1].[Email] AS [Email0], [t1].[GalleryUrls], [t1].[GoogleMapsUrl], [t1].[ImageUrl], [t1].[IsDeleted] AS [IsDeleted1], [t1].[LastModifiedAt] AS [LastModifiedAt1], [t1].[LastModifiedBy] AS [LastModifiedBy1], [t1].[Latitude], [t1].[LogoUrl], [t1].[Longitude], [t1].[OpeningTime], [t1].[Phone], [t1].[Status] AS [Status0]
          FROM [Bookings] AS [b]
          INNER JOIN [Users] AS [u] ON [b].[UserId] = [u].[UserId]
          INNER JOIN [Showtimes] AS [s] ON [b].[ShowtimeId] = [s].[ShowtimeId]
          INNER JOIN (
              SELECT [m].[MovieId], [m].[AgeRatingId], [m].[BannerUrl], [m].[CreatedAt], [m].[CreatedBy], [m].[DeletedAt], [m].[DeletedBy], [m].[Description], [m].[DirectorId], [m].[Duration], [m].[EndDate], [m].[GenreId], [m].[IsDeleted], [m].[IsFeatured], [m].[Language], [m].[LastModifiedAt], [m].[LastModifiedBy], [m].[PosterUrl], [m].[Rating], [m].[ReleaseDate], [m].[Slug], [m].[Status], [m].[Title], [m].[TrailerUrl]
              FROM [Movies] AS [m]
              WHERE [m].[IsDeleted] = CAST(0 AS bit)
          ) AS [t] ON [s].[MovieId] = [t].[MovieId]
          INNER JOIN (
              SELECT [h].[HallId], [h].[Capacity], [h].[CinemaId], [h].[CreatedAt], [h].[CreatedBy], [h].[DeletedAt], [h].[DeletedBy], [h].[Description], [h].[HallName], [h].[HallTypeId], [h].[IsDeleted], [h].[LastModifiedAt], [h].[LastModifiedBy]
              FROM [Halls] AS [h]
              WHERE [h].[IsDeleted] = CAST(0 AS bit)
          ) AS [t0] ON [s].[HallId] = [t0].[HallId]
          INNER JOIN (
              SELECT [c].[CinemaId], [c].[Address], [c].[BannerUrl], [c].[CinemaName], [c].[CityId], [c].[ClosingTime], [c].[CreatedAt], [c].[CreatedBy], [c].[DeletedAt], [c].[DeletedBy], [c].[Email], [c].[GalleryUrls], [c].[GoogleMapsUrl], [c].[ImageUrl], [c].[IsDeleted], [c].[LastModifiedAt], [c].[LastModifiedBy], [c].[Latitude], [c].[LogoUrl], [c].[Longitude], [c].[OpeningTime], [c].[Phone], [c].[Status]
              FROM [Cinemas] AS [c]
              WHERE [c].[IsDeleted] = CAST(0 AS bit)
          ) AS [t1] ON [t0].[CinemaId] = [t1].[CinemaId]
          WHERE [b].[BookingId] = @__id_0
      ) AS [t2]
      LEFT JOIN (
          SELECT [b0].[BookingSeatId], [b0].[BookingId], [b0].[SeatId], [b0].[UnitPrice], [t4].[SeatId] AS [SeatId0], [t4].[CreatedAt], [t4].[CreatedBy], [t4].[DeletedAt], [t4].[DeletedBy], [t4].[HallId], [t4].[IsDeleted], [t4].[LastModifiedAt], [t4].[LastModifiedBy], [t4].[SeatCode], [t4].[SeatTypeId]
          FROM [BookingSeats] AS [b0]
          INNER JOIN (
              SELECT [s0].[SeatId], [s0].[CreatedAt], [s0].[CreatedBy], [s0].[DeletedAt], [s0].[DeletedBy], [s0].[HallId], [s0].[IsDeleted], [s0].[LastModifiedAt], [s0].[LastModifiedBy], [s0].[SeatCode], [s0].[SeatTypeId]
              FROM [Seats] AS [s0]
              WHERE [s0].[IsDeleted] = CAST(0 AS bit)
          ) AS [t4] ON [b0].[SeatId] = [t4].[SeatId]
      ) AS [t3] ON [t2].[BookingId] = [t3].[BookingId]
      ORDER BY [t2].[BookingId], [t2].[UserId0], [t2].[ShowtimeId0], [t2].[MovieId0], [t2].[HallId0], [t2].[CinemaId0], [t3].[BookingSeatId]
info: CinemaBooking.API.Middleware.RequestLoggingMiddleware[0]
      HTTP Request Finished. Status: 200, Duration: 3ms, CorrelationId: ce9e94ed-0b24-470b-922f-528f74ad6abe, TraceId: 0HNMALRM69NUP:00000020
info: Microsoft.EntityFrameworkCore.Database.Command[20101]
      Executed DbCommand (0ms) [Parameters=[@__p_0='?' (DbType = Int32)], CommandType='Text', CommandTimeout='30']
      SELECT TOP(@__p_0) [o].[Id], [o].[Error], [o].[EventName], [o].[OccurredOn], [o].[Payload], [o].[ProcessedOn]
      FROM [OutboxEvents] AS [o]
      WHERE [o].[ProcessedOn] IS NULL
      ORDER BY [o].[OccurredOn]
info: Microsoft.EntityFrameworkCore.Database.Command[20101]
      Executed DbCommand (0ms) [Parameters=[@__p_0='?' (DbType = Int32)], CommandType='Text', CommandTimeout='30']
      SELECT TOP(@__p_0) [o].[Id], [o].[Error], [o].[EventName], [o].[OccurredOn], [o].[Payload], [o].[ProcessedOn]
      FROM [OutboxEvents] AS [o]
      WHERE [o].[ProcessedOn] IS NULL
      ORDER BY [o].[OccurredOn]
info: Microsoft.EntityFrameworkCore.Database.Command[20101]
      Executed DbCommand (2ms) [Parameters=[@__p_0='?' (DbType = Int32)], CommandType='Text', CommandTimeout='30']
      SELECT TOP(@__p_0) [o].[Id], [o].[Error], [o].[EventName], [o].[OccurredOn], [o].[Payload], [o].[ProcessedOn]
      FROM [OutboxEvents] AS [o]
      WHERE [o].[ProcessedOn] IS NULL
      ORDER BY [o].[OccurredOn]
info: Microsoft.EntityFrameworkCore.Database.Command[20101]
      Executed DbCommand (2ms) [Parameters=[@__p_0='?' (DbType = Int32)], CommandType='Text', CommandTimeout='30']
      SELECT TOP(@__p_0) [o].[Id], [o].[Error], [o].[EventName], [o].[OccurredOn], [o].[Payload], [o].[ProcessedOn]
      FROM [OutboxEvents] AS [o]
      WHERE [o].[ProcessedOn] IS NULL
      ORDER BY [o].[OccurredOn]
info: Microsoft.EntityFrameworkCore.Database.Command[20101]
      Executed DbCommand (2ms) [Parameters=[@__p_0='?' (DbType = Int32)], CommandType='Text', CommandTimeout='30']
      SELECT TOP(@__p_0) [o].[Id], [o].[Error], [o].[EventName], [o].[OccurredOn], [o].[Payload], [o].[ProcessedOn]
      FROM [OutboxEvents] AS [o]
      WHERE [o].[ProcessedOn] IS NULL
      ORDER BY [o].[OccurredOn]
info: CinemaBooking.API.Middleware.RequestLoggingMiddleware[0]
      HTTP Request Started. Method: OPTIONS, Path: /api/bookings/7, QueryString: , CorrelationId: faa81d4a-1d0b-4756-a353-948dacb99de4
info: CinemaBooking.API.Middleware.RequestLoggingMiddleware[0]
      HTTP Request Finished. Status: 204, Duration: 0ms, CorrelationId: faa81d4a-1d0b-4756-a353-948dacb99de4, TraceId: 0HNMALRM69NUP:00000021
info: CinemaBooking.API.Middleware.RequestLoggingMiddleware[0]
      HTTP Request Started. Method: GET, Path: /api/bookings/7, QueryString: , CorrelationId: ffce78ed-5c23-4ab2-8aae-ed12ab3e33c5
info: CinemaBooking.API.Services.Implementations.BookingService[0]
      Retrieving booking by ID: 7
info: Microsoft.EntityFrameworkCore.Database.Command[20101]
      Executed DbCommand (11ms) [Parameters=[@__id_0='?' (DbType = Int32)], CommandType='Text', CommandTimeout='30']
      SELECT [t2].[BookingId], [t2].[BookingCode], [t2].[BookingStatus], [t2].[CreatedAt], [t2].[DiscountAmount], [t2].[QRCodeUrl], [t2].[RowVersion], [t2].[ServiceFee], [t2].[ShowtimeId], [t2].[TotalAmount], [t2].[UserId], [t2].[UserId0], [t2].[AvatarUrl], [t2].[CreatedAt0], [t2].[DateOfBirth], [t2].[Email], [t2].[EmailVerificationToken], [t2].[FullName], [t2].[Gender], [t2].[IsActive], [t2].[IsEmailVerified], [t2].[IsPhoneVerified], [t2].[MembershipPoints], [t2].[PasswordHash], [t2].[PasswordResetToken], [t2].[PhoneNumber], [t2].[ResetTokenExpires], [t2].[ShowtimeId0], [t2].[MovieId0], [t2].[HallId0], [t2].[CinemaId0], [t3].[BookingSeatId], [t3].[BookingId], [t3].[SeatId], [t3].[UnitPrice], [t3].[SeatId0], [t3].[CreatedAt], [t3].[CreatedBy], [t3].[DeletedAt], [t3].[DeletedBy], [t3].[HallId], [t3].[IsDeleted], [t3].[LastModifiedAt], [t3].[LastModifiedBy], [t3].[SeatCode], [t3].[SeatTypeId], [t2].[CustomPrice], [t2].[EndTime], [t2].[HallId], [t2].[IsPriceOverride], [t2].[MovieId], [t2].[PriceId], [t2].[RowVersion0], [t2].[StartTime], [t2].[AgeRatingId], [t2].[BannerUrl], [t2].[CreatedAt1], [t2].[CreatedBy], [t2].[DeletedAt], [t2].[DeletedBy], [t2].[Description], [t2].[DirectorId], [t2].[Duration], [t2].[EndDate], [t2].[GenreId], [t2].[IsDeleted], [t2].[IsFeatured], [t2].[Language], [t2].[LastModifiedAt], [t2].[LastModifiedBy], [t2].[PosterUrl], [t2].[Rating], [t2].[ReleaseDate], [t2].[Slug], [t2].[Status], [t2].[Title], [t2].[TrailerUrl], [t2].[Capacity], [t2].[CinemaId], [t2].[CreatedAt2], [t2].[CreatedBy0], [t2].[DeletedAt0], [t2].[DeletedBy0], [t2].[Description0], [t2].[HallName], [t2].[HallTypeId], [t2].[IsDeleted0], [t2].[LastModifiedAt0], [t2].[LastModifiedBy0], [t2].[Address], [t2].[BannerUrl0], [t2].[CinemaName], [t2].[CityId], [t2].[ClosingTime], [t2].[CreatedAt3], [t2].[CreatedBy1], [t2].[DeletedAt1], [t2].[DeletedBy1], [t2].[Email0], [t2].[GalleryUrls], [t2].[GoogleMapsUrl], [t2].[ImageUrl], [t2].[IsDeleted1], [t2].[LastModifiedAt1], [t2].[LastModifiedBy1], [t2].[Latitude], [t2].[LogoUrl], [t2].[Longitude], [t2].[OpeningTime], [t2].[Phone], [t2].[Status0]
      FROM (
          SELECT TOP(1) [b].[BookingId], [b].[BookingCode], [b].[BookingStatus], [b].[CreatedAt], [b].[DiscountAmount], [b].[QRCodeUrl], [b].[RowVersion], [b].[ServiceFee], [b].[ShowtimeId], [b].[TotalAmount], [b].[UserId], [u].[UserId] AS [UserId0], [u].[AvatarUrl], [u].[CreatedAt] AS [CreatedAt0], [u].[DateOfBirth], [u].[Email], [u].[EmailVerificationToken], [u].[FullName], [u].[Gender], [u].[IsActive], [u].[IsEmailVerified], [u].[IsPhoneVerified], [u].[MembershipPoints], [u].[PasswordHash], [u].[PasswordResetToken], [u].[PhoneNumber], [u].[ResetTokenExpires], [s].[ShowtimeId] AS [ShowtimeId0], [s].[CustomPrice], [s].[EndTime], [s].[HallId], [s].[IsPriceOverride], [s].[MovieId], [s].[PriceId], [s].[RowVersion] AS [RowVersion0], [s].[StartTime], [t].[MovieId] AS [MovieId0], [t].[AgeRatingId], [t].[BannerUrl], [t].[CreatedAt] AS [CreatedAt1], [t].[CreatedBy], [t].[DeletedAt], [t].[DeletedBy], [t].[Description], [t].[DirectorId], [t].[Duration], [t].[EndDate], [t].[GenreId], [t].[IsDeleted], [t].[IsFeatured], [t].[Language], [t].[LastModifiedAt], [t].[LastModifiedBy], [t].[PosterUrl], [t].[Rating], [t].[ReleaseDate], [t].[Slug], [t].[Status], [t].[Title], [t].[TrailerUrl], [t0].[HallId] AS [HallId0], [t0].[Capacity], [t0].[CinemaId], [t0].[CreatedAt] AS [CreatedAt2], [t0].[CreatedBy] AS [CreatedBy0], [t0].[DeletedAt] AS [DeletedAt0], [t0].[DeletedBy] AS [DeletedBy0], [t0].[Description] AS [Description0], [t0].[HallName], [t0].[HallTypeId], [t0].[IsDeleted] AS [IsDeleted0], [t0].[LastModifiedAt] AS [LastModifiedAt0], [t0].[LastModifiedBy] AS [LastModifiedBy0], [t1].[CinemaId] AS [CinemaId0], [t1].[Address], [t1].[BannerUrl] AS [BannerUrl0], [t1].[CinemaName], [t1].[CityId], [t1].[ClosingTime], [t1].[CreatedAt] AS [CreatedAt3], [t1].[CreatedBy] AS [CreatedBy1], [t1].[DeletedAt] AS [DeletedAt1], [t1].[DeletedBy] AS [DeletedBy1], [t1].[Email] AS [Email0], [t1].[GalleryUrls], [t1].[GoogleMapsUrl], [t1].[ImageUrl], [t1].[IsDeleted] AS [IsDeleted1], [t1].[LastModifiedAt] AS [LastModifiedAt1], [t1].[LastModifiedBy] AS [LastModifiedBy1], [t1].[Latitude], [t1].[LogoUrl], [t1].[Longitude], [t1].[OpeningTime], [t1].[Phone], [t1].[Status] AS [Status0]
          FROM [Bookings] AS [b]
          INNER JOIN [Users] AS [u] ON [b].[UserId] = [u].[UserId]
          INNER JOIN [Showtimes] AS [s] ON [b].[ShowtimeId] = [s].[ShowtimeId]
          INNER JOIN (
              SELECT [m].[MovieId], [m].[AgeRatingId], [m].[BannerUrl], [m].[CreatedAt], [m].[CreatedBy], [m].[DeletedAt], [m].[DeletedBy], [m].[Description], [m].[DirectorId], [m].[Duration], [m].[EndDate], [m].[GenreId], [m].[IsDeleted], [m].[IsFeatured], [m].[Language], [m].[LastModifiedAt], [m].[LastModifiedBy], [m].[PosterUrl], [m].[Rating], [m].[ReleaseDate], [m].[Slug], [m].[Status], [m].[Title], [m].[TrailerUrl]
              FROM [Movies] AS [m]
              WHERE [m].[IsDeleted] = CAST(0 AS bit)
          ) AS [t] ON [s].[MovieId] = [t].[MovieId]
          INNER JOIN (
              SELECT [h].[HallId], [h].[Capacity], [h].[CinemaId], [h].[CreatedAt], [h].[CreatedBy], [h].[DeletedAt], [h].[DeletedBy], [h].[Description], [h].[HallName], [h].[HallTypeId], [h].[IsDeleted], [h].[LastModifiedAt], [h].[LastModifiedBy]
              FROM [Halls] AS [h]
              WHERE [h].[IsDeleted] = CAST(0 AS bit)
          ) AS [t0] ON [s].[HallId] = [t0].[HallId]
          INNER JOIN (
              SELECT [c].[CinemaId], [c].[Address], [c].[BannerUrl], [c].[CinemaName], [c].[CityId], [c].[ClosingTime], [c].[CreatedAt], [c].[CreatedBy], [c].[DeletedAt], [c].[DeletedBy], [c].[Email], [c].[GalleryUrls], [c].[GoogleMapsUrl], [c].[ImageUrl], [c].[IsDeleted], [c].[LastModifiedAt], [c].[LastModifiedBy], [c].[Latitude], [c].[LogoUrl], [c].[Longitude], [c].[OpeningTime], [c].[Phone], [c].[Status]
              FROM [Cinemas] AS [c]
              WHERE [c].[IsDeleted] = CAST(0 AS bit)
          ) AS [t1] ON [t0].[CinemaId] = [t1].[CinemaId]
          WHERE [b].[BookingId] = @__id_0
      ) AS [t2]
      LEFT JOIN (
          SELECT [b0].[BookingSeatId], [b0].[BookingId], [b0].[SeatId], [b0].[UnitPrice], [t4].[SeatId] AS [SeatId0], [t4].[CreatedAt], [t4].[CreatedBy], [t4].[DeletedAt], [t4].[DeletedBy], [t4].[HallId], [t4].[IsDeleted], [t4].[LastModifiedAt], [t4].[LastModifiedBy], [t4].[SeatCode], [t4].[SeatTypeId]
          FROM [BookingSeats] AS [b0]
          INNER JOIN (
              SELECT [s0].[SeatId], [s0].[CreatedAt], [s0].[CreatedBy], [s0].[DeletedAt], [s0].[DeletedBy], [s0].[HallId], [s0].[IsDeleted], [s0].[LastModifiedAt], [s0].[LastModifiedBy], [s0].[SeatCode], [s0].[SeatTypeId]
              FROM [Seats] AS [s0]
              WHERE [s0].[IsDeleted] = CAST(0 AS bit)
          ) AS [t4] ON [b0].[SeatId] = [t4].[SeatId]
      ) AS [t3] ON [t2].[BookingId] = [t3].[BookingId]
      ORDER BY [t2].[BookingId], [t2].[UserId0], [t2].[ShowtimeId0], [t2].[MovieId0], [t2].[HallId0], [t2].[CinemaId0], [t3].[BookingSeatId]
info: CinemaBooking.API.Middleware.RequestLoggingMiddleware[0]
      HTTP Request Finished. Status: 200, Duration: 15ms, CorrelationId: ffce78ed-5c23-4ab2-8aae-ed12ab3e33c5, TraceId: 0HNMALRM69NUP:00000022
info: Microsoft.EntityFrameworkCore.Database.Command[20101]
      Executed DbCommand (1ms) [Parameters=[@__p_0='?' (DbType = Int32)], CommandType='Text', CommandTimeout='30']
      SELECT TOP(@__p_0) [o].[Id], [o].[Error], [o].[EventName], [o].[OccurredOn], [o].[Payload], [o].[ProcessedOn]
      FROM [OutboxEvents] AS [o]
      WHERE [o].[ProcessedOn] IS NULL
      ORDER BY [o].[OccurredOn]
info: Microsoft.EntityFrameworkCore.Database.Command[20101]
      Executed DbCommand (4ms) [Parameters=[@__p_0='?' (DbType = Int32)], CommandType='Text', CommandTimeout='30']
      SELECT TOP(@__p_0) [o].[Id], [o].[Error], [o].[EventName], [o].[OccurredOn], [o].[Payload], [o].[ProcessedOn]
      FROM [OutboxEvents] AS [o]
      WHERE [o].[ProcessedOn] IS NULL
      ORDER BY [o].[OccurredOn]
info: Microsoft.EntityFrameworkCore.Database.Command[20101]
      Executed DbCommand (1ms) [Parameters=[@__p_0='?' (DbType = Int32)], CommandType='Text', CommandTimeout='30']
      SELECT TOP(@__p_0) [o].[Id], [o].[Error], [o].[EventName], [o].[OccurredOn], [o].[Payload], [o].[ProcessedOn]
      FROM [OutboxEvents] AS [o]
      WHERE [o].[ProcessedOn] IS NULL
      ORDER BY [o].[OccurredOn]
info: Microsoft.EntityFrameworkCore.Database.Command[20101]
      Executed DbCommand (0ms) [Parameters=[@__p_0='?' (DbType = Int32)], CommandType='Text', CommandTimeout='30']
      SELECT TOP(@__p_0) [o].[Id], [o].[Error], [o].[EventName], [o].[OccurredOn], [o].[Payload], [o].[ProcessedOn]
      FROM [OutboxEvents] AS [o]
      WHERE [o].[ProcessedOn] IS NULL
      ORDER BY [o].[OccurredOn]
info: Microsoft.EntityFrameworkCore.Database.Command[20101]
      Executed DbCommand (0ms) [Parameters=[@__p_0='?' (DbType = Int32)], CommandType='Text', CommandTimeout='30']
      SELECT TOP(@__p_0) [o].[Id], [o].[Error], [o].[EventName], [o].[OccurredOn], [o].[Payload], [o].[ProcessedOn]
      FROM [OutboxEvents] AS [o]
      WHERE [o].[ProcessedOn] IS NULL
      ORDER BY [o].[OccurredOn]
info: CinemaBooking.API.Middleware.RequestLoggingMiddleware[0]
      HTTP Request Started. Method: GET, Path: /api/bookings/7, QueryString: , CorrelationId: 8334ccee-0973-4c39-b1f6-f233b834d12d
info: CinemaBooking.API.Services.Implementations.BookingService[0]
      Retrieving booking by ID: 7
info: Microsoft.EntityFrameworkCore.Database.Command[20101]
      Executed DbCommand (8ms) [Parameters=[@__id_0='?' (DbType = Int32)], CommandType='Text', CommandTimeout='30']
      SELECT [t2].[BookingId], [t2].[BookingCode], [t2].[BookingStatus], [t2].[CreatedAt], [t2].[DiscountAmount], [t2].[QRCodeUrl], [t2].[RowVersion], [t2].[ServiceFee], [t2].[ShowtimeId], [t2].[TotalAmount], [t2].[UserId], [t2].[UserId0], [t2].[AvatarUrl], [t2].[CreatedAt0], [t2].[DateOfBirth], [t2].[Email], [t2].[EmailVerificationToken], [t2].[FullName], [t2].[Gender], [t2].[IsActive], [t2].[IsEmailVerified], [t2].[IsPhoneVerified], [t2].[MembershipPoints], [t2].[PasswordHash], [t2].[PasswordResetToken], [t2].[PhoneNumber], [t2].[ResetTokenExpires], [t2].[ShowtimeId0], [t2].[MovieId0], [t2].[HallId0], [t2].[CinemaId0], [t3].[BookingSeatId], [t3].[BookingId], [t3].[SeatId], [t3].[UnitPrice], [t3].[SeatId0], [t3].[CreatedAt], [t3].[CreatedBy], [t3].[DeletedAt], [t3].[DeletedBy], [t3].[HallId], [t3].[IsDeleted], [t3].[LastModifiedAt], [t3].[LastModifiedBy], [t3].[SeatCode], [t3].[SeatTypeId], [t2].[CustomPrice], [t2].[EndTime], [t2].[HallId], [t2].[IsPriceOverride], [t2].[MovieId], [t2].[PriceId], [t2].[RowVersion0], [t2].[StartTime], [t2].[AgeRatingId], [t2].[BannerUrl], [t2].[CreatedAt1], [t2].[CreatedBy], [t2].[DeletedAt], [t2].[DeletedBy], [t2].[Description], [t2].[DirectorId], [t2].[Duration], [t2].[EndDate], [t2].[GenreId], [t2].[IsDeleted], [t2].[IsFeatured], [t2].[Language], [t2].[LastModifiedAt], [t2].[LastModifiedBy], [t2].[PosterUrl], [t2].[Rating], [t2].[ReleaseDate], [t2].[Slug], [t2].[Status], [t2].[Title], [t2].[TrailerUrl], [t2].[Capacity], [t2].[CinemaId], [t2].[CreatedAt2], [t2].[CreatedBy0], [t2].[DeletedAt0], [t2].[DeletedBy0], [t2].[Description0], [t2].[HallName], [t2].[HallTypeId], [t2].[IsDeleted0], [t2].[LastModifiedAt0], [t2].[LastModifiedBy0], [t2].[Address], [t2].[BannerUrl0], [t2].[CinemaName], [t2].[CityId], [t2].[ClosingTime], [t2].[CreatedAt3], [t2].[CreatedBy1], [t2].[DeletedAt1], [t2].[DeletedBy1], [t2].[Email0], [t2].[GalleryUrls], [t2].[GoogleMapsUrl], [t2].[ImageUrl], [t2].[IsDeleted1], [t2].[LastModifiedAt1], [t2].[LastModifiedBy1], [t2].[Latitude], [t2].[LogoUrl], [t2].[Longitude], [t2].[OpeningTime], [t2].[Phone], [t2].[Status0]
      FROM (
          SELECT TOP(1) [b].[BookingId], [b].[BookingCode], [b].[BookingStatus], [b].[CreatedAt], [b].[DiscountAmount], [b].[QRCodeUrl], [b].[RowVersion], [b].[ServiceFee], [b].[ShowtimeId], [b].[TotalAmount], [b].[UserId], [u].[UserId] AS [UserId0], [u].[AvatarUrl], [u].[CreatedAt] AS [CreatedAt0], [u].[DateOfBirth], [u].[Email], [u].[EmailVerificationToken], [u].[FullName], [u].[Gender], [u].[IsActive], [u].[IsEmailVerified], [u].[IsPhoneVerified], [u].[MembershipPoints], [u].[PasswordHash], [u].[PasswordResetToken], [u].[PhoneNumber], [u].[ResetTokenExpires], [s].[ShowtimeId] AS [ShowtimeId0], [s].[CustomPrice], [s].[EndTime], [s].[HallId], [s].[IsPriceOverride], [s].[MovieId], [s].[PriceId], [s].[RowVersion] AS [RowVersion0], [s].[StartTime], [t].[MovieId] AS [MovieId0], [t].[AgeRatingId], [t].[BannerUrl], [t].[CreatedAt] AS [CreatedAt1], [t].[CreatedBy], [t].[DeletedAt], [t].[DeletedBy], [t].[Description], [t].[DirectorId], [t].[Duration], [t].[EndDate], [t].[GenreId], [t].[IsDeleted], [t].[IsFeatured], [t].[Language], [t].[LastModifiedAt], [t].[LastModifiedBy], [t].[PosterUrl], [t].[Rating], [t].[ReleaseDate], [t].[Slug], [t].[Status], [t].[Title], [t].[TrailerUrl], [t0].[HallId] AS [HallId0], [t0].[Capacity], [t0].[CinemaId], [t0].[CreatedAt] AS [CreatedAt2], [t0].[CreatedBy] AS [CreatedBy0], [t0].[DeletedAt] AS [DeletedAt0], [t0].[DeletedBy] AS [DeletedBy0], [t0].[Description] AS [Description0], [t0].[HallName], [t0].[HallTypeId], [t0].[IsDeleted] AS [IsDeleted0], [t0].[LastModifiedAt] AS [LastModifiedAt0], [t0].[LastModifiedBy] AS [LastModifiedBy0], [t1].[CinemaId] AS [CinemaId0], [t1].[Address], [t1].[BannerUrl] AS [BannerUrl0], [t1].[CinemaName], [t1].[CityId], [t1].[ClosingTime], [t1].[CreatedAt] AS [CreatedAt3], [t1].[CreatedBy] AS [CreatedBy1], [t1].[DeletedAt] AS [DeletedAt1], [t1].[DeletedBy] AS [DeletedBy1], [t1].[Email] AS [Email0], [t1].[GalleryUrls], [t1].[GoogleMapsUrl], [t1].[ImageUrl], [t1].[IsDeleted] AS [IsDeleted1], [t1].[LastModifiedAt] AS [LastModifiedAt1], [t1].[LastModifiedBy] AS [LastModifiedBy1], [t1].[Latitude], [t1].[LogoUrl], [t1].[Longitude], [t1].[OpeningTime], [t1].[Phone], [t1].[Status] AS [Status0]
          FROM [Bookings] AS [b]
          INNER JOIN [Users] AS [u] ON [b].[UserId] = [u].[UserId]
          INNER JOIN [Showtimes] AS [s] ON [b].[ShowtimeId] = [s].[ShowtimeId]
          INNER JOIN (
              SELECT [m].[MovieId], [m].[AgeRatingId], [m].[BannerUrl], [m].[CreatedAt], [m].[CreatedBy], [m].[DeletedAt], [m].[DeletedBy], [m].[Description], [m].[DirectorId], [m].[Duration], [m].[EndDate], [m].[GenreId], [m].[IsDeleted], [m].[IsFeatured], [m].[Language], [m].[LastModifiedAt], [m].[LastModifiedBy], [m].[PosterUrl], [m].[Rating], [m].[ReleaseDate], [m].[Slug], [m].[Status], [m].[Title], [m].[TrailerUrl]
              FROM [Movies] AS [m]
              WHERE [m].[IsDeleted] = CAST(0 AS bit)
          ) AS [t] ON [s].[MovieId] = [t].[MovieId]
          INNER JOIN (
              SELECT [h].[HallId], [h].[Capacity], [h].[CinemaId], [h].[CreatedAt], [h].[CreatedBy], [h].[DeletedAt], [h].[DeletedBy], [h].[Description], [h].[HallName], [h].[HallTypeId], [h].[IsDeleted], [h].[LastModifiedAt], [h].[LastModifiedBy]
              FROM [Halls] AS [h]
              WHERE [h].[IsDeleted] = CAST(0 AS bit)
          ) AS [t0] ON [s].[HallId] = [t0].[HallId]
          INNER JOIN (
              SELECT [c].[CinemaId], [c].[Address], [c].[BannerUrl], [c].[CinemaName], [c].[CityId], [c].[ClosingTime], [c].[CreatedAt], [c].[CreatedBy], [c].[DeletedAt], [c].[DeletedBy], [c].[Email], [c].[GalleryUrls], [c].[GoogleMapsUrl], [c].[ImageUrl], [c].[IsDeleted], [c].[LastModifiedAt], [c].[LastModifiedBy], [c].[Latitude], [c].[LogoUrl], [c].[Longitude], [c].[OpeningTime], [c].[Phone], [c].[Status]
              FROM [Cinemas] AS [c]
              WHERE [c].[IsDeleted] = CAST(0 AS bit)
          ) AS [t1] ON [t0].[CinemaId] = [t1].[CinemaId]
          WHERE [b].[BookingId] = @__id_0
      ) AS [t2]
      LEFT JOIN (
          SELECT [b0].[BookingSeatId], [b0].[BookingId], [b0].[SeatId], [b0].[UnitPrice], [t4].[SeatId] AS [SeatId0], [t4].[CreatedAt], [t4].[CreatedBy], [t4].[DeletedAt], [t4].[DeletedBy], [t4].[HallId], [t4].[IsDeleted], [t4].[LastModifiedAt], [t4].[LastModifiedBy], [t4].[SeatCode], [t4].[SeatTypeId]
          FROM [BookingSeats] AS [b0]
          INNER JOIN (
              SELECT [s0].[SeatId], [s0].[CreatedAt], [s0].[CreatedBy], [s0].[DeletedAt], [s0].[DeletedBy], [s0].[HallId], [s0].[IsDeleted], [s0].[LastModifiedAt], [s0].[LastModifiedBy], [s0].[SeatCode], [s0].[SeatTypeId]
              FROM [Seats] AS [s0]
              WHERE [s0].[IsDeleted] = CAST(0 AS bit)
          ) AS [t4] ON [b0].[SeatId] = [t4].[SeatId]
      ) AS [t3] ON [t2].[BookingId] = [t3].[BookingId]
      ORDER BY [t2].[BookingId], [t2].[UserId0], [t2].[ShowtimeId0], [t2].[MovieId0], [t2].[HallId0], [t2].[CinemaId0], [t3].[BookingSeatId]
info: CinemaBooking.API.Middleware.RequestLoggingMiddleware[0]
      HTTP Request Finished. Status: 200, Duration: 11ms, CorrelationId: 8334ccee-0973-4c39-b1f6-f233b834d12d, TraceId: 0HNMALRM69NUP:00000023
info: Microsoft.EntityFrameworkCore.Database.Command[20101]
      Executed DbCommand (0ms) [Parameters=[@__p_0='?' (DbType = Int32)], CommandType='Text', CommandTimeout='30']
      SELECT TOP(@__p_0) [o].[Id], [o].[Error], [o].[EventName], [o].[OccurredOn], [o].[Payload], [o].[ProcessedOn]
      FROM [OutboxEvents] AS [o]
      WHERE [o].[ProcessedOn] IS NULL
      ORDER BY [o].[OccurredOn]
info: Microsoft.EntityFrameworkCore.Database.Command[20101]
      Executed DbCommand (1ms) [Parameters=[@__p_0='?' (DbType = Int32)], CommandType='Text', CommandTimeout='30']
      SELECT TOP(@__p_0) [o].[Id], [o].[Error], [o].[EventName], [o].[OccurredOn], [o].[Payload], [o].[ProcessedOn]
      FROM [OutboxEvents] AS [o]
      WHERE [o].[ProcessedOn] IS NULL
      ORDER BY [o].[OccurredOn]
info: Microsoft.EntityFrameworkCore.Database.Command[20101]
      Executed DbCommand (1ms) [Parameters=[@__p_0='?' (DbType = Int32)], CommandType='Text', CommandTimeout='30']
      SELECT TOP(@__p_0) [o].[Id], [o].[Error], [o].[EventName], [o].[OccurredOn], [o].[Payload], [o].[ProcessedOn]
      FROM [OutboxEvents] AS [o]
      WHERE [o].[ProcessedOn] IS NULL
      ORDER BY [o].[OccurredOn]
info: Microsoft.EntityFrameworkCore.Database.Command[20101]
      Executed DbCommand (1ms) [Parameters=[@__p_0='?' (DbType = Int32)], CommandType='Text', CommandTimeout='30']
      SELECT TOP(@__p_0) [o].[Id], [o].[Error], [o].[EventName], [o].[OccurredOn], [o].[Payload], [o].[ProcessedOn]
      FROM [OutboxEvents] AS [o]
      WHERE [o].[ProcessedOn] IS NULL
      ORDER BY [o].[OccurredOn]
info: Microsoft.EntityFrameworkCore.Database.Command[20101]
      Executed DbCommand (1ms) [Parameters=[@__p_0='?' (DbType = Int32)], CommandType='Text', CommandTimeout='30']
      SELECT TOP(@__p_0) [o].[Id], [o].[Error], [o].[EventName], [o].[OccurredOn], [o].[Payload], [o].[ProcessedOn]
      FROM [OutboxEvents] AS [o]
      WHERE [o].[ProcessedOn] IS NULL
      ORDER BY [o].[OccurredOn]
info: CinemaBooking.API.Middleware.RequestLoggingMiddleware[0]
      HTTP Request Started. Method: OPTIONS, Path: /api/bookings/7, QueryString: , CorrelationId: 511a1972-a516-4b86-8e46-dadb1f07df83
info: CinemaBooking.API.Middleware.RequestLoggingMiddleware[0]
      HTTP Request Finished. Status: 204, Duration: 0ms, CorrelationId: 511a1972-a516-4b86-8e46-dadb1f07df83, TraceId: 0HNMALRM69NUP:00000024
info: CinemaBooking.API.Middleware.RequestLoggingMiddleware[0]
      HTTP Request Started. Method: GET, Path: /api/bookings/7, QueryString: , CorrelationId: 28875d5b-10c1-4551-98fe-3d3130fc121a
info: CinemaBooking.API.Services.Implementations.BookingService[0]
      Retrieving booking by ID: 7
info: Microsoft.EntityFrameworkCore.Database.Command[20101]
      Executed DbCommand (1ms) [Parameters=[@__id_0='?' (DbType = Int32)], CommandType='Text', CommandTimeout='30']
      SELECT [t2].[BookingId], [t2].[BookingCode], [t2].[BookingStatus], [t2].[CreatedAt], [t2].[DiscountAmount], [t2].[QRCodeUrl], [t2].[RowVersion], [t2].[ServiceFee], [t2].[ShowtimeId], [t2].[TotalAmount], [t2].[UserId], [t2].[UserId0], [t2].[AvatarUrl], [t2].[CreatedAt0], [t2].[DateOfBirth], [t2].[Email], [t2].[EmailVerificationToken], [t2].[FullName], [t2].[Gender], [t2].[IsActive], [t2].[IsEmailVerified], [t2].[IsPhoneVerified], [t2].[MembershipPoints], [t2].[PasswordHash], [t2].[PasswordResetToken], [t2].[PhoneNumber], [t2].[ResetTokenExpires], [t2].[ShowtimeId0], [t2].[MovieId0], [t2].[HallId0], [t2].[CinemaId0], [t3].[BookingSeatId], [t3].[BookingId], [t3].[SeatId], [t3].[UnitPrice], [t3].[SeatId0], [t3].[CreatedAt], [t3].[CreatedBy], [t3].[DeletedAt], [t3].[DeletedBy], [t3].[HallId], [t3].[IsDeleted], [t3].[LastModifiedAt], [t3].[LastModifiedBy], [t3].[SeatCode], [t3].[SeatTypeId], [t2].[CustomPrice], [t2].[EndTime], [t2].[HallId], [t2].[IsPriceOverride], [t2].[MovieId], [t2].[PriceId], [t2].[RowVersion0], [t2].[StartTime], [t2].[AgeRatingId], [t2].[BannerUrl], [t2].[CreatedAt1], [t2].[CreatedBy], [t2].[DeletedAt], [t2].[DeletedBy], [t2].[Description], [t2].[DirectorId], [t2].[Duration], [t2].[EndDate], [t2].[GenreId], [t2].[IsDeleted], [t2].[IsFeatured], [t2].[Language], [t2].[LastModifiedAt], [t2].[LastModifiedBy], [t2].[PosterUrl], [t2].[Rating], [t2].[ReleaseDate], [t2].[Slug], [t2].[Status], [t2].[Title], [t2].[TrailerUrl], [t2].[Capacity], [t2].[CinemaId], [t2].[CreatedAt2], [t2].[CreatedBy0], [t2].[DeletedAt0], [t2].[DeletedBy0], [t2].[Description0], [t2].[HallName], [t2].[HallTypeId], [t2].[IsDeleted0], [t2].[LastModifiedAt0], [t2].[LastModifiedBy0], [t2].[Address], [t2].[BannerUrl0], [t2].[CinemaName], [t2].[CityId], [t2].[ClosingTime], [t2].[CreatedAt3], [t2].[CreatedBy1], [t2].[DeletedAt1], [t2].[DeletedBy1], [t2].[Email0], [t2].[GalleryUrls], [t2].[GoogleMapsUrl], [t2].[ImageUrl], [t2].[IsDeleted1], [t2].[LastModifiedAt1], [t2].[LastModifiedBy1], [t2].[Latitude], [t2].[LogoUrl], [t2].[Longitude], [t2].[OpeningTime], [t2].[Phone], [t2].[Status0]
      FROM (
          SELECT TOP(1) [b].[BookingId], [b].[BookingCode], [b].[BookingStatus], [b].[CreatedAt], [b].[DiscountAmount], [b].[QRCodeUrl], [b].[RowVersion], [b].[ServiceFee], [b].[ShowtimeId], [b].[TotalAmount], [b].[UserId], [u].[UserId] AS [UserId0], [u].[AvatarUrl], [u].[CreatedAt] AS [CreatedAt0], [u].[DateOfBirth], [u].[Email], [u].[EmailVerificationToken], [u].[FullName], [u].[Gender], [u].[IsActive], [u].[IsEmailVerified], [u].[IsPhoneVerified], [u].[MembershipPoints], [u].[PasswordHash], [u].[PasswordResetToken], [u].[PhoneNumber], [u].[ResetTokenExpires], [s].[ShowtimeId] AS [ShowtimeId0], [s].[CustomPrice], [s].[EndTime], [s].[HallId], [s].[IsPriceOverride], [s].[MovieId], [s].[PriceId], [s].[RowVersion] AS [RowVersion0], [s].[StartTime], [t].[MovieId] AS [MovieId0], [t].[AgeRatingId], [t].[BannerUrl], [t].[CreatedAt] AS [CreatedAt1], [t].[CreatedBy], [t].[DeletedAt], [t].[DeletedBy], [t].[Description], [t].[DirectorId], [t].[Duration], [t].[EndDate], [t].[GenreId], [t].[IsDeleted], [t].[IsFeatured], [t].[Language], [t].[LastModifiedAt], [t].[LastModifiedBy], [t].[PosterUrl], [t].[Rating], [t].[ReleaseDate], [t].[Slug], [t].[Status], [t].[Title], [t].[TrailerUrl], [t0].[HallId] AS [HallId0], [t0].[Capacity], [t0].[CinemaId], [t0].[CreatedAt] AS [CreatedAt2], [t0].[CreatedBy] AS [CreatedBy0], [t0].[DeletedAt] AS [DeletedAt0], [t0].[DeletedBy] AS [DeletedBy0], [t0].[Description] AS [Description0], [t0].[HallName], [t0].[HallTypeId], [t0].[IsDeleted] AS [IsDeleted0], [t0].[LastModifiedAt] AS [LastModifiedAt0], [t0].[LastModifiedBy] AS [LastModifiedBy0], [t1].[CinemaId] AS [CinemaId0], [t1].[Address], [t1].[BannerUrl] AS [BannerUrl0], [t1].[CinemaName], [t1].[CityId], [t1].[ClosingTime], [t1].[CreatedAt] AS [CreatedAt3], [t1].[CreatedBy] AS [CreatedBy1], [t1].[DeletedAt] AS [DeletedAt1], [t1].[DeletedBy] AS [DeletedBy1], [t1].[Email] AS [Email0], [t1].[GalleryUrls], [t1].[GoogleMapsUrl], [t1].[ImageUrl], [t1].[IsDeleted] AS [IsDeleted1], [t1].[LastModifiedAt] AS [LastModifiedAt1], [t1].[LastModifiedBy] AS [LastModifiedBy1], [t1].[Latitude], [t1].[LogoUrl], [t1].[Longitude], [t1].[OpeningTime], [t1].[Phone], [t1].[Status] AS [Status0]
          FROM [Bookings] AS [b]
          INNER JOIN [Users] AS [u] ON [b].[UserId] = [u].[UserId]
          INNER JOIN [Showtimes] AS [s] ON [b].[ShowtimeId] = [s].[ShowtimeId]
          INNER JOIN (
              SELECT [m].[MovieId], [m].[AgeRatingId], [m].[BannerUrl], [m].[CreatedAt], [m].[CreatedBy], [m].[DeletedAt], [m].[DeletedBy], [m].[Description], [m].[DirectorId], [m].[Duration], [m].[EndDate], [m].[GenreId], [m].[IsDeleted], [m].[IsFeatured], [m].[Language], [m].[LastModifiedAt], [m].[LastModifiedBy], [m].[PosterUrl], [m].[Rating], [m].[ReleaseDate], [m].[Slug], [m].[Status], [m].[Title], [m].[TrailerUrl]
              FROM [Movies] AS [m]
              WHERE [m].[IsDeleted] = CAST(0 AS bit)
          ) AS [t] ON [s].[MovieId] = [t].[MovieId]
          INNER JOIN (
              SELECT [h].[HallId], [h].[Capacity], [h].[CinemaId], [h].[CreatedAt], [h].[CreatedBy], [h].[DeletedAt], [h].[DeletedBy], [h].[Description], [h].[HallName], [h].[HallTypeId], [h].[IsDeleted], [h].[LastModifiedAt], [h].[LastModifiedBy]
              FROM [Halls] AS [h]
              WHERE [h].[IsDeleted] = CAST(0 AS bit)
          ) AS [t0] ON [s].[HallId] = [t0].[HallId]
          INNER JOIN (
              SELECT [c].[CinemaId], [c].[Address], [c].[BannerUrl], [c].[CinemaName], [c].[CityId], [c].[ClosingTime], [c].[CreatedAt], [c].[CreatedBy], [c].[DeletedAt], [c].[DeletedBy], [c].[Email], [c].[GalleryUrls], [c].[GoogleMapsUrl], [c].[ImageUrl], [c].[IsDeleted], [c].[LastModifiedAt], [c].[LastModifiedBy], [c].[Latitude], [c].[LogoUrl], [c].[Longitude], [c].[OpeningTime], [c].[Phone], [c].[Status]
              FROM [Cinemas] AS [c]
              WHERE [c].[IsDeleted] = CAST(0 AS bit)
          ) AS [t1] ON [t0].[CinemaId] = [t1].[CinemaId]
          WHERE [b].[BookingId] = @__id_0
      ) AS [t2]
      LEFT JOIN (
          SELECT [b0].[BookingSeatId], [b0].[BookingId], [b0].[SeatId], [b0].[UnitPrice], [t4].[SeatId] AS [SeatId0], [t4].[CreatedAt], [t4].[CreatedBy], [t4].[DeletedAt], [t4].[DeletedBy], [t4].[HallId], [t4].[IsDeleted], [t4].[LastModifiedAt], [t4].[LastModifiedBy], [t4].[SeatCode], [t4].[SeatTypeId]
          FROM [BookingSeats] AS [b0]
          INNER JOIN (
              SELECT [s0].[SeatId], [s0].[CreatedAt], [s0].[CreatedBy], [s0].[DeletedAt], [s0].[DeletedBy], [s0].[HallId], [s0].[IsDeleted], [s0].[LastModifiedAt], [s0].[LastModifiedBy], [s0].[SeatCode], [s0].[SeatTypeId]
              FROM [Seats] AS [s0]
              WHERE [s0].[IsDeleted] = CAST(0 AS bit)
          ) AS [t4] ON [b0].[SeatId] = [t4].[SeatId]
      ) AS [t3] ON [t2].[BookingId] = [t3].[BookingId]
      ORDER BY [t2].[BookingId], [t2].[UserId0], [t2].[ShowtimeId0], [t2].[MovieId0], [t2].[HallId0], [t2].[CinemaId0], [t3].[BookingSeatId]
info: CinemaBooking.API.Middleware.RequestLoggingMiddleware[0]
      HTTP Request Finished. Status: 200, Duration: 5ms, CorrelationId: 28875d5b-10c1-4551-98fe-3d3130fc121a, TraceId: 0HNMALRM69NUP:00000025
info: Microsoft.EntityFrameworkCore.Database.Command[20101]
      Executed DbCommand (1ms) [Parameters=[@__p_0='?' (DbType = Int32)], CommandType='Text', CommandTimeout='30']
      SELECT TOP(@__p_0) [o].[Id], [o].[Error], [o].[EventName], [o].[OccurredOn], [o].[Payload], [o].[ProcessedOn]
      FROM [OutboxEvents] AS [o]
      WHERE [o].[ProcessedOn] IS NULL
      ORDER BY [o].[OccurredOn]
info: Microsoft.EntityFrameworkCore.Database.Command[20101]
      Executed DbCommand (1ms) [Parameters=[@__p_0='?' (DbType = Int32)], CommandType='Text', CommandTimeout='30']
      SELECT TOP(@__p_0) [o].[Id], [o].[Error], [o].[EventName], [o].[OccurredOn], [o].[Payload], [o].[ProcessedOn]
      FROM [OutboxEvents] AS [o]
      WHERE [o].[ProcessedOn] IS NULL
      ORDER BY [o].[OccurredOn]
info: Microsoft.EntityFrameworkCore.Database.Command[20101]
      Executed DbCommand (0ms) [Parameters=[@__p_0='?' (DbType = Int32)], CommandType='Text', CommandTimeout='30']
      SELECT TOP(@__p_0) [o].[Id], [o].[Error], [o].[EventName], [o].[OccurredOn], [o].[Payload], [o].[ProcessedOn]
      FROM [OutboxEvents] AS [o]
      WHERE [o].[ProcessedOn] IS NULL
      ORDER BY [o].[OccurredOn]
info: Microsoft.EntityFrameworkCore.Database.Command[20101]
      Executed DbCommand (1ms) [Parameters=[@__p_0='?' (DbType = Int32)], CommandType='Text', CommandTimeout='30']
      SELECT TOP(@__p_0) [o].[Id], [o].[Error], [o].[EventName], [o].[OccurredOn], [o].[Payload], [o].[ProcessedOn]
      FROM [OutboxEvents] AS [o]
      WHERE [o].[ProcessedOn] IS NULL
      ORDER BY [o].[OccurredOn]
info: Microsoft.EntityFrameworkCore.Database.Command[20101]
      Executed DbCommand (26ms) [Parameters=[@__p_0='?' (DbType = Int32)], CommandType='Text', CommandTimeout='30']
      SELECT TOP(@__p_0) [o].[Id], [o].[Error], [o].[EventName], [o].[OccurredOn], [o].[Payload], [o].[ProcessedOn]
      FROM [OutboxEvents] AS [o]
      WHERE [o].[ProcessedOn] IS NULL
      ORDER BY [o].[OccurredOn]
info: CinemaBooking.API.Middleware.RequestLoggingMiddleware[0]
      HTTP Request Started. Method: GET, Path: /api/bookings/7, QueryString: , CorrelationId: 12d40f3f-26aa-47dc-9d04-56c14220dfb2
info: CinemaBooking.API.Services.Implementations.BookingService[0]
      Retrieving booking by ID: 7
info: Microsoft.EntityFrameworkCore.Database.Command[20101]
      Executed DbCommand (1ms) [Parameters=[@__id_0='?' (DbType = Int32)], CommandType='Text', CommandTimeout='30']
      SELECT [t2].[BookingId], [t2].[BookingCode], [t2].[BookingStatus], [t2].[CreatedAt], [t2].[DiscountAmount], [t2].[QRCodeUrl], [t2].[RowVersion], [t2].[ServiceFee], [t2].[ShowtimeId], [t2].[TotalAmount], [t2].[UserId], [t2].[UserId0], [t2].[AvatarUrl], [t2].[CreatedAt0], [t2].[DateOfBirth], [t2].[Email], [t2].[EmailVerificationToken], [t2].[FullName], [t2].[Gender], [t2].[IsActive], [t2].[IsEmailVerified], [t2].[IsPhoneVerified], [t2].[MembershipPoints], [t2].[PasswordHash], [t2].[PasswordResetToken], [t2].[PhoneNumber], [t2].[ResetTokenExpires], [t2].[ShowtimeId0], [t2].[MovieId0], [t2].[HallId0], [t2].[CinemaId0], [t3].[BookingSeatId], [t3].[BookingId], [t3].[SeatId], [t3].[UnitPrice], [t3].[SeatId0], [t3].[CreatedAt], [t3].[CreatedBy], [t3].[DeletedAt], [t3].[DeletedBy], [t3].[HallId], [t3].[IsDeleted], [t3].[LastModifiedAt], [t3].[LastModifiedBy], [t3].[SeatCode], [t3].[SeatTypeId], [t2].[CustomPrice], [t2].[EndTime], [t2].[HallId], [t2].[IsPriceOverride], [t2].[MovieId], [t2].[PriceId], [t2].[RowVersion0], [t2].[StartTime], [t2].[AgeRatingId], [t2].[BannerUrl], [t2].[CreatedAt1], [t2].[CreatedBy], [t2].[DeletedAt], [t2].[DeletedBy], [t2].[Description], [t2].[DirectorId], [t2].[Duration], [t2].[EndDate], [t2].[GenreId], [t2].[IsDeleted], [t2].[IsFeatured], [t2].[Language], [t2].[LastModifiedAt], [t2].[LastModifiedBy], [t2].[PosterUrl], [t2].[Rating], [t2].[ReleaseDate], [t2].[Slug], [t2].[Status], [t2].[Title], [t2].[TrailerUrl], [t2].[Capacity], [t2].[CinemaId], [t2].[CreatedAt2], [t2].[CreatedBy0], [t2].[DeletedAt0], [t2].[DeletedBy0], [t2].[Description0], [t2].[HallName], [t2].[HallTypeId], [t2].[IsDeleted0], [t2].[LastModifiedAt0], [t2].[LastModifiedBy0], [t2].[Address], [t2].[BannerUrl0], [t2].[CinemaName], [t2].[CityId], [t2].[ClosingTime], [t2].[CreatedAt3], [t2].[CreatedBy1], [t2].[DeletedAt1], [t2].[DeletedBy1], [t2].[Email0], [t2].[GalleryUrls], [t2].[GoogleMapsUrl], [t2].[ImageUrl], [t2].[IsDeleted1], [t2].[LastModifiedAt1], [t2].[LastModifiedBy1], [t2].[Latitude], [t2].[LogoUrl], [t2].[Longitude], [t2].[OpeningTime], [t2].[Phone], [t2].[Status0]
      FROM (
          SELECT TOP(1) [b].[BookingId], [b].[BookingCode], [b].[BookingStatus], [b].[CreatedAt], [b].[DiscountAmount], [b].[QRCodeUrl], [b].[RowVersion], [b].[ServiceFee], [b].[ShowtimeId], [b].[TotalAmount], [b].[UserId], [u].[UserId] AS [UserId0], [u].[AvatarUrl], [u].[CreatedAt] AS [CreatedAt0], [u].[DateOfBirth], [u].[Email], [u].[EmailVerificationToken], [u].[FullName], [u].[Gender], [u].[IsActive], [u].[IsEmailVerified], [u].[IsPhoneVerified], [u].[MembershipPoints], [u].[PasswordHash], [u].[PasswordResetToken], [u].[PhoneNumber], [u].[ResetTokenExpires], [s].[ShowtimeId] AS [ShowtimeId0], [s].[CustomPrice], [s].[EndTime], [s].[HallId], [s].[IsPriceOverride], [s].[MovieId], [s].[PriceId], [s].[RowVersion] AS [RowVersion0], [s].[StartTime], [t].[MovieId] AS [MovieId0], [t].[AgeRatingId], [t].[BannerUrl], [t].[CreatedAt] AS [CreatedAt1], [t].[CreatedBy], [t].[DeletedAt], [t].[DeletedBy], [t].[Description], [t].[DirectorId], [t].[Duration], [t].[EndDate], [t].[GenreId], [t].[IsDeleted], [t].[IsFeatured], [t].[Language], [t].[LastModifiedAt], [t].[LastModifiedBy], [t].[PosterUrl], [t].[Rating], [t].[ReleaseDate], [t].[Slug], [t].[Status], [t].[Title], [t].[TrailerUrl], [t0].[HallId] AS [HallId0], [t0].[Capacity], [t0].[CinemaId], [t0].[CreatedAt] AS [CreatedAt2], [t0].[CreatedBy] AS [CreatedBy0], [t0].[DeletedAt] AS [DeletedAt0], [t0].[DeletedBy] AS [DeletedBy0], [t0].[Description] AS [Description0], [t0].[HallName], [t0].[HallTypeId], [t0].[IsDeleted] AS [IsDeleted0], [t0].[LastModifiedAt] AS [LastModifiedAt0], [t0].[LastModifiedBy] AS [LastModifiedBy0], [t1].[CinemaId] AS [CinemaId0], [t1].[Address], [t1].[BannerUrl] AS [BannerUrl0], [t1].[CinemaName], [t1].[CityId], [t1].[ClosingTime], [t1].[CreatedAt] AS [CreatedAt3], [t1].[CreatedBy] AS [CreatedBy1], [t1].[DeletedAt] AS [DeletedAt1], [t1].[DeletedBy] AS [DeletedBy1], [t1].[Email] AS [Email0], [t1].[GalleryUrls], [t1].[GoogleMapsUrl], [t1].[ImageUrl], [t1].[IsDeleted] AS [IsDeleted1], [t1].[LastModifiedAt] AS [LastModifiedAt1], [t1].[LastModifiedBy] AS [LastModifiedBy1], [t1].[Latitude], [t1].[LogoUrl], [t1].[Longitude], [t1].[OpeningTime], [t1].[Phone], [t1].[Status] AS [Status0]
          FROM [Bookings] AS [b]
          INNER JOIN [Users] AS [u] ON [b].[UserId] = [u].[UserId]
          INNER JOIN [Showtimes] AS [s] ON [b].[ShowtimeId] = [s].[ShowtimeId]
          INNER JOIN (
              SELECT [m].[MovieId], [m].[AgeRatingId], [m].[BannerUrl], [m].[CreatedAt], [m].[CreatedBy], [m].[DeletedAt], [m].[DeletedBy], [m].[Description], [m].[DirectorId], [m].[Duration], [m].[EndDate], [m].[GenreId], [m].[IsDeleted], [m].[IsFeatured], [m].[Language], [m].[LastModifiedAt], [m].[LastModifiedBy], [m].[PosterUrl], [m].[Rating], [m].[ReleaseDate], [m].[Slug], [m].[Status], [m].[Title], [m].[TrailerUrl]
              FROM [Movies] AS [m]
              WHERE [m].[IsDeleted] = CAST(0 AS bit)
          ) AS [t] ON [s].[MovieId] = [t].[MovieId]
          INNER JOIN (
              SELECT [h].[HallId], [h].[Capacity], [h].[CinemaId], [h].[CreatedAt], [h].[CreatedBy], [h].[DeletedAt], [h].[DeletedBy], [h].[Description], [h].[HallName], [h].[HallTypeId], [h].[IsDeleted], [h].[LastModifiedAt], [h].[LastModifiedBy]
              FROM [Halls] AS [h]
              WHERE [h].[IsDeleted] = CAST(0 AS bit)
          ) AS [t0] ON [s].[HallId] = [t0].[HallId]
          INNER JOIN (
              SELECT [c].[CinemaId], [c].[Address], [c].[BannerUrl], [c].[CinemaName], [c].[CityId], [c].[ClosingTime], [c].[CreatedAt], [c].[CreatedBy], [c].[DeletedAt], [c].[DeletedBy], [c].[Email], [c].[GalleryUrls], [c].[GoogleMapsUrl], [c].[ImageUrl], [c].[IsDeleted], [c].[LastModifiedAt], [c].[LastModifiedBy], [c].[Latitude], [c].[LogoUrl], [c].[Longitude], [c].[OpeningTime], [c].[Phone], [c].[Status]
              FROM [Cinemas] AS [c]
              WHERE [c].[IsDeleted] = CAST(0 AS bit)
          ) AS [t1] ON [t0].[CinemaId] = [t1].[CinemaId]
          WHERE [b].[BookingId] = @__id_0
      ) AS [t2]
      LEFT JOIN (
          SELECT [b0].[BookingSeatId], [b0].[BookingId], [b0].[SeatId], [b0].[UnitPrice], [t4].[SeatId] AS [SeatId0], [t4].[CreatedAt], [t4].[CreatedBy], [t4].[DeletedAt], [t4].[DeletedBy], [t4].[HallId], [t4].[IsDeleted], [t4].[LastModifiedAt], [t4].[LastModifiedBy], [t4].[SeatCode], [t4].[SeatTypeId]
          FROM [BookingSeats] AS [b0]
          INNER JOIN (
              SELECT [s0].[SeatId], [s0].[CreatedAt], [s0].[CreatedBy], [s0].[DeletedAt], [s0].[DeletedBy], [s0].[HallId], [s0].[IsDeleted], [s0].[LastModifiedAt], [s0].[LastModifiedBy], [s0].[SeatCode], [s0].[SeatTypeId]
              FROM [Seats] AS [s0]
              WHERE [s0].[IsDeleted] = CAST(0 AS bit)
          ) AS [t4] ON [b0].[SeatId] = [t4].[SeatId]
      ) AS [t3] ON [t2].[BookingId] = [t3].[BookingId]
      ORDER BY [t2].[BookingId], [t2].[UserId0], [t2].[ShowtimeId0], [t2].[MovieId0], [t2].[HallId0], [t2].[CinemaId0], [t3].[BookingSeatId]
info: CinemaBooking.API.Middleware.RequestLoggingMiddleware[0]
      HTTP Request Finished. Status: 200, Duration: 5ms, CorrelationId: 12d40f3f-26aa-47dc-9d04-56c14220dfb2, TraceId: 0HNMALRM69NUT:00000001
info: Microsoft.EntityFrameworkCore.Database.Command[20101]
      Executed DbCommand (1ms) [Parameters=[@__p_0='?' (DbType = Int32)], CommandType='Text', CommandTimeout='30']
      SELECT TOP(@__p_0) [o].[Id], [o].[Error], [o].[EventName], [o].[OccurredOn], [o].[Payload], [o].[ProcessedOn]
      FROM [OutboxEvents] AS [o]
      WHERE [o].[ProcessedOn] IS NULL
      ORDER BY [o].[OccurredOn]
info: Microsoft.EntityFrameworkCore.Database.Command[20101]
      Executed DbCommand (0ms) [Parameters=[@__p_0='?' (DbType = Int32)], CommandType='Text', CommandTimeout='30']
      SELECT TOP(@__p_0) [o].[Id], [o].[Error], [o].[EventName], [o].[OccurredOn], [o].[Payload], [o].[ProcessedOn]
      FROM [OutboxEvents] AS [o]
      WHERE [o].[ProcessedOn] IS NULL
      ORDER BY [o].[OccurredOn]
info: Microsoft.EntityFrameworkCore.Database.Command[20101]
      Executed DbCommand (1ms) [Parameters=[@__p_0='?' (DbType = Int32)], CommandType='Text', CommandTimeout='30']
      SELECT TOP(@__p_0) [o].[Id], [o].[Error], [o].[EventName], [o].[OccurredOn], [o].[Payload], [o].[ProcessedOn]
      FROM [OutboxEvents] AS [o]
      WHERE [o].[ProcessedOn] IS NULL
      ORDER BY [o].[OccurredOn]
info: Microsoft.EntityFrameworkCore.Database.Command[20101]
      Executed DbCommand (1ms) [Parameters=[@__p_0='?' (DbType = Int32)], CommandType='Text', CommandTimeout='30']
      SELECT TOP(@__p_0) [o].[Id], [o].[Error], [o].[EventName], [o].[OccurredOn], [o].[Payload], [o].[ProcessedOn]
      FROM [OutboxEvents] AS [o]
      WHERE [o].[ProcessedOn] IS NULL
      ORDER BY [o].[OccurredOn]
info: Microsoft.EntityFrameworkCore.Database.Command[20101]
      Executed DbCommand (1ms) [Parameters=[@__p_0='?' (DbType = Int32)], CommandType='Text', CommandTimeout='30']
      SELECT TOP(@__p_0) [o].[Id], [o].[Error], [o].[EventName], [o].[OccurredOn], [o].[Payload], [o].[ProcessedOn]
      FROM [OutboxEvents] AS [o]
      WHERE [o].[ProcessedOn] IS NULL
      ORDER BY [o].[OccurredOn]
info: CinemaBooking.API.Middleware.RequestLoggingMiddleware[0]
      HTTP Request Started. Method: OPTIONS, Path: /api/bookings/7, QueryString: , CorrelationId: 834f4de2-7254-47c6-8a02-c098d128fe7a
info: CinemaBooking.API.Middleware.RequestLoggingMiddleware[0]
      HTTP Request Finished. Status: 204, Duration: 0ms, CorrelationId: 834f4de2-7254-47c6-8a02-c098d128fe7a, TraceId: 0HNMALRM69NUT:00000002
info: CinemaBooking.API.Middleware.RequestLoggingMiddleware[0]
      HTTP Request Started. Method: GET, Path: /api/bookings/7, QueryString: , CorrelationId: 02e0b8f3-3426-4f80-87d8-414edeb4a852
info: CinemaBooking.API.Services.Implementations.BookingService[0]
      Retrieving booking by ID: 7
info: Microsoft.EntityFrameworkCore.Database.Command[20101]
      Executed DbCommand (1ms) [Parameters=[@__id_0='?' (DbType = Int32)], CommandType='Text', CommandTimeout='30']
      SELECT [t2].[BookingId], [t2].[BookingCode], [t2].[BookingStatus], [t2].[CreatedAt], [t2].[DiscountAmount], [t2].[QRCodeUrl], [t2].[RowVersion], [t2].[ServiceFee], [t2].[ShowtimeId], [t2].[TotalAmount], [t2].[UserId], [t2].[UserId0], [t2].[AvatarUrl], [t2].[CreatedAt0], [t2].[DateOfBirth], [t2].[Email], [t2].[EmailVerificationToken], [t2].[FullName], [t2].[Gender], [t2].[IsActive], [t2].[IsEmailVerified], [t2].[IsPhoneVerified], [t2].[MembershipPoints], [t2].[PasswordHash], [t2].[PasswordResetToken], [t2].[PhoneNumber], [t2].[ResetTokenExpires], [t2].[ShowtimeId0], [t2].[MovieId0], [t2].[HallId0], [t2].[CinemaId0], [t3].[BookingSeatId], [t3].[BookingId], [t3].[SeatId], [t3].[UnitPrice], [t3].[SeatId0], [t3].[CreatedAt], [t3].[CreatedBy], [t3].[DeletedAt], [t3].[DeletedBy], [t3].[HallId], [t3].[IsDeleted], [t3].[LastModifiedAt], [t3].[LastModifiedBy], [t3].[SeatCode], [t3].[SeatTypeId], [t2].[CustomPrice], [t2].[EndTime], [t2].[HallId], [t2].[IsPriceOverride], [t2].[MovieId], [t2].[PriceId], [t2].[RowVersion0], [t2].[StartTime], [t2].[AgeRatingId], [t2].[BannerUrl], [t2].[CreatedAt1], [t2].[CreatedBy], [t2].[DeletedAt], [t2].[DeletedBy], [t2].[Description], [t2].[DirectorId], [t2].[Duration], [t2].[EndDate], [t2].[GenreId], [t2].[IsDeleted], [t2].[IsFeatured], [t2].[Language], [t2].[LastModifiedAt], [t2].[LastModifiedBy], [t2].[PosterUrl], [t2].[Rating], [t2].[ReleaseDate], [t2].[Slug], [t2].[Status], [t2].[Title], [t2].[TrailerUrl], [t2].[Capacity], [t2].[CinemaId], [t2].[CreatedAt2], [t2].[CreatedBy0], [t2].[DeletedAt0], [t2].[DeletedBy0], [t2].[Description0], [t2].[HallName], [t2].[HallTypeId], [t2].[IsDeleted0], [t2].[LastModifiedAt0], [t2].[LastModifiedBy0], [t2].[Address], [t2].[BannerUrl0], [t2].[CinemaName], [t2].[CityId], [t2].[ClosingTime], [t2].[CreatedAt3], [t2].[CreatedBy1], [t2].[DeletedAt1], [t2].[DeletedBy1], [t2].[Email0], [t2].[GalleryUrls], [t2].[GoogleMapsUrl], [t2].[ImageUrl], [t2].[IsDeleted1], [t2].[LastModifiedAt1], [t2].[LastModifiedBy1], [t2].[Latitude], [t2].[LogoUrl], [t2].[Longitude], [t2].[OpeningTime], [t2].[Phone], [t2].[Status0]
      FROM (
          SELECT TOP(1) [b].[BookingId], [b].[BookingCode], [b].[BookingStatus], [b].[CreatedAt], [b].[DiscountAmount], [b].[QRCodeUrl], [b].[RowVersion], [b].[ServiceFee], [b].[ShowtimeId], [b].[TotalAmount], [b].[UserId], [u].[UserId] AS [UserId0], [u].[AvatarUrl], [u].[CreatedAt] AS [CreatedAt0], [u].[DateOfBirth], [u].[Email], [u].[EmailVerificationToken], [u].[FullName], [u].[Gender], [u].[IsActive], [u].[IsEmailVerified], [u].[IsPhoneVerified], [u].[MembershipPoints], [u].[PasswordHash], [u].[PasswordResetToken], [u].[PhoneNumber], [u].[ResetTokenExpires], [s].[ShowtimeId] AS [ShowtimeId0], [s].[CustomPrice], [s].[EndTime], [s].[HallId], [s].[IsPriceOverride], [s].[MovieId], [s].[PriceId], [s].[RowVersion] AS [RowVersion0], [s].[StartTime], [t].[MovieId] AS [MovieId0], [t].[AgeRatingId], [t].[BannerUrl], [t].[CreatedAt] AS [CreatedAt1], [t].[CreatedBy], [t].[DeletedAt], [t].[DeletedBy], [t].[Description], [t].[DirectorId], [t].[Duration], [t].[EndDate], [t].[GenreId], [t].[IsDeleted], [t].[IsFeatured], [t].[Language], [t].[LastModifiedAt], [t].[LastModifiedBy], [t].[PosterUrl], [t].[Rating], [t].[ReleaseDate], [t].[Slug], [t].[Status], [t].[Title], [t].[TrailerUrl], [t0].[HallId] AS [HallId0], [t0].[Capacity], [t0].[CinemaId], [t0].[CreatedAt] AS [CreatedAt2], [t0].[CreatedBy] AS [CreatedBy0], [t0].[DeletedAt] AS [DeletedAt0], [t0].[DeletedBy] AS [DeletedBy0], [t0].[Description] AS [Description0], [t0].[HallName], [t0].[HallTypeId], [t0].[IsDeleted] AS [IsDeleted0], [t0].[LastModifiedAt] AS [LastModifiedAt0], [t0].[LastModifiedBy] AS [LastModifiedBy0], [t1].[CinemaId] AS [CinemaId0], [t1].[Address], [t1].[BannerUrl] AS [BannerUrl0], [t1].[CinemaName], [t1].[CityId], [t1].[ClosingTime], [t1].[CreatedAt] AS [CreatedAt3], [t1].[CreatedBy] AS [CreatedBy1], [t1].[DeletedAt] AS [DeletedAt1], [t1].[DeletedBy] AS [DeletedBy1], [t1].[Email] AS [Email0], [t1].[GalleryUrls], [t1].[GoogleMapsUrl], [t1].[ImageUrl], [t1].[IsDeleted] AS [IsDeleted1], [t1].[LastModifiedAt] AS [LastModifiedAt1], [t1].[LastModifiedBy] AS [LastModifiedBy1], [t1].[Latitude], [t1].[LogoUrl], [t1].[Longitude], [t1].[OpeningTime], [t1].[Phone], [t1].[Status] AS [Status0]
          FROM [Bookings] AS [b]
          INNER JOIN [Users] AS [u] ON [b].[UserId] = [u].[UserId]
          INNER JOIN [Showtimes] AS [s] ON [b].[ShowtimeId] = [s].[ShowtimeId]
          INNER JOIN (
              SELECT [m].[MovieId], [m].[AgeRatingId], [m].[BannerUrl], [m].[CreatedAt], [m].[CreatedBy], [m].[DeletedAt], [m].[DeletedBy], [m].[Description], [m].[DirectorId], [m].[Duration], [m].[EndDate], [m].[GenreId], [m].[IsDeleted], [m].[IsFeatured], [m].[Language], [m].[LastModifiedAt], [m].[LastModifiedBy], [m].[PosterUrl], [m].[Rating], [m].[ReleaseDate], [m].[Slug], [m].[Status], [m].[Title], [m].[TrailerUrl]
              FROM [Movies] AS [m]
              WHERE [m].[IsDeleted] = CAST(0 AS bit)
          ) AS [t] ON [s].[MovieId] = [t].[MovieId]
          INNER JOIN (
              SELECT [h].[HallId], [h].[Capacity], [h].[CinemaId], [h].[CreatedAt], [h].[CreatedBy], [h].[DeletedAt], [h].[DeletedBy], [h].[Description], [h].[HallName], [h].[HallTypeId], [h].[IsDeleted], [h].[LastModifiedAt], [h].[LastModifiedBy]
              FROM [Halls] AS [h]
              WHERE [h].[IsDeleted] = CAST(0 AS bit)
          ) AS [t0] ON [s].[HallId] = [t0].[HallId]
          INNER JOIN (
              SELECT [c].[CinemaId], [c].[Address], [c].[BannerUrl], [c].[CinemaName], [c].[CityId], [c].[ClosingTime], [c].[CreatedAt], [c].[CreatedBy], [c].[DeletedAt], [c].[DeletedBy], [c].[Email], [c].[GalleryUrls], [c].[GoogleMapsUrl], [c].[ImageUrl], [c].[IsDeleted], [c].[LastModifiedAt], [c].[LastModifiedBy], [c].[Latitude], [c].[LogoUrl], [c].[Longitude], [c].[OpeningTime], [c].[Phone], [c].[Status]
              FROM [Cinemas] AS [c]
              WHERE [c].[IsDeleted] = CAST(0 AS bit)
          ) AS [t1] ON [t0].[CinemaId] = [t1].[CinemaId]
          WHERE [b].[BookingId] = @__id_0
      ) AS [t2]
      LEFT JOIN (
          SELECT [b0].[BookingSeatId], [b0].[BookingId], [b0].[SeatId], [b0].[UnitPrice], [t4].[SeatId] AS [SeatId0], [t4].[CreatedAt], [t4].[CreatedBy], [t4].[DeletedAt], [t4].[DeletedBy], [t4].[HallId], [t4].[IsDeleted], [t4].[LastModifiedAt], [t4].[LastModifiedBy], [t4].[SeatCode], [t4].[SeatTypeId]
          FROM [BookingSeats] AS [b0]
          INNER JOIN (
              SELECT [s0].[SeatId], [s0].[CreatedAt], [s0].[CreatedBy], [s0].[DeletedAt], [s0].[DeletedBy], [s0].[HallId], [s0].[IsDeleted], [s0].[LastModifiedAt], [s0].[LastModifiedBy], [s0].[SeatCode], [s0].[SeatTypeId]
              FROM [Seats] AS [s0]
              WHERE [s0].[IsDeleted] = CAST(0 AS bit)
          ) AS [t4] ON [b0].[SeatId] = [t4].[SeatId]
      ) AS [t3] ON [t2].[BookingId] = [t3].[BookingId]
      ORDER BY [t2].[BookingId], [t2].[UserId0], [t2].[ShowtimeId0], [t2].[MovieId0], [t2].[HallId0], [t2].[CinemaId0], [t3].[BookingSeatId]
info: CinemaBooking.API.Middleware.RequestLoggingMiddleware[0]
      HTTP Request Finished. Status: 200, Duration: 4ms, CorrelationId: 02e0b8f3-3426-4f80-87d8-414edeb4a852, TraceId: 0HNMALRM69NUT:00000003
info: Microsoft.EntityFrameworkCore.Database.Command[20101]
      Executed DbCommand (1ms) [Parameters=[@__p_0='?' (DbType = Int32)], CommandType='Text', CommandTimeout='30']
      SELECT TOP(@__p_0) [o].[Id], [o].[Error], [o].[EventName], [o].[OccurredOn], [o].[Payload], [o].[ProcessedOn]
      FROM [OutboxEvents] AS [o]
      WHERE [o].[ProcessedOn] IS NULL
      ORDER BY [o].[OccurredOn]
info: Microsoft.EntityFrameworkCore.Database.Command[20101]
      Executed DbCommand (1ms) [Parameters=[@__p_0='?' (DbType = Int32)], CommandType='Text', CommandTimeout='30']
      SELECT TOP(@__p_0) [o].[Id], [o].[Error], [o].[EventName], [o].[OccurredOn], [o].[Payload], [o].[ProcessedOn]
      FROM [OutboxEvents] AS [o]
      WHERE [o].[ProcessedOn] IS NULL
      ORDER BY [o].[OccurredOn]
info: CinemaBooking.API.Services.Implementations.BookingService[0]
      Scanning for expired pending bookings created before 06/15/2026 07:19:57
info: Microsoft.EntityFrameworkCore.Database.Command[20101]
      Executed DbCommand (2ms) [Parameters=[@__threshold_0='?' (DbType = DateTime2)], CommandType='Text', CommandTimeout='30']
      SELECT [b].[BookingId], [b].[BookingCode], [b].[BookingStatus], [b].[CreatedAt], [b].[DiscountAmount], [b].[QRCodeUrl], [b].[RowVersion], [b].[ServiceFee], [b].[ShowtimeId], [b].[TotalAmount], [b].[UserId], [b0].[BookingSeatId], [b0].[BookingId], [b0].[SeatId], [b0].[UnitPrice]
      FROM [Bookings] AS [b]
      LEFT JOIN [BookingSeats] AS [b0] ON [b].[BookingId] = [b0].[BookingId]
      WHERE [b].[BookingStatus] = N'Pending' AND [b].[CreatedAt] < @__threshold_0
      ORDER BY [b].[BookingId]
info: Microsoft.EntityFrameworkCore.Database.Command[20101]
      Executed DbCommand (2ms) [Parameters=[@__p_0='?' (DbType = Int32)], CommandType='Text', CommandTimeout='30']
      SELECT TOP(@__p_0) [o].[Id], [o].[Error], [o].[EventName], [o].[OccurredOn], [o].[Payload], [o].[ProcessedOn]
      FROM [OutboxEvents] AS [o]
      WHERE [o].[ProcessedOn] IS NULL
      ORDER BY [o].[OccurredOn]
info: Microsoft.EntityFrameworkCore.Database.Command[20101]
      Executed DbCommand (5ms) [Parameters=[@__p_0='?' (DbType = Int32)], CommandType='Text', CommandTimeout='30']
      SELECT TOP(@__p_0) [o].[Id], [o].[Error], [o].[EventName], [o].[OccurredOn], [o].[Payload], [o].[ProcessedOn]
      FROM [OutboxEvents] AS [o]
      WHERE [o].[ProcessedOn] IS NULL
      ORDER BY [o].[OccurredOn]
info: Microsoft.EntityFrameworkCore.Database.Command[20101]
      Executed DbCommand (2ms) [Parameters=[@__p_0='?' (DbType = Int32)], CommandType='Text', CommandTimeout='30']
      SELECT TOP(@__p_0) [o].[Id], [o].[Error], [o].[EventName], [o].[OccurredOn], [o].[Payload], [o].[ProcessedOn]
      FROM [OutboxEvents] AS [o]
      WHERE [o].[ProcessedOn] IS NULL
      ORDER BY [o].[OccurredOn]
info: CinemaBooking.API.Middleware.RequestLoggingMiddleware[0]
      HTTP Request Started. Method: GET, Path: /api/bookings/7, QueryString: , CorrelationId: 3dc13a61-40ee-4e9f-bc65-69962e4ca810
info: CinemaBooking.API.Services.Implementations.BookingService[0]
      Retrieving booking by ID: 7
info: Microsoft.EntityFrameworkCore.Database.Command[20101]
      Executed DbCommand (14ms) [Parameters=[@__id_0='?' (DbType = Int32)], CommandType='Text', CommandTimeout='30']
      SELECT [t2].[BookingId], [t2].[BookingCode], [t2].[BookingStatus], [t2].[CreatedAt], [t2].[DiscountAmount], [t2].[QRCodeUrl], [t2].[RowVersion], [t2].[ServiceFee], [t2].[ShowtimeId], [t2].[TotalAmount], [t2].[UserId], [t2].[UserId0], [t2].[AvatarUrl], [t2].[CreatedAt0], [t2].[DateOfBirth], [t2].[Email], [t2].[EmailVerificationToken], [t2].[FullName], [t2].[Gender], [t2].[IsActive], [t2].[IsEmailVerified], [t2].[IsPhoneVerified], [t2].[MembershipPoints], [t2].[PasswordHash], [t2].[PasswordResetToken], [t2].[PhoneNumber], [t2].[ResetTokenExpires], [t2].[ShowtimeId0], [t2].[MovieId0], [t2].[HallId0], [t2].[CinemaId0], [t3].[BookingSeatId], [t3].[BookingId], [t3].[SeatId], [t3].[UnitPrice], [t3].[SeatId0], [t3].[CreatedAt], [t3].[CreatedBy], [t3].[DeletedAt], [t3].[DeletedBy], [t3].[HallId], [t3].[IsDeleted], [t3].[LastModifiedAt], [t3].[LastModifiedBy], [t3].[SeatCode], [t3].[SeatTypeId], [t2].[CustomPrice], [t2].[EndTime], [t2].[HallId], [t2].[IsPriceOverride], [t2].[MovieId], [t2].[PriceId], [t2].[RowVersion0], [t2].[StartTime], [t2].[AgeRatingId], [t2].[BannerUrl], [t2].[CreatedAt1], [t2].[CreatedBy], [t2].[DeletedAt], [t2].[DeletedBy], [t2].[Description], [t2].[DirectorId], [t2].[Duration], [t2].[EndDate], [t2].[GenreId], [t2].[IsDeleted], [t2].[IsFeatured], [t2].[Language], [t2].[LastModifiedAt], [t2].[LastModifiedBy], [t2].[PosterUrl], [t2].[Rating], [t2].[ReleaseDate], [t2].[Slug], [t2].[Status], [t2].[Title], [t2].[TrailerUrl], [t2].[Capacity], [t2].[CinemaId], [t2].[CreatedAt2], [t2].[CreatedBy0], [t2].[DeletedAt0], [t2].[DeletedBy0], [t2].[Description0], [t2].[HallName], [t2].[HallTypeId], [t2].[IsDeleted0], [t2].[LastModifiedAt0], [t2].[LastModifiedBy0], [t2].[Address], [t2].[BannerUrl0], [t2].[CinemaName], [t2].[CityId], [t2].[ClosingTime], [t2].[CreatedAt3], [t2].[CreatedBy1], [t2].[DeletedAt1], [t2].[DeletedBy1], [t2].[Email0], [t2].[GalleryUrls], [t2].[GoogleMapsUrl], [t2].[ImageUrl], [t2].[IsDeleted1], [t2].[LastModifiedAt1], [t2].[LastModifiedBy1], [t2].[Latitude], [t2].[LogoUrl], [t2].[Longitude], [t2].[OpeningTime], [t2].[Phone], [t2].[Status0]
      FROM (
          SELECT TOP(1) [b].[BookingId], [b].[BookingCode], [b].[BookingStatus], [b].[CreatedAt], [b].[DiscountAmount], [b].[QRCodeUrl], [b].[RowVersion], [b].[ServiceFee], [b].[ShowtimeId], [b].[TotalAmount], [b].[UserId], [u].[UserId] AS [UserId0], [u].[AvatarUrl], [u].[CreatedAt] AS [CreatedAt0], [u].[DateOfBirth], [u].[Email], [u].[EmailVerificationToken], [u].[FullName], [u].[Gender], [u].[IsActive], [u].[IsEmailVerified], [u].[IsPhoneVerified], [u].[MembershipPoints], [u].[PasswordHash], [u].[PasswordResetToken], [u].[PhoneNumber], [u].[ResetTokenExpires], [s].[ShowtimeId] AS [ShowtimeId0], [s].[CustomPrice], [s].[EndTime], [s].[HallId], [s].[IsPriceOverride], [s].[MovieId], [s].[PriceId], [s].[RowVersion] AS [RowVersion0], [s].[StartTime], [t].[MovieId] AS [MovieId0], [t].[AgeRatingId], [t].[BannerUrl], [t].[CreatedAt] AS [CreatedAt1], [t].[CreatedBy], [t].[DeletedAt], [t].[DeletedBy], [t].[Description], [t].[DirectorId], [t].[Duration], [t].[EndDate], [t].[GenreId], [t].[IsDeleted], [t].[IsFeatured], [t].[Language], [t].[LastModifiedAt], [t].[LastModifiedBy], [t].[PosterUrl], [t].[Rating], [t].[ReleaseDate], [t].[Slug], [t].[Status], [t].[Title], [t].[TrailerUrl], [t0].[HallId] AS [HallId0], [t0].[Capacity], [t0].[CinemaId], [t0].[CreatedAt] AS [CreatedAt2], [t0].[CreatedBy] AS [CreatedBy0], [t0].[DeletedAt] AS [DeletedAt0], [t0].[DeletedBy] AS [DeletedBy0], [t0].[Description] AS [Description0], [t0].[HallName], [t0].[HallTypeId], [t0].[IsDeleted] AS [IsDeleted0], [t0].[LastModifiedAt] AS [LastModifiedAt0], [t0].[LastModifiedBy] AS [LastModifiedBy0], [t1].[CinemaId] AS [CinemaId0], [t1].[Address], [t1].[BannerUrl] AS [BannerUrl0], [t1].[CinemaName], [t1].[CityId], [t1].[ClosingTime], [t1].[CreatedAt] AS [CreatedAt3], [t1].[CreatedBy] AS [CreatedBy1], [t1].[DeletedAt] AS [DeletedAt1], [t1].[DeletedBy] AS [DeletedBy1], [t1].[Email] AS [Email0], [t1].[GalleryUrls], [t1].[GoogleMapsUrl], [t1].[ImageUrl], [t1].[IsDeleted] AS [IsDeleted1], [t1].[LastModifiedAt] AS [LastModifiedAt1], [t1].[LastModifiedBy] AS [LastModifiedBy1], [t1].[Latitude], [t1].[LogoUrl], [t1].[Longitude], [t1].[OpeningTime], [t1].[Phone], [t1].[Status] AS [Status0]
          FROM [Bookings] AS [b]
          INNER JOIN [Users] AS [u] ON [b].[UserId] = [u].[UserId]
          INNER JOIN [Showtimes] AS [s] ON [b].[ShowtimeId] = [s].[ShowtimeId]
          INNER JOIN (
              SELECT [m].[MovieId], [m].[AgeRatingId], [m].[BannerUrl], [m].[CreatedAt], [m].[CreatedBy], [m].[DeletedAt], [m].[DeletedBy], [m].[Description], [m].[DirectorId], [m].[Duration], [m].[EndDate], [m].[GenreId], [m].[IsDeleted], [m].[IsFeatured], [m].[Language], [m].[LastModifiedAt], [m].[LastModifiedBy], [m].[PosterUrl], [m].[Rating], [m].[ReleaseDate], [m].[Slug], [m].[Status], [m].[Title], [m].[TrailerUrl]
              FROM [Movies] AS [m]
              WHERE [m].[IsDeleted] = CAST(0 AS bit)
          ) AS [t] ON [s].[MovieId] = [t].[MovieId]
          INNER JOIN (
              SELECT [h].[HallId], [h].[Capacity], [h].[CinemaId], [h].[CreatedAt], [h].[CreatedBy], [h].[DeletedAt], [h].[DeletedBy], [h].[Description], [h].[HallName], [h].[HallTypeId], [h].[IsDeleted], [h].[LastModifiedAt], [h].[LastModifiedBy]
              FROM [Halls] AS [h]
              WHERE [h].[IsDeleted] = CAST(0 AS bit)
          ) AS [t0] ON [s].[HallId] = [t0].[HallId]
          INNER JOIN (
              SELECT [c].[CinemaId], [c].[Address], [c].[BannerUrl], [c].[CinemaName], [c].[CityId], [c].[ClosingTime], [c].[CreatedAt], [c].[CreatedBy], [c].[DeletedAt], [c].[DeletedBy], [c].[Email], [c].[GalleryUrls], [c].[GoogleMapsUrl], [c].[ImageUrl], [c].[IsDeleted], [c].[LastModifiedAt], [c].[LastModifiedBy], [c].[Latitude], [c].[LogoUrl], [c].[Longitude], [c].[OpeningTime], [c].[Phone], [c].[Status]
              FROM [Cinemas] AS [c]
              WHERE [c].[IsDeleted] = CAST(0 AS bit)
          ) AS [t1] ON [t0].[CinemaId] = [t1].[CinemaId]
          WHERE [b].[BookingId] = @__id_0
      ) AS [t2]
      LEFT JOIN (
          SELECT [b0].[BookingSeatId], [b0].[BookingId], [b0].[SeatId], [b0].[UnitPrice], [t4].[SeatId] AS [SeatId0], [t4].[CreatedAt], [t4].[CreatedBy], [t4].[DeletedAt], [t4].[DeletedBy], [t4].[HallId], [t4].[IsDeleted], [t4].[LastModifiedAt], [t4].[LastModifiedBy], [t4].[SeatCode], [t4].[SeatTypeId]
          FROM [BookingSeats] AS [b0]
          INNER JOIN (
              SELECT [s0].[SeatId], [s0].[CreatedAt], [s0].[CreatedBy], [s0].[DeletedAt], [s0].[DeletedBy], [s0].[HallId], [s0].[IsDeleted], [s0].[LastModifiedAt], [s0].[LastModifiedBy], [s0].[SeatCode], [s0].[SeatTypeId]
              FROM [Seats] AS [s0]
              WHERE [s0].[IsDeleted] = CAST(0 AS bit)
          ) AS [t4] ON [b0].[SeatId] = [t4].[SeatId]
      ) AS [t3] ON [t2].[BookingId] = [t3].[BookingId]
      ORDER BY [t2].[BookingId], [t2].[UserId0], [t2].[ShowtimeId0], [t2].[MovieId0], [t2].[HallId0], [t2].[CinemaId0], [t3].[BookingSeatId]
info: CinemaBooking.API.Middleware.RequestLoggingMiddleware[0]
      HTTP Request Finished. Status: 200, Duration: 17ms, CorrelationId: 3dc13a61-40ee-4e9f-bc65-69962e4ca810, TraceId: 0HNMALRM69NUT:00000004
info: CinemaBooking.API.Middleware.RequestLoggingMiddleware[0]
      HTTP Request Started. Method: OPTIONS, Path: /api/bookings/cancel, QueryString: , CorrelationId: 1d0d8249-96b7-4871-b325-314f0ef195a6
info: CinemaBooking.API.Middleware.RequestLoggingMiddleware[0]
      HTTP Request Finished. Status: 204, Duration: 0ms, CorrelationId: 1d0d8249-96b7-4871-b325-314f0ef195a6, TraceId: 0HNMALRM69NUT:00000005
info: CinemaBooking.API.Middleware.RequestLoggingMiddleware[0]
      HTTP Request Started. Method: POST, Path: /api/bookings/cancel, QueryString: , CorrelationId: c08b44ca-bb48-4606-a086-9d0768344dd8
info: CinemaBooking.API.Services.Implementations.BookingService[0]
      Cancelling Booking ID: 7
info: Microsoft.EntityFrameworkCore.Database.Command[20101]
      Executed DbCommand (6ms) [Parameters=[@__bookingId_0='?' (DbType = Int32)], CommandType='Text', CommandTimeout='30']
      SELECT [t].[BookingId], [t].[BookingCode], [t].[BookingStatus], [t].[CreatedAt], [t].[DiscountAmount], [t].[QRCodeUrl], [t].[RowVersion], [t].[ServiceFee], [t].[ShowtimeId], [t].[TotalAmount], [t].[UserId], [b0].[BookingSeatId], [b0].[BookingId], [b0].[SeatId], [b0].[UnitPrice]
      FROM (
          SELECT TOP(1) [b].[BookingId], [b].[BookingCode], [b].[BookingStatus], [b].[CreatedAt], [b].[DiscountAmount], [b].[QRCodeUrl], [b].[RowVersion], [b].[ServiceFee], [b].[ShowtimeId], [b].[TotalAmount], [b].[UserId]
          FROM [Bookings] AS [b]
          WHERE [b].[BookingId] = @__bookingId_0
      ) AS [t]
      LEFT JOIN [BookingSeats] AS [b0] ON [t].[BookingId] = [b0].[BookingId]
      ORDER BY [t].[BookingId]
info: CinemaBooking.API.Middleware.RequestLoggingMiddleware[0]
      HTTP Request Started. Method: OPTIONS, Path: /api/movies, QueryString: ?Status=nowshowing&PageSize=12, CorrelationId: ca260628-e961-4e0d-b052-fb70cbbc6c16
info: CinemaBooking.API.Middleware.RequestLoggingMiddleware[0]
      HTTP Request Finished. Status: 204, Duration: 0ms, CorrelationId: ca260628-e961-4e0d-b052-fb70cbbc6c16, TraceId: 0HNMALRM69NUU:00000001
info: CinemaBooking.API.Middleware.RequestLoggingMiddleware[0]
      HTTP Request Started. Method: OPTIONS, Path: /api/movies, QueryString: ?Status=nowshowing&PageSize=12, CorrelationId: 267594a5-781d-4a56-9411-a944e8b52dba
info: CinemaBooking.API.Middleware.RequestLoggingMiddleware[0]
      HTTP Request Finished. Status: 204, Duration: 0ms, CorrelationId: 267594a5-781d-4a56-9411-a944e8b52dba, TraceId: 0HNMALRM69NUU:00000002
info: CinemaBooking.API.Middleware.RequestLoggingMiddleware[0]
      HTTP Request Started. Method: GET, Path: /api/movies, QueryString: ?Status=nowshowing&PageSize=12, CorrelationId: 5c430586-1852-400e-9d5a-0242aa269c3d
info: CinemaBooking.API.Services.Implementations.MovieService[0]
      Retrieving paginated movies. Page: 1
info: Microsoft.EntityFrameworkCore.Database.Command[20101]
      Executed DbCommand (5ms) [Parameters=[@__bookingId_0='?' (DbType = Int32)], CommandType='Text', CommandTimeout='30']
      SELECT [p].[PaymentId], [p].[Amount], [p].[BookingId], [p].[PaymentDate], [p].[PaymentMethod], [p].[PaymentStatus]
      FROM [Payments] AS [p]
      WHERE [p].[BookingId] = @__bookingId_0
info: Microsoft.EntityFrameworkCore.Database.Command[20101]
      Executed DbCommand (5ms) [Parameters=[@__now_0='?' (DbType = DateTime2)], CommandType='Text', CommandTimeout='30']
      SELECT COUNT(*)
      FROM [Movies] AS [m]
      WHERE [m].[IsDeleted] = CAST(0 AS bit) AND [m].[IsDeleted] = CAST(0 AS bit) AND [m].[Status] <> N'Hidden' AND [m].[ReleaseDate] <= @__now_0 AND [m].[EndDate] >= @__now_0
info: Microsoft.EntityFrameworkCore.Database.Command[20101]
      Executed DbCommand (12ms) [Parameters=[@__now_0='?' (DbType = DateTime2), @__p_1='?' (DbType = Int32), @__p_2='?' (DbType = Int32)], CommandType='Text', CommandTimeout='30']
      SELECT [t].[MovieId], [t].[AgeRatingId], [t].[BannerUrl], [t].[CreatedAt], [t].[CreatedBy], [t].[DeletedAt], [t].[DeletedBy], [t].[Description], [t].[DirectorId], [t].[Duration], [t].[EndDate], [t].[GenreId], [t].[IsDeleted], [t].[IsFeatured], [t].[Language], [t].[LastModifiedAt], [t].[LastModifiedBy], [t].[PosterUrl], [t].[Rating], [t].[ReleaseDate], [t].[Slug], [t].[Status], [t].[Title], [t].[TrailerUrl], [g].[GenreId], [g].[CreatedAt], [g].[CreatedBy], [g].[DeletedAt], [g].[DeletedBy], [g].[Description], [g].[GenreName], [g].[IsDeleted], [g].[LastModifiedAt], [g].[LastModifiedBy], [d].[DirectorId], [d].[FullName]
      FROM (
          SELECT [m].[MovieId], [m].[AgeRatingId], [m].[BannerUrl], [m].[CreatedAt], [m].[CreatedBy], [m].[DeletedAt], [m].[DeletedBy], [m].[Description], [m].[DirectorId], [m].[Duration], [m].[EndDate], [m].[GenreId], [m].[IsDeleted], [m].[IsFeatured], [m].[Language], [m].[LastModifiedAt], [m].[LastModifiedBy], [m].[PosterUrl], [m].[Rating], [m].[ReleaseDate], [m].[Slug], [m].[Status], [m].[Title], [m].[TrailerUrl]
          FROM [Movies] AS [m]
          WHERE [m].[IsDeleted] = CAST(0 AS bit) AND [m].[IsDeleted] = CAST(0 AS bit) AND [m].[Status] <> N'Hidden' AND [m].[ReleaseDate] <= @__now_0 AND [m].[EndDate] >= @__now_0
          ORDER BY [m].[ReleaseDate] DESC
          OFFSET @__p_1 ROWS FETCH NEXT @__p_2 ROWS ONLY
      ) AS [t]
      INNER JOIN [Genres] AS [g] ON [t].[GenreId] = [g].[GenreId]
      LEFT JOIN [Directors] AS [d] ON [t].[DirectorId] = [d].[DirectorId]
      ORDER BY [t].[ReleaseDate] DESC, [t].[MovieId], [g].[GenreId], [d].[DirectorId]
info: Microsoft.EntityFrameworkCore.Database.Command[20101]
      Executed DbCommand (13ms) [Parameters=[@__now_0='?' (DbType = DateTime2), @__p_1='?' (DbType = Int32), @__p_2='?' (DbType = Int32)], CommandType='Text', CommandTimeout='30']
      SELECT [t0].[MovieFormatId], [t0].[CreatedAt], [t0].[CreatedBy], [t0].[DeletedAt], [t0].[DeletedBy], [t0].[Description], [t0].[FormatName], [t0].[IsDeleted], [t0].[LastModifiedAt], [t0].[LastModifiedBy], [t].[MovieId], [g].[GenreId], [d].[DirectorId]
      FROM (
          SELECT [m].[MovieId], [m].[DirectorId], [m].[GenreId], [m].[ReleaseDate]
          FROM [Movies] AS [m]
          WHERE [m].[IsDeleted] = CAST(0 AS bit) AND [m].[IsDeleted] = CAST(0 AS bit) AND [m].[Status] <> N'Hidden' AND [m].[ReleaseDate] <= @__now_0 AND [m].[EndDate] >= @__now_0
          ORDER BY [m].[ReleaseDate] DESC
          OFFSET @__p_1 ROWS FETCH NEXT @__p_2 ROWS ONLY
      ) AS [t]
      INNER JOIN [Genres] AS [g] ON [t].[GenreId] = [g].[GenreId]
      LEFT JOIN [Directors] AS [d] ON [t].[DirectorId] = [d].[DirectorId]
      INNER JOIN (
          SELECT [m1].[MovieFormatId], [m1].[CreatedAt], [m1].[CreatedBy], [m1].[DeletedAt], [m1].[DeletedBy], [m1].[Description], [m1].[FormatName], [m1].[IsDeleted], [m1].[LastModifiedAt], [m1].[LastModifiedBy], [m0].[MovieId]
          FROM [MovieMovieFormats] AS [m0]
          INNER JOIN [MovieFormats] AS [m1] ON [m0].[MovieFormatId] = [m1].[MovieFormatId]
      ) AS [t0] ON [t].[MovieId] = [t0].[MovieId]
      ORDER BY [t].[ReleaseDate] DESC, [t].[MovieId], [g].[GenreId], [d].[DirectorId]
info: CinemaBooking.API.Middleware.RequestLoggingMiddleware[0]
      HTTP Request Finished. Status: 200, Duration: 256ms, CorrelationId: 5c430586-1852-400e-9d5a-0242aa269c3d, TraceId: 0HNMALRM69NUV:00000001
info: CinemaBooking.API.Middleware.RequestLoggingMiddleware[0]
      HTTP Request Started. Method: GET, Path: /api/movies, QueryString: ?Status=nowshowing&PageSize=12, CorrelationId: a42cc4b8-8a80-4a9c-8e8b-546b9fe15bfa
warn: Microsoft.EntityFrameworkCore.Database.Transaction[30004]
      Savepoints are disabled because Multiple Active Result Sets (MARS) is enabled. If 'SaveChanges' fails, then the transaction cannot be automatically rolled back to a known clean state. Instead, the transaction should be rolled back by the application before retrying 'SaveChanges'. See https://go.microsoft.com/fwlink/?linkid=2149338 for more information and examples. To identify the code which triggers this warning, call 'ConfigureWarnings(w => w.Throw(SqlServerEventId.SavepointsDisabledBecauseOfMARS))'.
info: CinemaBooking.API.Middleware.RequestLoggingMiddleware[0]
      HTTP Request Started. Method: OPTIONS, Path: /api/movies, QueryString: ?Status=comingsoon&PageSize=12, CorrelationId: 11f17f12-4875-4215-b7a3-fe7d9cc3c61c
info: CinemaBooking.API.Middleware.RequestLoggingMiddleware[0]
      HTTP Request Finished. Status: 204, Duration: 0ms, CorrelationId: 11f17f12-4875-4215-b7a3-fe7d9cc3c61c, TraceId: 0HNMALRM69NUU:00000003
info: CinemaBooking.API.Services.Implementations.MovieService[0]
      Retrieving paginated movies. Page: 1
info: CinemaBooking.API.Middleware.RequestLoggingMiddleware[0]
      HTTP Request Started. Method: GET, Path: /api/movies, QueryString: ?Status=comingsoon&PageSize=12, CorrelationId: 5b67e7c2-09b8-4db7-9a5f-db2b213a21e0
info: Microsoft.EntityFrameworkCore.Database.Command[20101]
      Executed DbCommand (6ms) [Parameters=[@__now_0='?' (DbType = DateTime2)], CommandType='Text', CommandTimeout='30']
      SELECT COUNT(*)
      FROM [Movies] AS [m]
      WHERE [m].[IsDeleted] = CAST(0 AS bit) AND [m].[IsDeleted] = CAST(0 AS bit) AND [m].[Status] <> N'Hidden' AND [m].[ReleaseDate] <= @__now_0 AND [m].[EndDate] >= @__now_0
info: CinemaBooking.API.Services.Implementations.MovieService[0]
      Retrieving paginated movies. Page: 1
info: Microsoft.EntityFrameworkCore.Database.Command[20101]
      Executed DbCommand (10ms) [Parameters=[@__now_0='?' (DbType = DateTime2), @__p_1='?' (DbType = Int32), @__p_2='?' (DbType = Int32)], CommandType='Text', CommandTimeout='30']
      SELECT [t].[MovieId], [t].[AgeRatingId], [t].[BannerUrl], [t].[CreatedAt], [t].[CreatedBy], [t].[DeletedAt], [t].[DeletedBy], [t].[Description], [t].[DirectorId], [t].[Duration], [t].[EndDate], [t].[GenreId], [t].[IsDeleted], [t].[IsFeatured], [t].[Language], [t].[LastModifiedAt], [t].[LastModifiedBy], [t].[PosterUrl], [t].[Rating], [t].[ReleaseDate], [t].[Slug], [t].[Status], [t].[Title], [t].[TrailerUrl], [g].[GenreId], [g].[CreatedAt], [g].[CreatedBy], [g].[DeletedAt], [g].[DeletedBy], [g].[Description], [g].[GenreName], [g].[IsDeleted], [g].[LastModifiedAt], [g].[LastModifiedBy], [d].[DirectorId], [d].[FullName]
      FROM (
          SELECT [m].[MovieId], [m].[AgeRatingId], [m].[BannerUrl], [m].[CreatedAt], [m].[CreatedBy], [m].[DeletedAt], [m].[DeletedBy], [m].[Description], [m].[DirectorId], [m].[Duration], [m].[EndDate], [m].[GenreId], [m].[IsDeleted], [m].[IsFeatured], [m].[Language], [m].[LastModifiedAt], [m].[LastModifiedBy], [m].[PosterUrl], [m].[Rating], [m].[ReleaseDate], [m].[Slug], [m].[Status], [m].[Title], [m].[TrailerUrl]
          FROM [Movies] AS [m]
          WHERE [m].[IsDeleted] = CAST(0 AS bit) AND [m].[IsDeleted] = CAST(0 AS bit) AND [m].[Status] <> N'Hidden' AND [m].[ReleaseDate] <= @__now_0 AND [m].[EndDate] >= @__now_0
          ORDER BY [m].[ReleaseDate] DESC
          OFFSET @__p_1 ROWS FETCH NEXT @__p_2 ROWS ONLY
      ) AS [t]
      INNER JOIN [Genres] AS [g] ON [t].[GenreId] = [g].[GenreId]
      LEFT JOIN [Directors] AS [d] ON [t].[DirectorId] = [d].[DirectorId]
      ORDER BY [t].[ReleaseDate] DESC, [t].[MovieId], [g].[GenreId], [d].[DirectorId]
info: Microsoft.EntityFrameworkCore.Database.Command[20101]
      Executed DbCommand (13ms) [Parameters=[@p9='?' (DbType = Int32), @p0='?' (Size = 50), @p1='?' (Size = 4000), @p2='?' (DbType = DateTime2), @p3='?' (Precision = 18) (Scale = 2) (DbType = Decimal), @p4='?' (Size = 500), @p10='?' (Size = 8) (DbType = Binary), @p5='?' (Precision = 18) (Scale = 2) (DbType = Decimal), @p6='?' (DbType = Int32), @p7='?' (Precision = 18) (Scale = 2) (DbType = Decimal), @p8='?' (DbType = Int32), @p16='?' (DbType = Int32), @p11='?' (Precision = 18) (Scale = 2) (DbType = Decimal), @p12='?' (DbType = Int32), @p13='?' (DbType = DateTime2), @p14='?' (Size = 4000), @p15='?' (Size = 4000)], CommandType='Text', CommandTimeout='30']
      SET NOCOUNT ON;
      UPDATE [Bookings] SET [BookingCode] = @p0, [BookingStatus] = @p1, [CreatedAt] = @p2, [DiscountAmount] = @p3, [QRCodeUrl] = @p4, [ServiceFee] = @p5, [ShowtimeId] = @p6, [TotalAmount] = @p7, [UserId] = @p8
      OUTPUT INSERTED.[RowVersion]
      WHERE [BookingId] = @p9 AND [RowVersion] = @p10;
      UPDATE [Payments] SET [Amount] = @p11, [BookingId] = @p12, [PaymentDate] = @p13, [PaymentMethod] = @p14, [PaymentStatus] = @p15
      OUTPUT 1
      WHERE [PaymentId] = @p16;
info: Microsoft.EntityFrameworkCore.Database.Command[20101]
      Executed DbCommand (9ms) [Parameters=[@__now_0='?' (DbType = DateTime2), @__p_1='?' (DbType = Int32), @__p_2='?' (DbType = Int32)], CommandType='Text', CommandTimeout='30']
      SELECT [t0].[MovieFormatId], [t0].[CreatedAt], [t0].[CreatedBy], [t0].[DeletedAt], [t0].[DeletedBy], [t0].[Description], [t0].[FormatName], [t0].[IsDeleted], [t0].[LastModifiedAt], [t0].[LastModifiedBy], [t].[MovieId], [g].[GenreId], [d].[DirectorId]
      FROM (
          SELECT [m].[MovieId], [m].[DirectorId], [m].[GenreId], [m].[ReleaseDate]
          FROM [Movies] AS [m]
          WHERE [m].[IsDeleted] = CAST(0 AS bit) AND [m].[IsDeleted] = CAST(0 AS bit) AND [m].[Status] <> N'Hidden' AND [m].[ReleaseDate] <= @__now_0 AND [m].[EndDate] >= @__now_0
          ORDER BY [m].[ReleaseDate] DESC
          OFFSET @__p_1 ROWS FETCH NEXT @__p_2 ROWS ONLY
      ) AS [t]
      INNER JOIN [Genres] AS [g] ON [t].[GenreId] = [g].[GenreId]
      LEFT JOIN [Directors] AS [d] ON [t].[DirectorId] = [d].[DirectorId]
      INNER JOIN (
          SELECT [m1].[MovieFormatId], [m1].[CreatedAt], [m1].[CreatedBy], [m1].[DeletedAt], [m1].[DeletedBy], [m1].[Description], [m1].[FormatName], [m1].[IsDeleted], [m1].[LastModifiedAt], [m1].[LastModifiedBy], [m0].[MovieId]
          FROM [MovieMovieFormats] AS [m0]
          INNER JOIN [MovieFormats] AS [m1] ON [m0].[MovieFormatId] = [m1].[MovieFormatId]
      ) AS [t0] ON [t].[MovieId] = [t0].[MovieId]
      ORDER BY [t].[ReleaseDate] DESC, [t].[MovieId], [g].[GenreId], [d].[DirectorId]
info: CinemaBooking.API.Middleware.RequestLoggingMiddleware[0]
      HTTP Request Finished. Status: 200, Duration: 34ms, CorrelationId: a42cc4b8-8a80-4a9c-8e8b-546b9fe15bfa, TraceId: 0HNMALRM69NUV:00000002
info: Microsoft.EntityFrameworkCore.Database.Command[20101]
      Executed DbCommand (3ms) [Parameters=[@__now_0='?' (DbType = DateTime2)], CommandType='Text', CommandTimeout='30']
      SELECT COUNT(*)
      FROM [Movies] AS [m]
      WHERE [m].[IsDeleted] = CAST(0 AS bit) AND [m].[IsDeleted] = CAST(0 AS bit) AND [m].[Status] <> N'Hidden' AND [m].[ReleaseDate] > @__now_0
info: Microsoft.EntityFrameworkCore.Database.Command[20101]
      Executed DbCommand (7ms) [Parameters=[@__now_0='?' (DbType = DateTime2), @__p_1='?' (DbType = Int32), @__p_2='?' (DbType = Int32)], CommandType='Text', CommandTimeout='30']
      SELECT [t].[MovieId], [t].[AgeRatingId], [t].[BannerUrl], [t].[CreatedAt], [t].[CreatedBy], [t].[DeletedAt], [t].[DeletedBy], [t].[Description], [t].[DirectorId], [t].[Duration], [t].[EndDate], [t].[GenreId], [t].[IsDeleted], [t].[IsFeatured], [t].[Language], [t].[LastModifiedAt], [t].[LastModifiedBy], [t].[PosterUrl], [t].[Rating], [t].[ReleaseDate], [t].[Slug], [t].[Status], [t].[Title], [t].[TrailerUrl], [g].[GenreId], [g].[CreatedAt], [g].[CreatedBy], [g].[DeletedAt], [g].[DeletedBy], [g].[Description], [g].[GenreName], [g].[IsDeleted], [g].[LastModifiedAt], [g].[LastModifiedBy], [d].[DirectorId], [d].[FullName]
      FROM (
          SELECT [m].[MovieId], [m].[AgeRatingId], [m].[BannerUrl], [m].[CreatedAt], [m].[CreatedBy], [m].[DeletedAt], [m].[DeletedBy], [m].[Description], [m].[DirectorId], [m].[Duration], [m].[EndDate], [m].[GenreId], [m].[IsDeleted], [m].[IsFeatured], [m].[Language], [m].[LastModifiedAt], [m].[LastModifiedBy], [m].[PosterUrl], [m].[Rating], [m].[ReleaseDate], [m].[Slug], [m].[Status], [m].[Title], [m].[TrailerUrl]
          FROM [Movies] AS [m]
          WHERE [m].[IsDeleted] = CAST(0 AS bit) AND [m].[IsDeleted] = CAST(0 AS bit) AND [m].[Status] <> N'Hidden' AND [m].[ReleaseDate] > @__now_0
          ORDER BY [m].[ReleaseDate] DESC
          OFFSET @__p_1 ROWS FETCH NEXT @__p_2 ROWS ONLY
      ) AS [t]
      INNER JOIN [Genres] AS [g] ON [t].[GenreId] = [g].[GenreId]
      LEFT JOIN [Directors] AS [d] ON [t].[DirectorId] = [d].[DirectorId]
      ORDER BY [t].[ReleaseDate] DESC, [t].[MovieId], [g].[GenreId], [d].[DirectorId]
info: CinemaBooking.API.Middleware.RequestLoggingMiddleware[0]
      HTTP Request Finished. Status: 200, Duration: 59ms, CorrelationId: 5b67e7c2-09b8-4db7-9a5f-db2b213a21e0, TraceId: 0HNMALRM69NUU:00000004
info: CinemaBooking.API.Middleware.RequestLoggingMiddleware[0]
      HTTP Request Started. Method: GET, Path: /api/movies, QueryString: ?Status=comingsoon&PageSize=12, CorrelationId: b11a3c13-29fb-4d4d-a8ef-40bc56aa08d7
info: CinemaBooking.API.Services.Implementations.MovieService[0]
      Retrieving paginated movies. Page: 1
info: CinemaBooking.API.Services.Implementations.SeatLockService[0]
      Unlocking multiple seats 5530 for Showtime 4175 User 1025 Session  (Force: True)
info: Microsoft.EntityFrameworkCore.Database.Command[20101]
      Executed DbCommand (6ms) [Parameters=[@__p_0='?' (DbType = Int32)], CommandType='Text', CommandTimeout='30']
      SELECT TOP(@__p_0) [o].[Id], [o].[Error], [o].[EventName], [o].[OccurredOn], [o].[Payload], [o].[ProcessedOn]
      FROM [OutboxEvents] AS [o]
      WHERE [o].[ProcessedOn] IS NULL
      ORDER BY [o].[OccurredOn]
info: CinemaBooking.API.Middleware.RequestLoggingMiddleware[0]
      HTTP Request Started. Method: OPTIONS, Path: /api/movies, QueryString: ?Status=special&PageSize=12, CorrelationId: 68141c12-0aeb-4401-afbb-e2d87c1c591e
info: CinemaBooking.API.Middleware.RequestLoggingMiddleware[0]
      HTTP Request Finished. Status: 204, Duration: 0ms, CorrelationId: 68141c12-0aeb-4401-afbb-e2d87c1c591e, TraceId: 0HNMALRM69NUV:00000003
info: CinemaBooking.API.Services.Implementations.SeatLockService[0]
      Releasing lock on Showtime 4175, Seat 5530 for User 1025 Session  (Force: True)
info: Microsoft.EntityFrameworkCore.Database.Command[20101]
      Executed DbCommand (5ms) [Parameters=[@__now_0='?' (DbType = DateTime2)], CommandType='Text', CommandTimeout='30']
      SELECT COUNT(*)
      FROM [Movies] AS [m]
      WHERE [m].[IsDeleted] = CAST(0 AS bit) AND [m].[IsDeleted] = CAST(0 AS bit) AND [m].[Status] <> N'Hidden' AND [m].[ReleaseDate] > @__now_0
info: CinemaBooking.API.Middleware.RequestLoggingMiddleware[0]
      HTTP Request Started. Method: GET, Path: /api/movies, QueryString: ?Status=special&PageSize=12, CorrelationId: 68fb901b-50c3-4fe1-a745-7166ed07a4cf
info: CinemaBooking.API.Services.Implementations.MovieService[0]
      Retrieving paginated movies. Page: 1
info: Microsoft.EntityFrameworkCore.Database.Command[20101]
      Executed DbCommand (8ms) [Parameters=[@__now_0='?' (DbType = DateTime2), @__p_1='?' (DbType = Int32), @__p_2='?' (DbType = Int32)], CommandType='Text', CommandTimeout='30']
      SELECT [t].[MovieId], [t].[AgeRatingId], [t].[BannerUrl], [t].[CreatedAt], [t].[CreatedBy], [t].[DeletedAt], [t].[DeletedBy], [t].[Description], [t].[DirectorId], [t].[Duration], [t].[EndDate], [t].[GenreId], [t].[IsDeleted], [t].[IsFeatured], [t].[Language], [t].[LastModifiedAt], [t].[LastModifiedBy], [t].[PosterUrl], [t].[Rating], [t].[ReleaseDate], [t].[Slug], [t].[Status], [t].[Title], [t].[TrailerUrl], [g].[GenreId], [g].[CreatedAt], [g].[CreatedBy], [g].[DeletedAt], [g].[DeletedBy], [g].[Description], [g].[GenreName], [g].[IsDeleted], [g].[LastModifiedAt], [g].[LastModifiedBy], [d].[DirectorId], [d].[FullName]
      FROM (
          SELECT [m].[MovieId], [m].[AgeRatingId], [m].[BannerUrl], [m].[CreatedAt], [m].[CreatedBy], [m].[DeletedAt], [m].[DeletedBy], [m].[Description], [m].[DirectorId], [m].[Duration], [m].[EndDate], [m].[GenreId], [m].[IsDeleted], [m].[IsFeatured], [m].[Language], [m].[LastModifiedAt], [m].[LastModifiedBy], [m].[PosterUrl], [m].[Rating], [m].[ReleaseDate], [m].[Slug], [m].[Status], [m].[Title], [m].[TrailerUrl]
          FROM [Movies] AS [m]
          WHERE [m].[IsDeleted] = CAST(0 AS bit) AND [m].[IsDeleted] = CAST(0 AS bit) AND [m].[Status] <> N'Hidden' AND [m].[ReleaseDate] > @__now_0
          ORDER BY [m].[ReleaseDate] DESC
          OFFSET @__p_1 ROWS FETCH NEXT @__p_2 ROWS ONLY
      ) AS [t]
      INNER JOIN [Genres] AS [g] ON [t].[GenreId] = [g].[GenreId]
      LEFT JOIN [Directors] AS [d] ON [t].[DirectorId] = [d].[DirectorId]
      ORDER BY [t].[ReleaseDate] DESC, [t].[MovieId], [g].[GenreId], [d].[DirectorId]
info: CinemaBooking.API.Middleware.RequestLoggingMiddleware[0]
      HTTP Request Finished. Status: 200, Duration: 19ms, CorrelationId: b11a3c13-29fb-4d4d-a8ef-40bc56aa08d7, TraceId: 0HNMALRM69NUU:00000005
info: CinemaBooking.API.Middleware.RequestLoggingMiddleware[0]
      HTTP Request Finished. Status: 200, Duration: 448ms, CorrelationId: c08b44ca-bb48-4606-a086-9d0768344dd8, TraceId: 0HNMALRM69NUT:00000006
info: Microsoft.EntityFrameworkCore.Database.Command[20101]
      Executed DbCommand (7ms) [Parameters=[@__now_0='?' (DbType = DateTime2)], CommandType='Text', CommandTimeout='30']
      SELECT COUNT(*)
      FROM [Movies] AS [m]
      WHERE [m].[IsDeleted] = CAST(0 AS bit) AND [m].[IsDeleted] = CAST(0 AS bit) AND [m].[ReleaseDate] > @__now_0 AND EXISTS (
          SELECT 1
          FROM [Showtimes] AS [s]
          WHERE [m].[MovieId] = [s].[MovieId] AND [s].[StartTime] >= @__now_0)
info: Microsoft.EntityFrameworkCore.Database.Command[20101]
      Executed DbCommand (10ms) [Parameters=[@__now_0='?' (DbType = DateTime2), @__p_1='?' (DbType = Int32), @__p_2='?' (DbType = Int32)], CommandType='Text', CommandTimeout='30']
      SELECT [t].[MovieId], [t].[AgeRatingId], [t].[BannerUrl], [t].[CreatedAt], [t].[CreatedBy], [t].[DeletedAt], [t].[DeletedBy], [t].[Description], [t].[DirectorId], [t].[Duration], [t].[EndDate], [t].[GenreId], [t].[IsDeleted], [t].[IsFeatured], [t].[Language], [t].[LastModifiedAt], [t].[LastModifiedBy], [t].[PosterUrl], [t].[Rating], [t].[ReleaseDate], [t].[Slug], [t].[Status], [t].[Title], [t].[TrailerUrl], [g].[GenreId], [g].[CreatedAt], [g].[CreatedBy], [g].[DeletedAt], [g].[DeletedBy], [g].[Description], [g].[GenreName], [g].[IsDeleted], [g].[LastModifiedAt], [g].[LastModifiedBy], [d].[DirectorId], [d].[FullName]
      FROM (
          SELECT [m].[MovieId], [m].[AgeRatingId], [m].[BannerUrl], [m].[CreatedAt], [m].[CreatedBy], [m].[DeletedAt], [m].[DeletedBy], [m].[Description], [m].[DirectorId], [m].[Duration], [m].[EndDate], [m].[GenreId], [m].[IsDeleted], [m].[IsFeatured], [m].[Language], [m].[LastModifiedAt], [m].[LastModifiedBy], [m].[PosterUrl], [m].[Rating], [m].[ReleaseDate], [m].[Slug], [m].[Status], [m].[Title], [m].[TrailerUrl]
          FROM [Movies] AS [m]
          WHERE [m].[IsDeleted] = CAST(0 AS bit) AND [m].[IsDeleted] = CAST(0 AS bit) AND [m].[ReleaseDate] > @__now_0 AND EXISTS (
              SELECT 1
              FROM [Showtimes] AS [s]
              WHERE [m].[MovieId] = [s].[MovieId] AND [s].[StartTime] >= @__now_0)
          ORDER BY [m].[ReleaseDate] DESC
          OFFSET @__p_1 ROWS FETCH NEXT @__p_2 ROWS ONLY
      ) AS [t]
      INNER JOIN [Genres] AS [g] ON [t].[GenreId] = [g].[GenreId]
      LEFT JOIN [Directors] AS [d] ON [t].[DirectorId] = [d].[DirectorId]
      ORDER BY [t].[ReleaseDate] DESC, [t].[MovieId], [g].[GenreId], [d].[DirectorId]
info: CinemaBooking.API.Middleware.RequestLoggingMiddleware[0]
      HTTP Request Finished. Status: 200, Duration: 90ms, CorrelationId: 68fb901b-50c3-4fe1-a745-7166ed07a4cf, TraceId: 0HNMALRM69NUV:00000004
info: CinemaBooking.API.Middleware.RequestLoggingMiddleware[0]
      HTTP Request Started. Method: GET, Path: /api/movies, QueryString: ?Status=special&PageSize=12, CorrelationId: 73b819fc-1f21-4862-b8aa-03dd0b148748
info: CinemaBooking.API.Services.Implementations.MovieService[0]
      Retrieving paginated movies. Page: 1
info: CinemaBooking.API.Middleware.RequestLoggingMiddleware[0]
      HTTP Request Started. Method: OPTIONS, Path: /api/cinemas, QueryString: ?PageSize=50, CorrelationId: 7b80da88-0757-4130-ae02-c928679c4d29
info: CinemaBooking.API.Middleware.RequestLoggingMiddleware[0]
      HTTP Request Finished. Status: 204, Duration: 0ms, CorrelationId: 7b80da88-0757-4130-ae02-c928679c4d29, TraceId: 0HNMALRM69NUV:00000005
info: CinemaBooking.API.Middleware.RequestLoggingMiddleware[0]
      HTTP Request Started. Method: GET, Path: /api/cinemas, QueryString: ?PageSize=50, CorrelationId: f9d0d2d8-5ca0-40a2-ac5a-7c3c834fe649
info: Microsoft.EntityFrameworkCore.Database.Command[20101]
      Executed DbCommand (9ms) [Parameters=[@__now_0='?' (DbType = DateTime2)], CommandType='Text', CommandTimeout='30']
      SELECT COUNT(*)
      FROM [Movies] AS [m]
      WHERE [m].[IsDeleted] = CAST(0 AS bit) AND [m].[IsDeleted] = CAST(0 AS bit) AND [m].[ReleaseDate] > @__now_0 AND EXISTS (
          SELECT 1
          FROM [Showtimes] AS [s]
          WHERE [m].[MovieId] = [s].[MovieId] AND [s].[StartTime] >= @__now_0)
info: Microsoft.EntityFrameworkCore.Database.Command[20101]
      Executed DbCommand (1ms) [Parameters=[@__now_0='?' (DbType = DateTime2), @__p_1='?' (DbType = Int32), @__p_2='?' (DbType = Int32)], CommandType='Text', CommandTimeout='30']
      SELECT [t].[MovieId], [t].[AgeRatingId], [t].[BannerUrl], [t].[CreatedAt], [t].[CreatedBy], [t].[DeletedAt], [t].[DeletedBy], [t].[Description], [t].[DirectorId], [t].[Duration], [t].[EndDate], [t].[GenreId], [t].[IsDeleted], [t].[IsFeatured], [t].[Language], [t].[LastModifiedAt], [t].[LastModifiedBy], [t].[PosterUrl], [t].[Rating], [t].[ReleaseDate], [t].[Slug], [t].[Status], [t].[Title], [t].[TrailerUrl], [g].[GenreId], [g].[CreatedAt], [g].[CreatedBy], [g].[DeletedAt], [g].[DeletedBy], [g].[Description], [g].[GenreName], [g].[IsDeleted], [g].[LastModifiedAt], [g].[LastModifiedBy], [d].[DirectorId], [d].[FullName]
      FROM (
          SELECT [m].[MovieId], [m].[AgeRatingId], [m].[BannerUrl], [m].[CreatedAt], [m].[CreatedBy], [m].[DeletedAt], [m].[DeletedBy], [m].[Description], [m].[DirectorId], [m].[Duration], [m].[EndDate], [m].[GenreId], [m].[IsDeleted], [m].[IsFeatured], [m].[Language], [m].[LastModifiedAt], [m].[LastModifiedBy], [m].[PosterUrl], [m].[Rating], [m].[ReleaseDate], [m].[Slug], [m].[Status], [m].[Title], [m].[TrailerUrl]
          FROM [Movies] AS [m]
          WHERE [m].[IsDeleted] = CAST(0 AS bit) AND [m].[IsDeleted] = CAST(0 AS bit) AND [m].[ReleaseDate] > @__now_0 AND EXISTS (
              SELECT 1
              FROM [Showtimes] AS [s]
              WHERE [m].[MovieId] = [s].[MovieId] AND [s].[StartTime] >= @__now_0)
          ORDER BY [m].[ReleaseDate] DESC
          OFFSET @__p_1 ROWS FETCH NEXT @__p_2 ROWS ONLY
      ) AS [t]
      INNER JOIN [Genres] AS [g] ON [t].[GenreId] = [g].[GenreId]
      LEFT JOIN [Directors] AS [d] ON [t].[DirectorId] = [d].[DirectorId]
      ORDER BY [t].[ReleaseDate] DESC, [t].[MovieId], [g].[GenreId], [d].[DirectorId]
info: CinemaBooking.API.Middleware.RequestLoggingMiddleware[0]
      HTTP Request Finished. Status: 200, Duration: 13ms, CorrelationId: 73b819fc-1f21-4862-b8aa-03dd0b148748, TraceId: 0HNMALRM69NUU:00000006
info: Microsoft.EntityFrameworkCore.Database.Command[20101]
      Executed DbCommand (4ms) [Parameters=[], CommandType='Text', CommandTimeout='30']
      SELECT COUNT(*)
      FROM [Cinemas] AS [c]
      WHERE [c].[IsDeleted] = CAST(0 AS bit)
warn: Microsoft.EntityFrameworkCore.Query[20504]
      Compiling a query which loads related collections for more than one collection navigation, either via 'Include' or through projection, but no 'QuerySplittingBehavior' has been configured. By default, Entity Framework will use 'QuerySplittingBehavior.SingleQuery', which can potentially result in slow query performance. See https://go.microsoft.com/fwlink/?linkid=2134277 for more information. To identify the query that's triggering this warning call 'ConfigureWarnings(w => w.Throw(RelationalEventId.MultipleCollectionIncludeWarning))'.
info: Microsoft.EntityFrameworkCore.Database.Command[20101]
      Executed DbCommand (13ms) [Parameters=[@__p_0='?' (DbType = Int32), @__p_1='?' (DbType = Int32)], CommandType='Text', CommandTimeout='30']
      SELECT [t].[CinemaId], [t].[Address], [t].[BannerUrl], [t].[CinemaName], [t].[CityId], [t].[ClosingTime], [t].[CreatedAt], [t].[CreatedBy], [t].[DeletedAt], [t].[DeletedBy], [t].[Email], [t].[GalleryUrls], [t].[GoogleMapsUrl], [t].[ImageUrl], [t].[IsDeleted], [t].[LastModifiedAt], [t].[LastModifiedBy], [t].[Latitude], [t].[LogoUrl], [t].[Longitude], [t].[OpeningTime], [t].[Phone], [t].[Status], [c0].[CityId], [c0].[CityName], [t0].[HallId], [t0].[Capacity], [t0].[CinemaId], [t0].[CreatedAt], [t0].[CreatedBy], [t0].[DeletedAt], [t0].[DeletedBy], [t0].[Description], [t0].[HallName], [t0].[HallTypeId], [t0].[IsDeleted], [t0].[LastModifiedAt], [t0].[LastModifiedBy], [t0].[SeatId], [t0].[CreatedAt0], [t0].[CreatedBy0], [t0].[DeletedAt0], [t0].[DeletedBy0], [t0].[HallId0], [t0].[IsDeleted0], [t0].[LastModifiedAt0], [t0].[LastModifiedBy0], [t0].[SeatCode], [t0].[SeatTypeId]
      FROM (
          SELECT [c].[CinemaId], [c].[Address], [c].[BannerUrl], [c].[CinemaName], [c].[CityId], [c].[ClosingTime], [c].[CreatedAt], [c].[CreatedBy], [c].[DeletedAt], [c].[DeletedBy], [c].[Email], [c].[GalleryUrls], [c].[GoogleMapsUrl], [c].[ImageUrl], [c].[IsDeleted], [c].[LastModifiedAt], [c].[LastModifiedBy], [c].[Latitude], [c].[LogoUrl], [c].[Longitude], [c].[OpeningTime], [c].[Phone], [c].[Status]
          FROM [Cinemas] AS [c]
          WHERE [c].[IsDeleted] = CAST(0 AS bit)
          ORDER BY [c].[CinemaId] DESC
          OFFSET @__p_0 ROWS FETCH NEXT @__p_1 ROWS ONLY
      ) AS [t]
      INNER JOIN [Cities] AS [c0] ON [t].[CityId] = [c0].[CityId]
      LEFT JOIN (
          SELECT [h].[HallId], [h].[Capacity], [h].[CinemaId], [h].[CreatedAt], [h].[CreatedBy], [h].[DeletedAt], [h].[DeletedBy], [h].[Description], [h].[HallName], [h].[HallTypeId], [h].[IsDeleted], [h].[LastModifiedAt], [h].[LastModifiedBy], [t1].[SeatId], [t1].[CreatedAt] AS [CreatedAt0], [t1].[CreatedBy] AS [CreatedBy0], [t1].[DeletedAt] AS [DeletedAt0], [t1].[DeletedBy] AS [DeletedBy0], [t1].[HallId] AS [HallId0], [t1].[IsDeleted] AS [IsDeleted0], [t1].[LastModifiedAt] AS [LastModifiedAt0], [t1].[LastModifiedBy] AS [LastModifiedBy0], [t1].[SeatCode], [t1].[SeatTypeId]
          FROM [Halls] AS [h]
          LEFT JOIN (
              SELECT [s].[SeatId], [s].[CreatedAt], [s].[CreatedBy], [s].[DeletedAt], [s].[DeletedBy], [s].[HallId], [s].[IsDeleted], [s].[LastModifiedAt], [s].[LastModifiedBy], [s].[SeatCode], [s].[SeatTypeId]
              FROM [Seats] AS [s]
              WHERE [s].[IsDeleted] = CAST(0 AS bit)
          ) AS [t1] ON [h].[HallId] = [t1].[HallId]
          WHERE [h].[IsDeleted] = CAST(0 AS bit)
      ) AS [t0] ON [t].[CinemaId] = [t0].[CinemaId]
      ORDER BY [t].[CinemaId] DESC, [c0].[CityId], [t0].[HallId]
info: CinemaBooking.API.Middleware.RequestLoggingMiddleware[0]
      HTTP Request Finished. Status: 200, Duration: 259ms, CorrelationId: f9d0d2d8-5ca0-40a2-ac5a-7c3c834fe649, TraceId: 0HNMALRM69NUV:00000006
info: CinemaBooking.API.Middleware.RequestLoggingMiddleware[0]
      HTTP Request Started. Method: GET, Path: /api/cinemas, QueryString: ?PageSize=50, CorrelationId: 645b8132-47cc-4d89-90da-a749040bb259
info: Microsoft.EntityFrameworkCore.Database.Command[20101]
      Executed DbCommand (4ms) [Parameters=[], CommandType='Text', CommandTimeout='30']
      SELECT COUNT(*)
      FROM [Cinemas] AS [c]
      WHERE [c].[IsDeleted] = CAST(0 AS bit)
info: Microsoft.EntityFrameworkCore.Database.Command[20101]
      Executed DbCommand (1ms) [Parameters=[@__p_0='?' (DbType = Int32), @__p_1='?' (DbType = Int32)], CommandType='Text', CommandTimeout='30']
      SELECT [t].[CinemaId], [t].[Address], [t].[BannerUrl], [t].[CinemaName], [t].[CityId], [t].[ClosingTime], [t].[CreatedAt], [t].[CreatedBy], [t].[DeletedAt], [t].[DeletedBy], [t].[Email], [t].[GalleryUrls], [t].[GoogleMapsUrl], [t].[ImageUrl], [t].[IsDeleted], [t].[LastModifiedAt], [t].[LastModifiedBy], [t].[Latitude], [t].[LogoUrl], [t].[Longitude], [t].[OpeningTime], [t].[Phone], [t].[Status], [c0].[CityId], [c0].[CityName], [t0].[HallId], [t0].[Capacity], [t0].[CinemaId], [t0].[CreatedAt], [t0].[CreatedBy], [t0].[DeletedAt], [t0].[DeletedBy], [t0].[Description], [t0].[HallName], [t0].[HallTypeId], [t0].[IsDeleted], [t0].[LastModifiedAt], [t0].[LastModifiedBy], [t0].[SeatId], [t0].[CreatedAt0], [t0].[CreatedBy0], [t0].[DeletedAt0], [t0].[DeletedBy0], [t0].[HallId0], [t0].[IsDeleted0], [t0].[LastModifiedAt0], [t0].[LastModifiedBy0], [t0].[SeatCode], [t0].[SeatTypeId]
      FROM (
          SELECT [c].[CinemaId], [c].[Address], [c].[BannerUrl], [c].[CinemaName], [c].[CityId], [c].[ClosingTime], [c].[CreatedAt], [c].[CreatedBy], [c].[DeletedAt], [c].[DeletedBy], [c].[Email], [c].[GalleryUrls], [c].[GoogleMapsUrl], [c].[ImageUrl], [c].[IsDeleted], [c].[LastModifiedAt], [c].[LastModifiedBy], [c].[Latitude], [c].[LogoUrl], [c].[Longitude], [c].[OpeningTime], [c].[Phone], [c].[Status]
          FROM [Cinemas] AS [c]
          WHERE [c].[IsDeleted] = CAST(0 AS bit)
          ORDER BY [c].[CinemaId] DESC
          OFFSET @__p_0 ROWS FETCH NEXT @__p_1 ROWS ONLY
      ) AS [t]
      INNER JOIN [Cities] AS [c0] ON [t].[CityId] = [c0].[CityId]
      LEFT JOIN (
          SELECT [h].[HallId], [h].[Capacity], [h].[CinemaId], [h].[CreatedAt], [h].[CreatedBy], [h].[DeletedAt], [h].[DeletedBy], [h].[Description], [h].[HallName], [h].[HallTypeId], [h].[IsDeleted], [h].[LastModifiedAt], [h].[LastModifiedBy], [t1].[SeatId], [t1].[CreatedAt] AS [CreatedAt0], [t1].[CreatedBy] AS [CreatedBy0], [t1].[DeletedAt] AS [DeletedAt0], [t1].[DeletedBy] AS [DeletedBy0], [t1].[HallId] AS [HallId0], [t1].[IsDeleted] AS [IsDeleted0], [t1].[LastModifiedAt] AS [LastModifiedAt0], [t1].[LastModifiedBy] AS [LastModifiedBy0], [t1].[SeatCode], [t1].[SeatTypeId]
          FROM [Halls] AS [h]
          LEFT JOIN (
              SELECT [s].[SeatId], [s].[CreatedAt], [s].[CreatedBy], [s].[DeletedAt], [s].[DeletedBy], [s].[HallId], [s].[IsDeleted], [s].[LastModifiedAt], [s].[LastModifiedBy], [s].[SeatCode], [s].[SeatTypeId]
              FROM [Seats] AS [s]
              WHERE [s].[IsDeleted] = CAST(0 AS bit)
          ) AS [t1] ON [h].[HallId] = [t1].[HallId]
          WHERE [h].[IsDeleted] = CAST(0 AS bit)
      ) AS [t0] ON [t].[CinemaId] = [t0].[CinemaId]
      ORDER BY [t].[CinemaId] DESC, [c0].[CityId], [t0].[HallId]
info: CinemaBooking.API.Middleware.RequestLoggingMiddleware[0]
      HTTP Request Finished. Status: 200, Duration: 19ms, CorrelationId: 645b8132-47cc-4d89-90da-a749040bb259, TraceId: 0HNMALRM69NUV:00000007
info: Microsoft.EntityFrameworkCore.Database.Command[20101]
      Executed DbCommand (5ms) [Parameters=[@__p_0='?' (DbType = Int32)], CommandType='Text', CommandTimeout='30']
      SELECT TOP(@__p_0) [o].[Id], [o].[Error], [o].[EventName], [o].[OccurredOn], [o].[Payload], [o].[ProcessedOn]
      FROM [OutboxEvents] AS [o]
      WHERE [o].[ProcessedOn] IS NULL
      ORDER BY [o].[OccurredOn]
info: Microsoft.EntityFrameworkCore.Database.Command[20101]
      Executed DbCommand (1ms) [Parameters=[@__p_0='?' (DbType = Int32)], CommandType='Text', CommandTimeout='30']
      SELECT TOP(@__p_0) [o].[Id], [o].[Error], [o].[EventName], [o].[OccurredOn], [o].[Payload], [o].[ProcessedOn]
      FROM [OutboxEvents] AS [o]
      WHERE [o].[ProcessedOn] IS NULL
      ORDER BY [o].[OccurredOn]
info: Microsoft.EntityFrameworkCore.Database.Command[20101]
      Executed DbCommand (1ms) [Parameters=[@__p_0='?' (DbType = Int32)], CommandType='Text', CommandTimeout='30']
      SELECT TOP(@__p_0) [o].[Id], [o].[Error], [o].[EventName], [o].[OccurredOn], [o].[Payload], [o].[ProcessedOn]
      FROM [OutboxEvents] AS [o]
      WHERE [o].[ProcessedOn] IS NULL
      ORDER BY [o].[OccurredOn]
info: Microsoft.EntityFrameworkCore.Database.Command[20101]
      Executed DbCommand (1ms) [Parameters=[@__p_0='?' (DbType = Int32)], CommandType='Text', CommandTimeout='30']
      SELECT TOP(@__p_0) [o].[Id], [o].[Error], [o].[EventName], [o].[OccurredOn], [o].[Payload], [o].[ProcessedOn]
      FROM [OutboxEvents] AS [o]
      WHERE [o].[ProcessedOn] IS NULL
      ORDER BY [o].[OccurredOn]
info: Microsoft.EntityFrameworkCore.Database.Command[20101]
      Executed DbCommand (1ms) [Parameters=[@__p_0='?' (DbType = Int32)], CommandType='Text', CommandTimeout='30']
      SELECT TOP(@__p_0) [o].[Id], [o].[Error], [o].[EventName], [o].[OccurredOn], [o].[Payload], [o].[ProcessedOn]
      FROM [OutboxEvents] AS [o]
      WHERE [o].[ProcessedOn] IS NULL
      ORDER BY [o].[OccurredOn]
info: Microsoft.EntityFrameworkCore.Database.Command[20101]
      Executed DbCommand (0ms) [Parameters=[@__p_0='?' (DbType = Int32)], CommandType='Text', CommandTimeout='30']
      SELECT TOP(@__p_0) [o].[Id], [o].[Error], [o].[EventName], [o].[OccurredOn], [o].[Payload], [o].[ProcessedOn]
      FROM [OutboxEvents] AS [o]
      WHERE [o].[ProcessedOn] IS NULL
      ORDER BY [o].[OccurredOn]
info: Microsoft.EntityFrameworkCore.Database.Command[20101]
      Executed DbCommand (0ms) [Parameters=[@__p_0='?' (DbType = Int32)], CommandType='Text', CommandTimeout='30']
      SELECT TOP(@__p_0) [o].[Id], [o].[Error], [o].[EventName], [o].[OccurredOn], [o].[Payload], [o].[ProcessedOn]
      FROM [OutboxEvents] AS [o]
      WHERE [o].[ProcessedOn] IS NULL
      ORDER BY [o].[OccurredOn]
info: Microsoft.EntityFrameworkCore.Database.Command[20101]
      Executed DbCommand (0ms) [Parameters=[@__p_0='?' (DbType = Int32)], CommandType='Text', CommandTimeout='30']
      SELECT TOP(@__p_0) [o].[Id], [o].[Error], [o].[EventName], [o].[OccurredOn], [o].[Payload], [o].[ProcessedOn]
      FROM [OutboxEvents] AS [o]
      WHERE [o].[ProcessedOn] IS NULL
      ORDER BY [o].[OccurredOn]
info: Microsoft.EntityFrameworkCore.Database.Command[20101]
      Executed DbCommand (0ms) [Parameters=[@__p_0='?' (DbType = Int32)], CommandType='Text', CommandTimeout='30']
      SELECT TOP(@__p_0) [o].[Id], [o].[Error], [o].[EventName], [o].[OccurredOn], [o].[Payload], [o].[ProcessedOn]
      FROM [OutboxEvents] AS [o]
      WHERE [o].[ProcessedOn] IS NULL
      ORDER BY [o].[OccurredOn]
info: Microsoft.EntityFrameworkCore.Database.Command[20101]
      Executed DbCommand (1ms) [Parameters=[@__p_0='?' (DbType = Int32)], CommandType='Text', CommandTimeout='30']
      SELECT TOP(@__p_0) [o].[Id], [o].[Error], [o].[EventName], [o].[OccurredOn], [o].[Payload], [o].[ProcessedOn]
      FROM [OutboxEvents] AS [o]
      WHERE [o].[ProcessedOn] IS NULL
      ORDER BY [o].[OccurredOn]
info: Microsoft.EntityFrameworkCore.Database.Command[20101]
      Executed DbCommand (0ms) [Parameters=[@__p_0='?' (DbType = Int32)], CommandType='Text', CommandTimeout='30']
      SELECT TOP(@__p_0) [o].[Id], [o].[Error], [o].[EventName], [o].[OccurredOn], [o].[Payload], [o].[ProcessedOn]
      FROM [OutboxEvents] AS [o]
      WHERE [o].[ProcessedOn] IS NULL
      ORDER BY [o].[OccurredOn]
info: Microsoft.EntityFrameworkCore.Database.Command[20101]
      Executed DbCommand (1ms) [Parameters=[@__p_0='?' (DbType = Int32)], CommandType='Text', CommandTimeout='30']
      SELECT TOP(@__p_0) [o].[Id], [o].[Error], [o].[EventName], [o].[OccurredOn], [o].[Payload], [o].[ProcessedOn]
      FROM [OutboxEvents] AS [o]
      WHERE [o].[ProcessedOn] IS NULL
      ORDER BY [o].[OccurredOn]
info: Microsoft.EntityFrameworkCore.Database.Command[20101]
      Executed DbCommand (0ms) [Parameters=[@__p_0='?' (DbType = Int32)], CommandType='Text', CommandTimeout='30']
      SELECT TOP(@__p_0) [o].[Id], [o].[Error], [o].[EventName], [o].[OccurredOn], [o].[Payload], [o].[ProcessedOn]
      FROM [OutboxEvents] AS [o]
      WHERE [o].[ProcessedOn] IS NULL
      ORDER BY [o].[OccurredOn]
info: Microsoft.EntityFrameworkCore.Database.Command[20101]
      Executed DbCommand (0ms) [Parameters=[@__p_0='?' (DbType = Int32)], CommandType='Text', CommandTimeout='30']
      SELECT TOP(@__p_0) [o].[Id], [o].[Error], [o].[EventName], [o].[OccurredOn], [o].[Payload], [o].[ProcessedOn]
      FROM [OutboxEvents] AS [o]
      WHERE [o].[ProcessedOn] IS NULL
      ORDER BY [o].[OccurredOn]
info: Microsoft.EntityFrameworkCore.Database.Command[20101]
      Executed DbCommand (0ms) [Parameters=[@__p_0='?' (DbType = Int32)], CommandType='Text', CommandTimeout='30']
      SELECT TOP(@__p_0) [o].[Id], [o].[Error], [o].[EventName], [o].[OccurredOn], [o].[Payload], [o].[ProcessedOn]
      FROM [OutboxEvents] AS [o]
      WHERE [o].[ProcessedOn] IS NULL
      ORDER BY [o].[OccurredOn]
info: Microsoft.EntityFrameworkCore.Database.Command[20101]
      Executed DbCommand (1ms) [Parameters=[@__p_0='?' (DbType = Int32)], CommandType='Text', CommandTimeout='30']
      SELECT TOP(@__p_0) [o].[Id], [o].[Error], [o].[EventName], [o].[OccurredOn], [o].[Payload], [o].[ProcessedOn]
      FROM [OutboxEvents] AS [o]
      WHERE [o].[ProcessedOn] IS NULL
      ORDER BY [o].[OccurredOn]
info: Microsoft.EntityFrameworkCore.Database.Command[20101]
      Executed DbCommand (0ms) [Parameters=[@__p_0='?' (DbType = Int32)], CommandType='Text', CommandTimeout='30']
      SELECT TOP(@__p_0) [o].[Id], [o].[Error], [o].[EventName], [o].[OccurredOn], [o].[Payload], [o].[ProcessedOn]
      FROM [OutboxEvents] AS [o]
      WHERE [o].[ProcessedOn] IS NULL
      ORDER BY [o].[OccurredOn]
info: Microsoft.EntityFrameworkCore.Database.Command[20101]
      Executed DbCommand (1ms) [Parameters=[@__p_0='?' (DbType = Int32)], CommandType='Text', CommandTimeout='30']
      SELECT TOP(@__p_0) [o].[Id], [o].[Error], [o].[EventName], [o].[OccurredOn], [o].[Payload], [o].[ProcessedOn]
      FROM [OutboxEvents] AS [o]
      WHERE [o].[ProcessedOn] IS NULL
      ORDER BY [o].[OccurredOn]
info: Microsoft.EntityFrameworkCore.Database.Command[20101]
      Executed DbCommand (0ms) [Parameters=[@__p_0='?' (DbType = Int32)], CommandType='Text', CommandTimeout='30']
      SELECT TOP(@__p_0) [o].[Id], [o].[Error], [o].[EventName], [o].[OccurredOn], [o].[Payload], [o].[ProcessedOn]
      FROM [OutboxEvents] AS [o]
      WHERE [o].[ProcessedOn] IS NULL
      ORDER BY [o].[OccurredOn]
info: Microsoft.EntityFrameworkCore.Database.Command[20101]
      Executed DbCommand (0ms) [Parameters=[@__p_0='?' (DbType = Int32)], CommandType='Text', CommandTimeout='30']
      SELECT TOP(@__p_0) [o].[Id], [o].[Error], [o].[EventName], [o].[OccurredOn], [o].[Payload], [o].[ProcessedOn]
      FROM [OutboxEvents] AS [o]
      WHERE [o].[ProcessedOn] IS NULL
      ORDER BY [o].[OccurredOn]
info: Microsoft.EntityFrameworkCore.Database.Command[20101]
      Executed DbCommand (0ms) [Parameters=[@__p_0='?' (DbType = Int32)], CommandType='Text', CommandTimeout='30']
      SELECT TOP(@__p_0) [o].[Id], [o].[Error], [o].[EventName], [o].[OccurredOn], [o].[Payload], [o].[ProcessedOn]
      FROM [OutboxEvents] AS [o]
      WHERE [o].[ProcessedOn] IS NULL
      ORDER BY [o].[OccurredOn]
info: Microsoft.EntityFrameworkCore.Database.Command[20101]
      Executed DbCommand (0ms) [Parameters=[@__p_0='?' (DbType = Int32)], CommandType='Text', CommandTimeout='30']
      SELECT TOP(@__p_0) [o].[Id], [o].[Error], [o].[EventName], [o].[OccurredOn], [o].[Payload], [o].[ProcessedOn]
      FROM [OutboxEvents] AS [o]
      WHERE [o].[ProcessedOn] IS NULL
      ORDER BY [o].[OccurredOn]
info: Microsoft.EntityFrameworkCore.Database.Command[20101]
      Executed DbCommand (0ms) [Parameters=[@__p_0='?' (DbType = Int32)], CommandType='Text', CommandTimeout='30']
      SELECT TOP(@__p_0) [o].[Id], [o].[Error], [o].[EventName], [o].[OccurredOn], [o].[Payload], [o].[ProcessedOn]
      FROM [OutboxEvents] AS [o]
      WHERE [o].[ProcessedOn] IS NULL
      ORDER BY [o].[OccurredOn]
info: Microsoft.EntityFrameworkCore.Database.Command[20101]
      Executed DbCommand (0ms) [Parameters=[@__p_0='?' (DbType = Int32)], CommandType='Text', CommandTimeout='30']
      SELECT TOP(@__p_0) [o].[Id], [o].[Error], [o].[EventName], [o].[OccurredOn], [o].[Payload], [o].[ProcessedOn]
      FROM [OutboxEvents] AS [o]
      WHERE [o].[ProcessedOn] IS NULL
      ORDER BY [o].[OccurredOn]
info: Microsoft.EntityFrameworkCore.Database.Command[20101]
      Executed DbCommand (0ms) [Parameters=[@__p_0='?' (DbType = Int32)], CommandType='Text', CommandTimeout='30']
      SELECT TOP(@__p_0) [o].[Id], [o].[Error], [o].[EventName], [o].[OccurredOn], [o].[Payload], [o].[ProcessedOn]
      FROM [OutboxEvents] AS [o]
      WHERE [o].[ProcessedOn] IS NULL
      ORDER BY [o].[OccurredOn]
info: Microsoft.EntityFrameworkCore.Database.Command[20101]
      Executed DbCommand (0ms) [Parameters=[@__p_0='?' (DbType = Int32)], CommandType='Text', CommandTimeout='30']
      SELECT TOP(@__p_0) [o].[Id], [o].[Error], [o].[EventName], [o].[OccurredOn], [o].[Payload], [o].[ProcessedOn]
      FROM [OutboxEvents] AS [o]
      WHERE [o].[ProcessedOn] IS NULL
      ORDER BY [o].[OccurredOn]
info: CinemaBooking.API.Services.Implementations.BookingService[0]
      Scanning for expired pending bookings created before 06/15/2026 07:20:27
info: Microsoft.EntityFrameworkCore.Database.Command[20101]
      Executed DbCommand (2ms) [Parameters=[@__threshold_0='?' (DbType = DateTime2)], CommandType='Text', CommandTimeout='30']
      SELECT [b].[BookingId], [b].[BookingCode], [b].[BookingStatus], [b].[CreatedAt], [b].[DiscountAmount], [b].[QRCodeUrl], [b].[RowVersion], [b].[ServiceFee], [b].[ShowtimeId], [b].[TotalAmount], [b].[UserId], [b0].[BookingSeatId], [b0].[BookingId], [b0].[SeatId], [b0].[UnitPrice]
      FROM [Bookings] AS [b]
      LEFT JOIN [BookingSeats] AS [b0] ON [b].[BookingId] = [b0].[BookingId]
      WHERE [b].[BookingStatus] = N'Pending' AND [b].[CreatedAt] < @__threshold_0
      ORDER BY [b].[BookingId]
info: Microsoft.EntityFrameworkCore.Database.Command[20101]
      Executed DbCommand (0ms) [Parameters=[@__p_0='?' (DbType = Int32)], CommandType='Text', CommandTimeout='30']
      SELECT TOP(@__p_0) [o].[Id], [o].[Error], [o].[EventName], [o].[OccurredOn], [o].[Payload], [o].[ProcessedOn]
      FROM [OutboxEvents] AS [o]
      WHERE [o].[ProcessedOn] IS NULL
      ORDER BY [o].[OccurredOn]
info: Microsoft.EntityFrameworkCore.Database.Command[20101]
      Executed DbCommand (0ms) [Parameters=[@__p_0='?' (DbType = Int32)], CommandType='Text', CommandTimeout='30']
      SELECT TOP(@__p_0) [o].[Id], [o].[Error], [o].[EventName], [o].[OccurredOn], [o].[Payload], [o].[ProcessedOn]
      FROM [OutboxEvents] AS [o]
      WHERE [o].[ProcessedOn] IS NULL
      ORDER BY [o].[OccurredOn]
info: Microsoft.EntityFrameworkCore.Database.Command[20101]
      Executed DbCommand (0ms) [Parameters=[@__p_0='?' (DbType = Int32)], CommandType='Text', CommandTimeout='30']
      SELECT TOP(@__p_0) [o].[Id], [o].[Error], [o].[EventName], [o].[OccurredOn], [o].[Payload], [o].[ProcessedOn]
      FROM [OutboxEvents] AS [o]
      WHERE [o].[ProcessedOn] IS NULL
      ORDER BY [o].[OccurredOn]
info: Microsoft.EntityFrameworkCore.Database.Command[20101]
      Executed DbCommand (0ms) [Parameters=[@__p_0='?' (DbType = Int32)], CommandType='Text', CommandTimeout='30']
      SELECT TOP(@__p_0) [o].[Id], [o].[Error], [o].[EventName], [o].[OccurredOn], [o].[Payload], [o].[ProcessedOn]
      FROM [OutboxEvents] AS [o]
      WHERE [o].[ProcessedOn] IS NULL
      ORDER BY [o].[OccurredOn]
info: Microsoft.EntityFrameworkCore.Database.Command[20101]
      Executed DbCommand (0ms) [Parameters=[@__p_0='?' (DbType = Int32)], CommandType='Text', CommandTimeout='30']
      SELECT TOP(@__p_0) [o].[Id], [o].[Error], [o].[EventName], [o].[OccurredOn], [o].[Payload], [o].[ProcessedOn]
      FROM [OutboxEvents] AS [o]
      WHERE [o].[ProcessedOn] IS NULL
      ORDER BY [o].[OccurredOn]
info: Microsoft.EntityFrameworkCore.Database.Command[20101]
      Executed DbCommand (0ms) [Parameters=[@__p_0='?' (DbType = Int32)], CommandType='Text', CommandTimeout='30']
      SELECT TOP(@__p_0) [o].[Id], [o].[Error], [o].[EventName], [o].[OccurredOn], [o].[Payload], [o].[ProcessedOn]
      FROM [OutboxEvents] AS [o]
      WHERE [o].[ProcessedOn] IS NULL
      ORDER BY [o].[OccurredOn]
info: Microsoft.EntityFrameworkCore.Database.Command[20101]
      Executed DbCommand (0ms) [Parameters=[@__p_0='?' (DbType = Int32)], CommandType='Text', CommandTimeout='30']
      SELECT TOP(@__p_0) [o].[Id], [o].[Error], [o].[EventName], [o].[OccurredOn], [o].[Payload], [o].[ProcessedOn]
      FROM [OutboxEvents] AS [o]
      WHERE [o].[ProcessedOn] IS NULL
      ORDER BY [o].[OccurredOn]
info: Microsoft.EntityFrameworkCore.Database.Command[20101]
      Executed DbCommand (1ms) [Parameters=[@__p_0='?' (DbType = Int32)], CommandType='Text', CommandTimeout='30']
      SELECT TOP(@__p_0) [o].[Id], [o].[Error], [o].[EventName], [o].[OccurredOn], [o].[Payload], [o].[ProcessedOn]
      FROM [OutboxEvents] AS [o]
      WHERE [o].[ProcessedOn] IS NULL
      ORDER BY [o].[OccurredOn]
info: Microsoft.EntityFrameworkCore.Database.Command[20101]
      Executed DbCommand (0ms) [Parameters=[@__p_0='?' (DbType = Int32)], CommandType='Text', CommandTimeout='30']
      SELECT TOP(@__p_0) [o].[Id], [o].[Error], [o].[EventName], [o].[OccurredOn], [o].[Payload], [o].[ProcessedOn]
      FROM [OutboxEvents] AS [o]
      WHERE [o].[ProcessedOn] IS NULL
      ORDER BY [o].[OccurredOn]
info: Microsoft.EntityFrameworkCore.Database.Command[20101]
      Executed DbCommand (0ms) [Parameters=[@__p_0='?' (DbType = Int32)], CommandType='Text', CommandTimeout='30']
      SELECT TOP(@__p_0) [o].[Id], [o].[Error], [o].[EventName], [o].[OccurredOn], [o].[Payload], [o].[ProcessedOn]
      FROM [OutboxEvents] AS [o]
      WHERE [o].[ProcessedOn] IS NULL
      ORDER BY [o].[OccurredOn]
info: Microsoft.EntityFrameworkCore.Database.Command[20101]
      Executed DbCommand (2ms) [Parameters=[@__p_0='?' (DbType = Int32)], CommandType='Text', CommandTimeout='30']
      SELECT TOP(@__p_0) [o].[Id], [o].[Error], [o].[EventName], [o].[OccurredOn], [o].[Payload], [o].[ProcessedOn]
      FROM [OutboxEvents] AS [o]
      WHERE [o].[ProcessedOn] IS NULL
      ORDER BY [o].[OccurredOn]
info: Microsoft.EntityFrameworkCore.Database.Command[20101]
      Executed DbCommand (2ms) [Parameters=[@__p_0='?' (DbType = Int32)], CommandType='Text', CommandTimeout='30']
      SELECT TOP(@__p_0) [o].[Id], [o].[Error], [o].[EventName], [o].[OccurredOn], [o].[Payload], [o].[ProcessedOn]
      FROM [OutboxEvents] AS [o]
      WHERE [o].[ProcessedOn] IS NULL
      ORDER BY [o].[OccurredOn]
info: Microsoft.EntityFrameworkCore.Database.Command[20101]
      Executed DbCommand (2ms) [Parameters=[@__p_0='?' (DbType = Int32)], CommandType='Text', CommandTimeout='30']
      SELECT TOP(@__p_0) [o].[Id], [o].[Error], [o].[EventName], [o].[OccurredOn], [o].[Payload], [o].[ProcessedOn]
      FROM [OutboxEvents] AS [o]
      WHERE [o].[ProcessedOn] IS NULL
      ORDER BY [o].[OccurredOn]
info: Microsoft.EntityFrameworkCore.Database.Command[20101]
      Executed DbCommand (1ms) [Parameters=[@__p_0='?' (DbType = Int32)], CommandType='Text', CommandTimeout='30']
      SELECT TOP(@__p_0) [o].[Id], [o].[Error], [o].[EventName], [o].[OccurredOn], [o].[Payload], [o].[ProcessedOn]
      FROM [OutboxEvents] AS [o]
      WHERE [o].[ProcessedOn] IS NULL
      ORDER BY [o].[OccurredOn]
info: Microsoft.EntityFrameworkCore.Database.Command[20101]
      Executed DbCommand (3ms) [Parameters=[@__p_0='?' (DbType = Int32)], CommandType='Text', CommandTimeout='30']
      SELECT TOP(@__p_0) [o].[Id], [o].[Error], [o].[EventName], [o].[OccurredOn], [o].[Payload], [o].[ProcessedOn]
      FROM [OutboxEvents] AS [o]
      WHERE [o].[ProcessedOn] IS NULL
      ORDER BY [o].[OccurredOn]
info: Microsoft.EntityFrameworkCore.Database.Command[20101]
      Executed DbCommand (1ms) [Parameters=[@__p_0='?' (DbType = Int32)], CommandType='Text', CommandTimeout='30']
      SELECT TOP(@__p_0) [o].[Id], [o].[Error], [o].[EventName], [o].[OccurredOn], [o].[Payload], [o].[ProcessedOn]
      FROM [OutboxEvents] AS [o]
      WHERE [o].[ProcessedOn] IS NULL
      ORDER BY [o].[OccurredOn]
info: Microsoft.EntityFrameworkCore.Database.Command[20101]
      Executed DbCommand (0ms) [Parameters=[@__p_0='?' (DbType = Int32)], CommandType='Text', CommandTimeout='30']
      SELECT TOP(@__p_0) [o].[Id], [o].[Error], [o].[EventName], [o].[OccurredOn], [o].[Payload], [o].[ProcessedOn]
      FROM [OutboxEvents] AS [o]
      WHERE [o].[ProcessedOn] IS NULL
      ORDER BY [o].[OccurredOn]
info: Microsoft.EntityFrameworkCore.Database.Command[20101]
      Executed DbCommand (0ms) [Parameters=[@__p_0='?' (DbType = Int32)], CommandType='Text', CommandTimeout='30']
      SELECT TOP(@__p_0) [o].[Id], [o].[Error], [o].[EventName], [o].[OccurredOn], [o].[Payload], [o].[ProcessedOn]
      FROM [OutboxEvents] AS [o]
      WHERE [o].[ProcessedOn] IS NULL
      ORDER BY [o].[OccurredOn]
info: Microsoft.EntityFrameworkCore.Database.Command[20101]
      Executed DbCommand (1ms) [Parameters=[@__p_0='?' (DbType = Int32)], CommandType='Text', CommandTimeout='30']
      SELECT TOP(@__p_0) [o].[Id], [o].[Error], [o].[EventName], [o].[OccurredOn], [o].[Payload], [o].[ProcessedOn]
      FROM [OutboxEvents] AS [o]
      WHERE [o].[ProcessedOn] IS NULL
      ORDER BY [o].[OccurredOn]
info: Microsoft.EntityFrameworkCore.Database.Command[20101]
      Executed DbCommand (1ms) [Parameters=[@__p_0='?' (DbType = Int32)], CommandType='Text', CommandTimeout='30']
      SELECT TOP(@__p_0) [o].[Id], [o].[Error], [o].[EventName], [o].[OccurredOn], [o].[Payload], [o].[ProcessedOn]
      FROM [OutboxEvents] AS [o]
      WHERE [o].[ProcessedOn] IS NULL
      ORDER BY [o].[OccurredOn]
info: Microsoft.EntityFrameworkCore.Database.Command[20101]
      Executed DbCommand (1ms) [Parameters=[@__p_0='?' (DbType = Int32)], CommandType='Text', CommandTimeout='30']
      SELECT TOP(@__p_0) [o].[Id], [o].[Error], [o].[EventName], [o].[OccurredOn], [o].[Payload], [o].[ProcessedOn]
      FROM [OutboxEvents] AS [o]
      WHERE [o].[ProcessedOn] IS NULL
      ORDER BY [o].[OccurredOn]
info: Microsoft.EntityFrameworkCore.Database.Command[20101]
      Executed DbCommand (0ms) [Parameters=[@__p_0='?' (DbType = Int32)], CommandType='Text', CommandTimeout='30']
      SELECT TOP(@__p_0) [o].[Id], [o].[Error], [o].[EventName], [o].[OccurredOn], [o].[Payload], [o].[ProcessedOn]
      FROM [OutboxEvents] AS [o]
      WHERE [o].[ProcessedOn] IS NULL
      ORDER BY [o].[OccurredOn]
info: Microsoft.EntityFrameworkCore.Database.Command[20101]
      Executed DbCommand (0ms) [Parameters=[@__p_0='?' (DbType = Int32)], CommandType='Text', CommandTimeout='30']
      SELECT TOP(@__p_0) [o].[Id], [o].[Error], [o].[EventName], [o].[OccurredOn], [o].[Payload], [o].[ProcessedOn]
      FROM [OutboxEvents] AS [o]
      WHERE [o].[ProcessedOn] IS NULL
      ORDER BY [o].[OccurredOn]
info: Microsoft.EntityFrameworkCore.Database.Command[20101]
      Executed DbCommand (0ms) [Parameters=[@__p_0='?' (DbType = Int32)], CommandType='Text', CommandTimeout='30']
      SELECT TOP(@__p_0) [o].[Id], [o].[Error], [o].[EventName], [o].[OccurredOn], [o].[Payload], [o].[ProcessedOn]
      FROM [OutboxEvents] AS [o]
      WHERE [o].[ProcessedOn] IS NULL
      ORDER BY [o].[OccurredOn]
info: Microsoft.EntityFrameworkCore.Database.Command[20101]
      Executed DbCommand (0ms) [Parameters=[@__p_0='?' (DbType = Int32)], CommandType='Text', CommandTimeout='30']
      SELECT TOP(@__p_0) [o].[Id], [o].[Error], [o].[EventName], [o].[OccurredOn], [o].[Payload], [o].[ProcessedOn]
      FROM [OutboxEvents] AS [o]
      WHERE [o].[ProcessedOn] IS NULL
      ORDER BY [o].[OccurredOn]
info: Microsoft.EntityFrameworkCore.Database.Command[20101]
      Executed DbCommand (0ms) [Parameters=[@__p_0='?' (DbType = Int32)], CommandType='Text', CommandTimeout='30']
      SELECT TOP(@__p_0) [o].[Id], [o].[Error], [o].[EventName], [o].[OccurredOn], [o].[Payload], [o].[ProcessedOn]
      FROM [OutboxEvents] AS [o]
      WHERE [o].[ProcessedOn] IS NULL
      ORDER BY [o].[OccurredOn]
info: Microsoft.EntityFrameworkCore.Database.Command[20101]
      Executed DbCommand (0ms) [Parameters=[@__p_0='?' (DbType = Int32)], CommandType='Text', CommandTimeout='30']
      SELECT TOP(@__p_0) [o].[Id], [o].[Error], [o].[EventName], [o].[OccurredOn], [o].[Payload], [o].[ProcessedOn]
      FROM [OutboxEvents] AS [o]
      WHERE [o].[ProcessedOn] IS NULL
      ORDER BY [o].[OccurredOn]
info: Microsoft.EntityFrameworkCore.Database.Command[20101]
      Executed DbCommand (0ms) [Parameters=[@__p_0='?' (DbType = Int32)], CommandType='Text', CommandTimeout='30']
      SELECT TOP(@__p_0) [o].[Id], [o].[Error], [o].[EventName], [o].[OccurredOn], [o].[Payload], [o].[ProcessedOn]
      FROM [OutboxEvents] AS [o]
      WHERE [o].[ProcessedOn] IS NULL
      ORDER BY [o].[OccurredOn]
info: Microsoft.EntityFrameworkCore.Database.Command[20101]
      Executed DbCommand (0ms) [Parameters=[@__p_0='?' (DbType = Int32)], CommandType='Text', CommandTimeout='30']
      SELECT TOP(@__p_0) [o].[Id], [o].[Error], [o].[EventName], [o].[OccurredOn], [o].[Payload], [o].[ProcessedOn]
      FROM [OutboxEvents] AS [o]
      WHERE [o].[ProcessedOn] IS NULL
      ORDER BY [o].[OccurredOn]
info: CinemaBooking.API.Services.Implementations.BookingService[0]
      Scanning for expired pending bookings created before 06/15/2026 07:20:57
info: Microsoft.EntityFrameworkCore.Database.Command[20101]
      Executed DbCommand (2ms) [Parameters=[@__threshold_0='?' (DbType = DateTime2)], CommandType='Text', CommandTimeout='30']
      SELECT [b].[BookingId], [b].[BookingCode], [b].[BookingStatus], [b].[CreatedAt], [b].[DiscountAmount], [b].[QRCodeUrl], [b].[RowVersion], [b].[ServiceFee], [b].[ShowtimeId], [b].[TotalAmount], [b].[UserId], [b0].[BookingSeatId], [b0].[BookingId], [b0].[SeatId], [b0].[UnitPrice]
      FROM [Bookings] AS [b]
      LEFT JOIN [BookingSeats] AS [b0] ON [b].[BookingId] = [b0].[BookingId]
      WHERE [b].[BookingStatus] = N'Pending' AND [b].[CreatedAt] < @__threshold_0
      ORDER BY [b].[BookingId]
info: Microsoft.EntityFrameworkCore.Database.Command[20101]
      Executed DbCommand (1ms) [Parameters=[@__p_0='?' (DbType = Int32)], CommandType='Text', CommandTimeout='30']
      SELECT TOP(@__p_0) [o].[Id], [o].[Error], [o].[EventName], [o].[OccurredOn], [o].[Payload], [o].[ProcessedOn]
      FROM [OutboxEvents] AS [o]
      WHERE [o].[ProcessedOn] IS NULL
      ORDER BY [o].[OccurredOn]
info: Microsoft.EntityFrameworkCore.Database.Command[20101]
      Executed DbCommand (0ms) [Parameters=[@__p_0='?' (DbType = Int32)], CommandType='Text', CommandTimeout='30']
      SELECT TOP(@__p_0) [o].[Id], [o].[Error], [o].[EventName], [o].[OccurredOn], [o].[Payload], [o].[ProcessedOn]
      FROM [OutboxEvents] AS [o]
      WHERE [o].[ProcessedOn] IS NULL
      ORDER BY [o].[OccurredOn]
info: Microsoft.EntityFrameworkCore.Database.Command[20101]
      Executed DbCommand (0ms) [Parameters=[@__p_0='?' (DbType = Int32)], CommandType='Text', CommandTimeout='30']
      SELECT TOP(@__p_0) [o].[Id], [o].[Error], [o].[EventName], [o].[OccurredOn], [o].[Payload], [o].[ProcessedOn]
      FROM [OutboxEvents] AS [o]
      WHERE [o].[ProcessedOn] IS NULL
      ORDER BY [o].[OccurredOn]
info: Microsoft.EntityFrameworkCore.Database.Command[20101]
      Executed DbCommand (1ms) [Parameters=[@__p_0='?' (DbType = Int32)], CommandType='Text', CommandTimeout='30']
      SELECT TOP(@__p_0) [o].[Id], [o].[Error], [o].[EventName], [o].[OccurredOn], [o].[Payload], [o].[ProcessedOn]
      FROM [OutboxEvents] AS [o]
      WHERE [o].[ProcessedOn] IS NULL
      ORDER BY [o].[OccurredOn]
info: Microsoft.EntityFrameworkCore.Database.Command[20101]
      Executed DbCommand (0ms) [Parameters=[@__p_0='?' (DbType = Int32)], CommandType='Text', CommandTimeout='30']
      SELECT TOP(@__p_0) [o].[Id], [o].[Error], [o].[EventName], [o].[OccurredOn], [o].[Payload], [o].[ProcessedOn]
      FROM [OutboxEvents] AS [o]
      WHERE [o].[ProcessedOn] IS NULL
      ORDER BY [o].[OccurredOn]
info: Microsoft.EntityFrameworkCore.Database.Command[20101]
      Executed DbCommand (0ms) [Parameters=[@__p_0='?' (DbType = Int32)], CommandType='Text', CommandTimeout='30']
      SELECT TOP(@__p_0) [o].[Id], [o].[Error], [o].[EventName], [o].[OccurredOn], [o].[Payload], [o].[ProcessedOn]
      FROM [OutboxEvents] AS [o]
      WHERE [o].[ProcessedOn] IS NULL
      ORDER BY [o].[OccurredOn]
info: Microsoft.EntityFrameworkCore.Database.Command[20101]
      Executed DbCommand (0ms) [Parameters=[@__p_0='?' (DbType = Int32)], CommandType='Text', CommandTimeout='30']
      SELECT TOP(@__p_0) [o].[Id], [o].[Error], [o].[EventName], [o].[OccurredOn], [o].[Payload], [o].[ProcessedOn]
      FROM [OutboxEvents] AS [o]
      WHERE [o].[ProcessedOn] IS NULL
      ORDER BY [o].[OccurredOn]
info: Microsoft.EntityFrameworkCore.Database.Command[20101]
      Executed DbCommand (2ms) [Parameters=[@__p_0='?' (DbType = Int32)], CommandType='Text', CommandTimeout='30']
      SELECT TOP(@__p_0) [o].[Id], [o].[Error], [o].[EventName], [o].[OccurredOn], [o].[Payload], [o].[ProcessedOn]
      FROM [OutboxEvents] AS [o]
      WHERE [o].[ProcessedOn] IS NULL
      ORDER BY [o].[OccurredOn]
info: Microsoft.EntityFrameworkCore.Database.Command[20101]
      Executed DbCommand (1ms) [Parameters=[@__p_0='?' (DbType = Int32)], CommandType='Text', CommandTimeout='30']
      SELECT TOP(@__p_0) [o].[Id], [o].[Error], [o].[EventName], [o].[OccurredOn], [o].[Payload], [o].[ProcessedOn]
      FROM [OutboxEvents] AS [o]
      WHERE [o].[ProcessedOn] IS NULL
      ORDER BY [o].[OccurredOn]
info: Microsoft.EntityFrameworkCore.Database.Command[20101]
      Executed DbCommand (2ms) [Parameters=[@__p_0='?' (DbType = Int32)], CommandType='Text', CommandTimeout='30']
      SELECT TOP(@__p_0) [o].[Id], [o].[Error], [o].[EventName], [o].[OccurredOn], [o].[Payload], [o].[ProcessedOn]
      FROM [OutboxEvents] AS [o]
      WHERE [o].[ProcessedOn] IS NULL
      ORDER BY [o].[OccurredOn]
info: Microsoft.EntityFrameworkCore.Database.Command[20101]
      Executed DbCommand (2ms) [Parameters=[@__p_0='?' (DbType = Int32)], CommandType='Text', CommandTimeout='30']
      SELECT TOP(@__p_0) [o].[Id], [o].[Error], [o].[EventName], [o].[OccurredOn], [o].[Payload], [o].[ProcessedOn]
      FROM [OutboxEvents] AS [o]
      WHERE [o].[ProcessedOn] IS NULL
      ORDER BY [o].[OccurredOn]
info: Microsoft.EntityFrameworkCore.Database.Command[20101]
      Executed DbCommand (1ms) [Parameters=[@__p_0='?' (DbType = Int32)], CommandType='Text', CommandTimeout='30']
      SELECT TOP(@__p_0) [o].[Id], [o].[Error], [o].[EventName], [o].[OccurredOn], [o].[Payload], [o].[ProcessedOn]
      FROM [OutboxEvents] AS [o]
      WHERE [o].[ProcessedOn] IS NULL
      ORDER BY [o].[OccurredOn]
info: Microsoft.EntityFrameworkCore.Database.Command[20101]
      Executed DbCommand (0ms) [Parameters=[@__p_0='?' (DbType = Int32)], CommandType='Text', CommandTimeout='30']
      SELECT TOP(@__p_0) [o].[Id], [o].[Error], [o].[EventName], [o].[OccurredOn], [o].[Payload], [o].[ProcessedOn]
      FROM [OutboxEvents] AS [o]
      WHERE [o].[ProcessedOn] IS NULL
      ORDER BY [o].[OccurredOn]
info: Microsoft.EntityFrameworkCore.Database.Command[20101]
      Executed DbCommand (1ms) [Parameters=[@__p_0='?' (DbType = Int32)], CommandType='Text', CommandTimeout='30']
      SELECT TOP(@__p_0) [o].[Id], [o].[Error], [o].[EventName], [o].[OccurredOn], [o].[Payload], [o].[ProcessedOn]
      FROM [OutboxEvents] AS [o]
      WHERE [o].[ProcessedOn] IS NULL
      ORDER BY [o].[OccurredOn]
info: Microsoft.EntityFrameworkCore.Database.Command[20101]
      Executed DbCommand (0ms) [Parameters=[@__p_0='?' (DbType = Int32)], CommandType='Text', CommandTimeout='30']
      SELECT TOP(@__p_0) [o].[Id], [o].[Error], [o].[EventName], [o].[OccurredOn], [o].[Payload], [o].[ProcessedOn]
      FROM [OutboxEvents] AS [o]
      WHERE [o].[ProcessedOn] IS NULL
      ORDER BY [o].[OccurredOn]
info: Microsoft.EntityFrameworkCore.Database.Command[20101]
      Executed DbCommand (0ms) [Parameters=[@__p_0='?' (DbType = Int32)], CommandType='Text', CommandTimeout='30']
      SELECT TOP(@__p_0) [o].[Id], [o].[Error], [o].[EventName], [o].[OccurredOn], [o].[Payload], [o].[ProcessedOn]
      FROM [OutboxEvents] AS [o]
      WHERE [o].[ProcessedOn] IS NULL
      ORDER BY [o].[OccurredOn]
info: Microsoft.EntityFrameworkCore.Database.Command[20101]
      Executed DbCommand (0ms) [Parameters=[@__p_0='?' (DbType = Int32)], CommandType='Text', CommandTimeout='30']
      SELECT TOP(@__p_0) [o].[Id], [o].[Error], [o].[EventName], [o].[OccurredOn], [o].[Payload], [o].[ProcessedOn]
      FROM [OutboxEvents] AS [o]
      WHERE [o].[ProcessedOn] IS NULL
      ORDER BY [o].[OccurredOn]
info: Microsoft.EntityFrameworkCore.Database.Command[20101]
      Executed DbCommand (0ms) [Parameters=[@__p_0='?' (DbType = Int32)], CommandType='Text', CommandTimeout='30']
      SELECT TOP(@__p_0) [o].[Id], [o].[Error], [o].[EventName], [o].[OccurredOn], [o].[Payload], [o].[ProcessedOn]
      FROM [OutboxEvents] AS [o]
      WHERE [o].[ProcessedOn] IS NULL
      ORDER BY [o].[OccurredOn]
info: Microsoft.EntityFrameworkCore.Database.Command[20101]
      Executed DbCommand (0ms) [Parameters=[@__p_0='?' (DbType = Int32)], CommandType='Text', CommandTimeout='30']
      SELECT TOP(@__p_0) [o].[Id], [o].[Error], [o].[EventName], [o].[OccurredOn], [o].[Payload], [o].[ProcessedOn]
      FROM [OutboxEvents] AS [o]
      WHERE [o].[ProcessedOn] IS NULL
      ORDER BY [o].[OccurredOn]
info: Microsoft.EntityFrameworkCore.Database.Command[20101]
      Executed DbCommand (1ms) [Parameters=[@__p_0='?' (DbType = Int32)], CommandType='Text', CommandTimeout='30']
      SELECT TOP(@__p_0) [o].[Id], [o].[Error], [o].[EventName], [o].[OccurredOn], [o].[Payload], [o].[ProcessedOn]
      FROM [OutboxEvents] AS [o]
      WHERE [o].[ProcessedOn] IS NULL
      ORDER BY [o].[OccurredOn]
info: Microsoft.EntityFrameworkCore.Database.Command[20101]
      Executed DbCommand (0ms) [Parameters=[@__p_0='?' (DbType = Int32)], CommandType='Text', CommandTimeout='30']
      SELECT TOP(@__p_0) [o].[Id], [o].[Error], [o].[EventName], [o].[OccurredOn], [o].[Payload], [o].[ProcessedOn]
      FROM [OutboxEvents] AS [o]
      WHERE [o].[ProcessedOn] IS NULL
      ORDER BY [o].[OccurredOn]
info: Microsoft.EntityFrameworkCore.Database.Command[20101]
      Executed DbCommand (0ms) [Parameters=[@__p_0='?' (DbType = Int32)], CommandType='Text', CommandTimeout='30']
      SELECT TOP(@__p_0) [o].[Id], [o].[Error], [o].[EventName], [o].[OccurredOn], [o].[Payload], [o].[ProcessedOn]
      FROM [OutboxEvents] AS [o]
      WHERE [o].[ProcessedOn] IS NULL
      ORDER BY [o].[OccurredOn]
info: Microsoft.EntityFrameworkCore.Database.Command[20101]
      Executed DbCommand (0ms) [Parameters=[@__p_0='?' (DbType = Int32)], CommandType='Text', CommandTimeout='30']
      SELECT TOP(@__p_0) [o].[Id], [o].[Error], [o].[EventName], [o].[OccurredOn], [o].[Payload], [o].[ProcessedOn]
      FROM [OutboxEvents] AS [o]
      WHERE [o].[ProcessedOn] IS NULL
      ORDER BY [o].[OccurredOn]
info: Microsoft.EntityFrameworkCore.Database.Command[20101]
      Executed DbCommand (0ms) [Parameters=[@__p_0='?' (DbType = Int32)], CommandType='Text', CommandTimeout='30']
      SELECT TOP(@__p_0) [o].[Id], [o].[Error], [o].[EventName], [o].[OccurredOn], [o].[Payload], [o].[ProcessedOn]
      FROM [OutboxEvents] AS [o]
      WHERE [o].[ProcessedOn] IS NULL
      ORDER BY [o].[OccurredOn]
info: Microsoft.EntityFrameworkCore.Database.Command[20101]
      Executed DbCommand (0ms) [Parameters=[@__p_0='?' (DbType = Int32)], CommandType='Text', CommandTimeout='30']
      SELECT TOP(@__p_0) [o].[Id], [o].[Error], [o].[EventName], [o].[OccurredOn], [o].[Payload], [o].[ProcessedOn]
      FROM [OutboxEvents] AS [o]
      WHERE [o].[ProcessedOn] IS NULL
      ORDER BY [o].[OccurredOn]
info: Microsoft.EntityFrameworkCore.Database.Command[20101]
      Executed DbCommand (1ms) [Parameters=[@__p_0='?' (DbType = Int32)], CommandType='Text', CommandTimeout='30']
      SELECT TOP(@__p_0) [o].[Id], [o].[Error], [o].[EventName], [o].[OccurredOn], [o].[Payload], [o].[ProcessedOn]
      FROM [OutboxEvents] AS [o]
      WHERE [o].[ProcessedOn] IS NULL
      ORDER BY [o].[OccurredOn]
info: Microsoft.EntityFrameworkCore.Database.Command[20101]
      Executed DbCommand (0ms) [Parameters=[@__p_0='?' (DbType = Int32)], CommandType='Text', CommandTimeout='30']
      SELECT TOP(@__p_0) [o].[Id], [o].[Error], [o].[EventName], [o].[OccurredOn], [o].[Payload], [o].[ProcessedOn]
      FROM [OutboxEvents] AS [o]
      WHERE [o].[ProcessedOn] IS NULL
      ORDER BY [o].[OccurredOn]
info: Microsoft.EntityFrameworkCore.Database.Command[20101]
      Executed DbCommand (0ms) [Parameters=[@__p_0='?' (DbType = Int32)], CommandType='Text', CommandTimeout='30']
      SELECT TOP(@__p_0) [o].[Id], [o].[Error], [o].[EventName], [o].[OccurredOn], [o].[Payload], [o].[ProcessedOn]
      FROM [OutboxEvents] AS [o]
      WHERE [o].[ProcessedOn] IS NULL
      ORDER BY [o].[OccurredOn]
info: Microsoft.EntityFrameworkCore.Database.Command[20101]
      Executed DbCommand (0ms) [Parameters=[@__p_0='?' (DbType = Int32)], CommandType='Text', CommandTimeout='30']
      SELECT TOP(@__p_0) [o].[Id], [o].[Error], [o].[EventName], [o].[OccurredOn], [o].[Payload], [o].[ProcessedOn]
      FROM [OutboxEvents] AS [o]
      WHERE [o].[ProcessedOn] IS NULL
      ORDER BY [o].[OccurredOn]
info: Microsoft.EntityFrameworkCore.Database.Command[20101]
      Executed DbCommand (0ms) [Parameters=[@__p_0='?' (DbType = Int32)], CommandType='Text', CommandTimeout='30']
      SELECT TOP(@__p_0) [o].[Id], [o].[Error], [o].[EventName], [o].[OccurredOn], [o].[Payload], [o].[ProcessedOn]
      FROM [OutboxEvents] AS [o]
      WHERE [o].[ProcessedOn] IS NULL
      ORDER BY [o].[OccurredOn]
info: CinemaBooking.API.Services.Implementations.BookingService[0]
      Scanning for expired pending bookings created before 06/15/2026 07:21:27
info: Microsoft.EntityFrameworkCore.Database.Command[20101]
      Executed DbCommand (2ms) [Parameters=[@__threshold_0='?' (DbType = DateTime2)], CommandType='Text', CommandTimeout='30']
      SELECT [b].[BookingId], [b].[BookingCode], [b].[BookingStatus], [b].[CreatedAt], [b].[DiscountAmount], [b].[QRCodeUrl], [b].[RowVersion], [b].[ServiceFee], [b].[ShowtimeId], [b].[TotalAmount], [b].[UserId], [b0].[BookingSeatId], [b0].[BookingId], [b0].[SeatId], [b0].[UnitPrice]
      FROM [Bookings] AS [b]
      LEFT JOIN [BookingSeats] AS [b0] ON [b].[BookingId] = [b0].[BookingId]
      WHERE [b].[BookingStatus] = N'Pending' AND [b].[CreatedAt] < @__threshold_0
      ORDER BY [b].[BookingId]
info: Microsoft.EntityFrameworkCore.Database.Command[20101]
      Executed DbCommand (1ms) [Parameters=[@__p_0='?' (DbType = Int32)], CommandType='Text', CommandTimeout='30']
      SELECT TOP(@__p_0) [o].[Id], [o].[Error], [o].[EventName], [o].[OccurredOn], [o].[Payload], [o].[ProcessedOn]
      FROM [OutboxEvents] AS [o]
      WHERE [o].[ProcessedOn] IS NULL
      ORDER BY [o].[OccurredOn]
info: Microsoft.EntityFrameworkCore.Database.Command[20101]
      Executed DbCommand (0ms) [Parameters=[@__p_0='?' (DbType = Int32)], CommandType='Text', CommandTimeout='30']
      SELECT TOP(@__p_0) [o].[Id], [o].[Error], [o].[EventName], [o].[OccurredOn], [o].[Payload], [o].[ProcessedOn]
      FROM [OutboxEvents] AS [o]
      WHERE [o].[ProcessedOn] IS NULL
      ORDER BY [o].[OccurredOn]
info: Microsoft.EntityFrameworkCore.Database.Command[20101]
      Executed DbCommand (0ms) [Parameters=[@__p_0='?' (DbType = Int32)], CommandType='Text', CommandTimeout='30']
      SELECT TOP(@__p_0) [o].[Id], [o].[Error], [o].[EventName], [o].[OccurredOn], [o].[Payload], [o].[ProcessedOn]
      FROM [OutboxEvents] AS [o]
      WHERE [o].[ProcessedOn] IS NULL
      ORDER BY [o].[OccurredOn]
info: Microsoft.EntityFrameworkCore.Database.Command[20101]
      Executed DbCommand (0ms) [Parameters=[@__p_0='?' (DbType = Int32)], CommandType='Text', CommandTimeout='30']
      SELECT TOP(@__p_0) [o].[Id], [o].[Error], [o].[EventName], [o].[OccurredOn], [o].[Payload], [o].[ProcessedOn]
      FROM [OutboxEvents] AS [o]
      WHERE [o].[ProcessedOn] IS NULL
      ORDER BY [o].[OccurredOn]
info: Microsoft.EntityFrameworkCore.Database.Command[20101]
      Executed DbCommand (1ms) [Parameters=[@__p_0='?' (DbType = Int32)], CommandType='Text', CommandTimeout='30']
      SELECT TOP(@__p_0) [o].[Id], [o].[Error], [o].[EventName], [o].[OccurredOn], [o].[Payload], [o].[ProcessedOn]
      FROM [OutboxEvents] AS [o]
      WHERE [o].[ProcessedOn] IS NULL
      ORDER BY [o].[OccurredOn]
info: Microsoft.EntityFrameworkCore.Database.Command[20101]
      Executed DbCommand (1ms) [Parameters=[@__p_0='?' (DbType = Int32)], CommandType='Text', CommandTimeout='30']
      SELECT TOP(@__p_0) [o].[Id], [o].[Error], [o].[EventName], [o].[OccurredOn], [o].[Payload], [o].[ProcessedOn]
      FROM [OutboxEvents] AS [o]
      WHERE [o].[ProcessedOn] IS NULL
      ORDER BY [o].[OccurredOn]
info: Microsoft.EntityFrameworkCore.Database.Command[20101]
      Executed DbCommand (0ms) [Parameters=[@__p_0='?' (DbType = Int32)], CommandType='Text', CommandTimeout='30']
      SELECT TOP(@__p_0) [o].[Id], [o].[Error], [o].[EventName], [o].[OccurredOn], [o].[Payload], [o].[ProcessedOn]
      FROM [OutboxEvents] AS [o]
      WHERE [o].[ProcessedOn] IS NULL
      ORDER BY [o].[OccurredOn]
info: Microsoft.EntityFrameworkCore.Database.Command[20101]
      Executed DbCommand (1ms) [Parameters=[@__p_0='?' (DbType = Int32)], CommandType='Text', CommandTimeout='30']
      SELECT TOP(@__p_0) [o].[Id], [o].[Error], [o].[EventName], [o].[OccurredOn], [o].[Payload], [o].[ProcessedOn]
      FROM [OutboxEvents] AS [o]
      WHERE [o].[ProcessedOn] IS NULL
      ORDER BY [o].[OccurredOn]
info: Microsoft.EntityFrameworkCore.Database.Command[20101]
      Executed DbCommand (1ms) [Parameters=[@__p_0='?' (DbType = Int32)], CommandType='Text', CommandTimeout='30']
      SELECT TOP(@__p_0) [o].[Id], [o].[Error], [o].[EventName], [o].[OccurredOn], [o].[Payload], [o].[ProcessedOn]
      FROM [OutboxEvents] AS [o]
      WHERE [o].[ProcessedOn] IS NULL
      ORDER BY [o].[OccurredOn]
info: Microsoft.EntityFrameworkCore.Database.Command[20101]
      Executed DbCommand (1ms) [Parameters=[@__p_0='?' (DbType = Int32)], CommandType='Text', CommandTimeout='30']
      SELECT TOP(@__p_0) [o].[Id], [o].[Error], [o].[EventName], [o].[OccurredOn], [o].[Payload], [o].[ProcessedOn]
      FROM [OutboxEvents] AS [o]
      WHERE [o].[ProcessedOn] IS NULL
      ORDER BY [o].[OccurredOn]
info: Microsoft.EntityFrameworkCore.Database.Command[20101]
      Executed DbCommand (0ms) [Parameters=[@__p_0='?' (DbType = Int32)], CommandType='Text', CommandTimeout='30']
      SELECT TOP(@__p_0) [o].[Id], [o].[Error], [o].[EventName], [o].[OccurredOn], [o].[Payload], [o].[ProcessedOn]
      FROM [OutboxEvents] AS [o]
      WHERE [o].[ProcessedOn] IS NULL
      ORDER BY [o].[OccurredOn]
info: Microsoft.EntityFrameworkCore.Database.Command[20101]
      Executed DbCommand (0ms) [Parameters=[@__p_0='?' (DbType = Int32)], CommandType='Text', CommandTimeout='30']
      SELECT TOP(@__p_0) [o].[Id], [o].[Error], [o].[EventName], [o].[OccurredOn], [o].[Payload], [o].[ProcessedOn]
      FROM [OutboxEvents] AS [o]
      WHERE [o].[ProcessedOn] IS NULL
      ORDER BY [o].[OccurredOn]
info: Microsoft.EntityFrameworkCore.Database.Command[20101]
      Executed DbCommand (1ms) [Parameters=[@__p_0='?' (DbType = Int32)], CommandType='Text', CommandTimeout='30']
      SELECT TOP(@__p_0) [o].[Id], [o].[Error], [o].[EventName], [o].[OccurredOn], [o].[Payload], [o].[ProcessedOn]
      FROM [OutboxEvents] AS [o]
      WHERE [o].[ProcessedOn] IS NULL
      ORDER BY [o].[OccurredOn]
info: Microsoft.EntityFrameworkCore.Database.Command[20101]
      Executed DbCommand (0ms) [Parameters=[@__p_0='?' (DbType = Int32)], CommandType='Text', CommandTimeout='30']
      SELECT TOP(@__p_0) [o].[Id], [o].[Error], [o].[EventName], [o].[OccurredOn], [o].[Payload], [o].[ProcessedOn]
      FROM [OutboxEvents] AS [o]
      WHERE [o].[ProcessedOn] IS NULL
      ORDER BY [o].[OccurredOn]
info: Microsoft.EntityFrameworkCore.Database.Command[20101]
      Executed DbCommand (0ms) [Parameters=[@__p_0='?' (DbType = Int32)], CommandType='Text', CommandTimeout='30']
      SELECT TOP(@__p_0) [o].[Id], [o].[Error], [o].[EventName], [o].[OccurredOn], [o].[Payload], [o].[ProcessedOn]
      FROM [OutboxEvents] AS [o]
      WHERE [o].[ProcessedOn] IS NULL
      ORDER BY [o].[OccurredOn]
info: Microsoft.EntityFrameworkCore.Database.Command[20101]
      Executed DbCommand (0ms) [Parameters=[@__p_0='?' (DbType = Int32)], CommandType='Text', CommandTimeout='30']
      SELECT TOP(@__p_0) [o].[Id], [o].[Error], [o].[EventName], [o].[OccurredOn], [o].[Payload], [o].[ProcessedOn]
      FROM [OutboxEvents] AS [o]
      WHERE [o].[ProcessedOn] IS NULL
      ORDER BY [o].[OccurredOn]
info: Microsoft.EntityFrameworkCore.Database.Command[20101]
      Executed DbCommand (1ms) [Parameters=[@__p_0='?' (DbType = Int32)], CommandType='Text', CommandTimeout='30']
      SELECT TOP(@__p_0) [o].[Id], [o].[Error], [o].[EventName], [o].[OccurredOn], [o].[Payload], [o].[ProcessedOn]
      FROM [OutboxEvents] AS [o]
      WHERE [o].[ProcessedOn] IS NULL
      ORDER BY [o].[OccurredOn]
info: Microsoft.EntityFrameworkCore.Database.Command[20101]
      Executed DbCommand (1ms) [Parameters=[@__p_0='?' (DbType = Int32)], CommandType='Text', CommandTimeout='30']
      SELECT TOP(@__p_0) [o].[Id], [o].[Error], [o].[EventName], [o].[OccurredOn], [o].[Payload], [o].[ProcessedOn]
      FROM [OutboxEvents] AS [o]
      WHERE [o].[ProcessedOn] IS NULL
      ORDER BY [o].[OccurredOn]
